"Referência (texto)";"ID do catálogo";"Nome no aplicativo (PT-BR)";"Nome original (EN)";"Região";"Equipamento";"Alvo muscular do catálogo";"Músculos secundários";"Situação da animação";"Slug já reservado no projeto";"Pasta sugerida para entrega";"Instruções originais (EN)"
"EX-2297";"2297";"Abdominal (completo amplitude mãos atrás cabeça) na bola suíça";"stability ball crunch (full range hands behind head)";"Abdômen";"Bola de estabilidade";"Abdominais";"flexores do quadril";"Sem sprites; sem mapeamento de animação";"";"2297-stability-ball-crunch-full-range-hands-behind-head";"1. Sit on the stability ball with your feet flat on the ground and your knees bent at a 90-degree angle. | 2. Place your hands behind your head with your elbows pointing outwards. | 3. Engaging your abs, slowly curl your upper body forward, bringing your chest towards your knees. | 4. Pause for a moment at the top, then slowly lower your upper body back to the starting position. | 5. Repeat for the desired number of repetitions."
"EX-0267";"0267";"Abdominal (mãos acima da cabeça)";"crunch (hands overhead)";"Abdômen";"Peso corporal";"Abdominais";"flexores do quadril";"Sem sprites; sem mapeamento de animação";"";"0267-crunch-hands-overhead";"1. Lie flat on your back with your knees bent and feet flat on the ground. | 2. Extend your arms straight above your head. | 3. Engaging your abs, lift your upper body off the ground, curling forward towards your knees. | 4. Pause for a moment at the top, then slowly lower your upper body back down to the starting position. | 5. Repeat for the desired number of repetitions."
"EX-0272";"0272";"Abdominal (na bola suíça, braços estendido)";"crunch (on stability ball, arms straight)";"Abdômen";"Bola de estabilidade";"Abdominais";"flexores do quadril";"Sem sprites; sem mapeamento de animação";"";"0272-crunch-on-stability-ball-arms-straight";"1. Sit on the stability ball with your feet flat on the ground and your knees bent at a 90-degree angle. | 2. Lie back on the ball until your lower back is supported and your upper body is parallel to the floor. | 3. Place your hands behind your head or cross them over your chest. | 4. Engage your abs and lift your upper body off the ball, curling your shoulders towards your hips. | 5. Pause for a moment at the top, then slowly lower your upper body back down to the starting position. | 6. Repeat for the desired number of repetitions."
"EX-0271";"0271";"Abdominal (na bola suíça)";"crunch (on stability ball)";"Abdômen";"Bola de estabilidade";"Abdominais";"flexores do quadril";"Sem sprites; sem mapeamento de animação";"";"0271-crunch-on-stability-ball";"1. Sit on the stability ball with your feet flat on the ground and your knees bent at a 90-degree angle. | 2. Lie back on the ball until your lower back is supported and your upper body is parallel to the floor. | 3. Place your hands behind your head or across your chest. | 4. Engage your abs and lift your upper body towards your knees, curling your torso forward. | 5. Pause for a moment at the top of the movement, then slowly lower your upper body back down to the starting position. | 6. Repeat for the desired number of repetitions."
"EX-0001";"0001";"Abdominal 3/4";"3/4 sit-up";"Abdômen";"Peso corporal";"Abdominais";"flexores do quadril, região lombar";"Sem sprites; sem mapeamento de animação";"";"0001-3-4-sit-up";"1. Lie flat on your back with your knees bent and feet flat on the ground. | 2. Place your hands behind your head with your elbows pointing outwards. | 3. Engaging your abs, slowly lift your upper body off the ground, curling forward until your torso is at a 45-degree angle. | 4. Pause for a moment at the top, then slowly lower your upper body back down to the starting position. | 5. Repeat for the desired number of repetitions."
"EX-0840";"0840";"Abdominal acima da cabeça (na bola suíça) com peso adicional";"weighted overhead crunch (on stability ball)";"Abdômen";"Com carga";"Abdominais";"oblíquos, região lombar";"Sem sprites; sem mapeamento de animação";"";"0840-weighted-overhead-crunch-on-stability-ball";"1. Sit on a stability ball with your feet flat on the ground and your knees bent at a 90-degree angle. | 2. Hold a weight plate or dumbbell with both hands and extend your arms overhead. | 3. Engage your abs and slowly curl your torso forward, bringing your chest towards your knees. | 4. Pause for a moment at the top, then slowly lower your torso back to the starting position. | 5. Repeat for the desired number of repetitions."
"EX-0985";"0985";"Abdominal ajoelhado com rotação com faixa elástica";"band kneeling twisting crunch";"Abdômen";"Faixa elástica";"Abdominais";"oblíquos";"Sem sprites; sem mapeamento de animação";"";"0985-band-kneeling-twisting-crunch";"1. Attach the band to a sturdy anchor point at waist height. | 2. Kneel down facing away from the anchor point and hold the band with both hands, keeping your elbows bent and close to your sides. | 3. Engage your abs and slowly twist your torso to one side, bringing your hands towards your opposite hip. | 4. Pause for a moment, then slowly return to the starting position. | 5. Repeat on the other side. | 6. Continue alternating sides for the desired number of repetitions."
"EX-1758";"1758";"Abdominal assistido";"assisted sit-up";"Abdômen";"Assistido";"Abdominais";"flexores do quadril";"Sem sprites; sem mapeamento de animação";"";"1758-assisted-sit-up";"1. Sit on the edge of a bench or have someone hold your feet down. | 2. Lie flat on your back with your knees bent and feet flat on the ground. | 3. Place your hands behind your head with your elbows pointing outwards. | 4. Engaging your abs, slowly lift your upper body off the ground, curling forward until your torso is at a 45-degree angle. | 5. Pause for a moment at the top, then slowly lower your upper body back down to the starting position. | 6. Repeat for the desired number of repetitions."
"EX-0972";"0972";"Abdominal bicicleta com faixa elástica";"band bicycle crunch";"Abdômen";"Faixa elástica";"Abdominais";"flexores do quadril, oblíquos";"Sem sprites; sem mapeamento de animação";"";"0972-band-bicycle-crunch";"1. Lie flat on your back with your hands behind your head and your knees bent. | 2. Lift your feet off the ground and bring your right knee towards your chest while simultaneously twisting your torso to bring your left elbow towards your right knee. | 3. Straighten your right leg while bringing your left knee towards your chest and twisting your torso to bring your right elbow towards your left knee. | 4. Continue alternating the twisting motion, as if you are pedaling a bicycle, while keeping your core engaged throughout the movement. | 5. Repeat for the desired number of repetitions."
"EX-0507";"0507";"Abdominal canivete";"jackknife sit-up";"Abdômen";"Peso corporal";"Abdominais";"flexores do quadril";"Sem sprites; sem mapeamento de animação";"";"0507-jackknife-sit-up";"1. Lie flat on your back with your legs extended and your arms overhead. | 2. Engage your core and lift your legs and upper body simultaneously, reaching your hands towards your toes. | 3. Pause for a moment at the top, then slowly lower your legs and upper body back down to the starting position. | 4. Repeat for the desired number of repetitions."
"EX-0981";"0981";"Abdominal canivete com faixa elástica";"band jack knife sit-up";"Abdômen";"Faixa elástica";"Abdominais";"flexores do quadril";"Sem sprites; sem mapeamento de animação";"";"0981-band-jack-knife-sit-up";"1. Lie flat on your back with your legs straight and your arms extended overhead, holding the band. | 2. Engage your abs and lift your legs and upper body simultaneously, bringing your hands towards your feet. | 3. Pause for a moment at the top, then slowly lower your legs and upper body back down to the starting position. | 4. Repeat for the desired number of repetitions."
"EX-3679";"3679";"Abdominal com braços no peitoral";"sit-up with arms on chest";"Abdômen";"Peso corporal";"Abdominais";"flexores do quadril";"Sem sprites; sem mapeamento de animação";"";"3679-sit-up-with-arms-on-chest";"1. Lie flat on your back with your knees bent and feet flat on the ground. | 2. Cross your arms over your chest. | 3. Engaging your abs, lift your upper body off the ground towards your knees. | 4. Pause for a moment at the top, then slowly lower your upper body back down to the starting position. | 5. Repeat for the desired number of repetitions."
"EX-0457";"0457";"Abdominal com pernas flexionadas e braços estendidos";"flexion leg sit up (straight arm)";"Abdômen";"Peso corporal";"Abdominais";"flexores do quadril, quadríceps";"Sem sprites; sem mapeamento de animação";"";"0457-flexion-leg-sit-up-straight-arm";"1. Lie flat on your back with your legs extended and arms straight above your head. | 2. Engaging your abs, lift your upper body off the ground while simultaneously lifting your legs towards your chest. | 3. Reach your hands towards your toes as you lift your upper body and legs. | 4. Pause for a moment at the top, then slowly lower your upper body and legs back down to the starting position. | 5. Repeat for the desired number of repetitions."
"EX-3204";"3204";"Abdominal completo com braços acima da cabeça (masculino)";"arms overhead full sit-up (male)";"Abdômen";"Peso corporal";"Abdominais";"flexores do quadril, região lombar";"Sem sprites; sem mapeamento de animação";"";"3204-arms-overhead-full-sit-up-male";"1. Lie flat on your back with your knees bent and feet flat on the ground. | 2. Extend your arms overhead, keeping them straight. | 3. Engaging your abs, slowly lift your upper body off the ground, curling forward until your torso is upright. | 4. Pause for a moment at the top, then slowly lower your upper body back down to the starting position. | 5. Repeat for the desired number of repetitions."
"EX-0262";"0262";"Abdominal cruzado corpo";"cross body crunch";"Abdômen";"Peso corporal";"Abdominais";"oblíquos";"Sem sprites; sem mapeamento de animação";"";"0262-cross-body-crunch";"1. Lie flat on your back with your knees bent and feet flat on the ground. | 2. Place your hands behind your head with your elbows pointing outwards. | 3. Engaging your abs, lift your upper body off the ground and twist to bring your right elbow towards your left knee. | 4. Pause for a moment at the top, then slowly lower your upper body back down to the starting position. | 5. Repeat on the other side, bringing your left elbow towards your right knee. | 6. Repeat for the desired number of repetitions."
"EX-0277";"0277";"Abdominal declinado";"decline crunch";"Abdômen";"Peso corporal";"Abdominais";"flexores do quadril";"Sem sprites; sem mapeamento de animação";"";"0277-decline-crunch";"1. Lie on a decline bench with your feet secured and your knees bent at a 90-degree angle. | 2. Place your hands behind your head or across your chest. | 3. Engage your abs and lift your upper body towards your knees, curling your torso. | 4. Pause for a moment at the top, then slowly lower your upper body back down to the starting position. | 5. Repeat for the desired number of repetitions."
"EX-3670";"3670";"Abdominal declinado com peso adicional";"weighted decline sit-up";"Abdômen";"Com carga";"Abdominais";"flexores do quadril, região lombar";"Sem sprites; sem mapeamento de animação";"";"3670-weighted-decline-sit-up";"1. Lie flat on a decline bench with your feet secured under the foot pads. | 2. Place your hands behind your head or across your chest. | 3. Engage your abs and slowly lift your upper body off the bench, curling forward until your torso is perpendicular to the ground. | 4. Pause for a moment at the top, then slowly lower your upper body back down to the starting position. | 5. Repeat for the desired number of repetitions."
"EX-0071";"0071";"Abdominal desenvolvimento com barra";"barbell press sit-up";"Abdômen";"Barra";"Abdominais";"ombros, peito";"Sem sprites; sem mapeamento de animação";"";"0071-barbell-press-sit-up";"1. Lie flat on your back on a mat with your knees bent and feet flat on the ground. | 2. Hold the barbell with an overhand grip, resting it on your chest. | 3. Engaging your abs, slowly lift your upper body off the ground, curling forward until your torso is at a 45-degree angle. | 4. Pause for a moment at the top, then slowly lower your upper body back down to the starting position. | 5. Repeat for the desired number of repetitions."
"EX-0874";"0874";"Abdominal em pé (com corda) no cabo";"cable standing crunch (with rope attachment)";"Abdômen";"Cabo";"Abdominais";"oblíquos";"Sem sprites; sem mapeamento de animação";"";"0874-cable-standing-crunch-with-rope-attachment";"1. Attach a rope to a cable machine at chest height. | 2. Stand facing away from the machine with your feet shoulder-width apart. | 3. Hold the rope with both hands and bring it behind your head, keeping your elbows bent. | 4. Engage your abs and slowly crunch your torso forward, bringing your elbows towards your knees. | 5. Pause for a moment at the top of the crunch, then slowly return to the starting position. | 6. Repeat for the desired number of repetitions."
"EX-1005";"1005";"Abdominal em pé com faixa elástica";"band standing crunch";"Abdômen";"Faixa elástica";"Abdominais";"oblíquos";"Sem sprites; sem mapeamento de animação";"";"1005-band-standing-crunch";"1. Attach the band to a sturdy anchor point at waist height. | 2. Stand facing away from the anchor point with your feet shoulder-width apart. | 3. Hold the band with both hands and bring it up to your chest, keeping your elbows bent and close to your body. | 4. Engage your abs and slowly crunch forward, bringing your chest towards your knees. | 5. Pause for a moment at the top of the crunch, then slowly return to the starting position. | 6. Repeat for the desired number of repetitions."
"EX-1007";"1007";"Abdominal em pé com rotação com faixa elástica";"band standing twisting crunch";"Abdômen";"Faixa elástica";"Abdominais";"oblíquos";"Sem sprites; sem mapeamento de animação";"";"1007-band-standing-twisting-crunch";"1. Stand with your feet shoulder-width apart and place the band around your upper back, crossing it in front of your chest. | 2. Hold the ends of the band with your hands, keeping your elbows bent and close to your sides. | 3. Engage your abs and twist your torso to one side, bringing your elbow towards the opposite knee. | 4. Pause for a moment, then return to the starting position. | 5. Repeat on the other side. | 6. Continue alternating sides for the desired number of repetitions."
"EX-0226";"0226";"Abdominal em pé no cabo";"cable standing crunch";"Abdômen";"Cabo";"Abdominais";"oblíquos";"Sem sprites; sem mapeamento de animação";"";"0226-cable-standing-crunch";"1. Attach a cable handle to a high pulley and stand facing away from the machine. | 2. Hold the handle with both hands and place it behind your head, keeping your elbows bent. | 3. Stand with your feet shoulder-width apart and your knees slightly bent. | 4. Keeping your abs engaged, exhale and crunch your torso down towards your knees, bringing your elbows towards your thighs. | 5. Pause for a moment at the bottom of the movement, then slowly return to the starting position. | 6. Repeat for the desired number of repetitions."
"EX-0969";"0969";"Abdominal em V alternado com faixa elástica";"band alternating v-up";"Abdômen";"Faixa elástica";"Abdominais";"flexores do quadril";"Sem sprites; sem mapeamento de animação";"";"0969-band-alternating-v-up";"1. Lie flat on your back with your legs straight and your arms extended overhead, holding the band. | 2. Engage your abs and lift your legs and upper body off the ground simultaneously, reaching your hands towards your toes. | 3. As you lower your legs and upper body back down, switch the position of your legs, crossing one over the other. | 4. Repeat the movement, alternating the position of your legs with each repetition. | 5. Continue for the desired number of repetitions."
"EX-0992";"0992";"Abdominal empurrada com faixa elástica";"band push sit-up";"Abdômen";"Faixa elástica";"Abdominais";"ombros, peito";"Sem sprites; sem mapeamento de animação";"";"0992-band-push-sit-up";"1. Attach the band securely to a stable anchor point. | 2. Lie flat on your back with your knees bent and feet flat on the ground. | 3. Hold the band with both hands and extend your arms straight up towards the ceiling. | 4. Engaging your abs, slowly lift your upper body off the ground, curling forward until your torso is at a 45-degree angle. | 5. Pause for a moment at the top, then slowly lower your upper body back down to the starting position. | 6. Repeat for the desired number of repetitions."
"EX-0871";"0871";"Abdominal encolhido";"tuck crunch";"Abdômen";"Peso corporal";"Abdominais";"flexores do quadril";"Sem sprites; sem mapeamento de animação";"";"0871-tuck-crunch";"1. Lie flat on your back with your knees bent and feet flat on the ground. | 2. Place your hands behind your head with your elbows pointing outwards. | 3. Engaging your abs, lift your shoulder blades off the ground and bring your knees towards your chest, simultaneously curling your upper body towards your knees. | 4. Pause for a moment at the top, then slowly lower your shoulder blades and extend your legs back to the starting position. | 5. Repeat for the desired number of repetitions."
"EX-0242";"0242";"Abdominal encolhido invertido no cabo";"cable tuck reverse crunch";"Abdômen";"Cabo";"Abdominais";"flexores do quadril";"Sem sprites; sem mapeamento de animação";"";"0242-cable-tuck-reverse-crunch";"1. Attach a cable to a low pulley and lie down on a mat facing up. | 2. Hold the cable with both hands and extend your arms straight up above your chest. | 3. Bend your knees and lift your legs up, bringing your knees towards your chest. | 4. At the same time, curl your pelvis up towards your chest, lifting your hips off the ground. | 5. Pause for a moment at the top, then slowly lower your legs and hips back down to the starting position. | 6. Repeat for the desired number of repetitions."
"EX-0221";"0221";"Abdominal flexão lateral (bosu bola) no cabo";"cable side bend crunch (bosu ball)";"Abdômen";"Cabo";"Abdominais";"oblíquos";"Sem sprites; sem mapeamento de animação";"";"0221-cable-side-bend-crunch-bosu-ball";"1. Stand with your feet shoulder-width apart, holding a cable handle in one hand. | 2. Place the other hand on your hip. | 3. Engage your core and slowly bend sideways towards the hand holding the cable, keeping your back straight. | 4. Pause for a moment at the bottom of the movement, then slowly return to the starting position. | 5. Repeat for the desired number of repetitions, then switch sides."
"EX-0456";"0456";"Abdominal flexão perna (com joelhos flexionados)";"flexion leg sit up (bent knee)";"Abdômen";"Peso corporal";"Abdominais";"flexores do quadril";"Sem sprites; sem mapeamento de animação";"";"0456-flexion-leg-sit-up-bent-knee";"1. Lie flat on your back with your knees bent and feet flat on the ground. | 2. Place your hands behind your head with your elbows pointing outwards. | 3. Engaging your abs, slowly lift your upper body off the ground, curling forward until your torso is at a 45-degree angle. | 4. At the same time, lift your legs off the ground, bending your knees and bringing them towards your chest. | 5. Pause for a moment at the top, then slowly lower your upper body and legs back down to the starting position. | 6. Repeat for the desired number of repetitions."
"EX-0495";"0495";"Abdominal inclinado com rotação";"incline twisting sit-up";"Abdômen";"Peso corporal";"Abdominais";"oblíquos";"Sem sprites; sem mapeamento de animação";"";"0495-incline-twisting-sit-up";"1. Set up an incline bench at a 45-degree angle. | 2. Lie down on the bench with your feet secured under the foot pads. | 3. Place your hands behind your head or across your chest. | 4. Engage your abs and lift your upper body off the bench, curling forward. | 5. As you curl up, twist your torso to one side, bringing your elbow towards the opposite knee. | 6. Pause for a moment at the top, then slowly lower your upper body back down to the starting position. | 7. Repeat the movement, this time twisting your torso to the other side. | 8. Continue alternating sides for the desired number of repetitions."
"EX-0873";"0873";"Abdominal invertido no cabo";"cable reverse crunch";"Abdômen";"Cabo";"Abdominais";"flexores do quadril";"Sem sprites; sem mapeamento de animação";"";"0873-cable-reverse-crunch";"1. Attach a cable to a low pulley and lie down facing up on a mat. | 2. Hold the cable with both hands and extend your arms straight up towards the ceiling. | 3. Bend your knees and lift your legs up, bringing your thighs towards your chest. | 4. While keeping your upper body stable, curl your pelvis up towards your chest, lifting your hips off the mat. | 5. Pause for a moment at the top, then slowly lower your hips back down to the starting position. | 6. Repeat for the desired number of repetitions."
"EX-0508";"0508";"Abdominal janda";"janda sit-up";"Abdômen";"Peso corporal";"Abdominais";"flexores do quadril, região lombar";"Sem sprites; sem mapeamento de animação";"";"0508-janda-sit-up";"1. Lie flat on your back with your knees bent and feet flat on the ground. | 2. Place your hands behind your head with your elbows pointing outwards. | 3. Engaging your abs, slowly lift your upper body off the ground, curling forward until your torso is at a 45-degree angle. | 4. Pause for a moment at the top, then slowly lower your upper body back down to the starting position. | 5. Repeat for the desired number of repetitions."
"EX-3640";"3640";"Abdominal joelho toque";"knee touch crunch";"Abdômen";"Peso corporal";"Abdominais";"flexores do quadril";"Sem sprites; sem mapeamento de animação";"";"3640-knee-touch-crunch";"1. Lie flat on your back with your knees bent and feet flat on the ground. | 2. Place your hands behind your head with your elbows pointing outwards. | 3. Engaging your abs, lift your shoulder blades off the ground and reach your right hand towards your left knee. | 4. Return to the starting position and repeat, this time reaching your left hand towards your right knee. | 5. Continue alternating sides for the desired number of repetitions."
"EX-0223";"0223";"Abdominal lateral no cabo";"cable side crunch";"Abdômen";"Cabo";"Abdominais";"oblíquos";"Sem sprites; sem mapeamento de animação";"";"0223-cable-side-crunch";"1. Attach a cable handle to a low pulley and stand sideways to the machine. | 2. Grasp the handle with the hand furthest from the machine and place your other hand on your hip. | 3. Keep your feet shoulder-width apart and your knees slightly bent. | 4. With your abs engaged, bend sideways at the waist, bringing your elbow down towards your hip. | 5. Pause for a moment at the bottom, then slowly return to the starting position. | 6. Repeat for the desired number of repetitions, then switch sides."
"EX-0691";"0691";"Abdominal lateral sentado na parede";"seated side crunch (wall)";"Abdômen";"Peso corporal";"Abdominais";"oblíquos";"Sem sprites; sem mapeamento de animação";"";"0691-seated-side-crunch-wall";"1. Sit on the floor with your back against a wall and your legs extended in front of you. | 2. Bend your knees and place your feet flat on the floor, hip-width apart. | 3. Place your hands behind your head with your elbows pointing outwards. | 4. Engage your abs and lean to one side, bringing your elbow towards your hip. | 5. Pause for a moment, then return to the starting position. | 6. Repeat on the other side. | 7. Continue alternating sides for the desired number of repetitions."
"EX-3202";"3202";"Abdominal meio (masculino)";"half sit-up (male)";"Abdômen";"Peso corporal";"Abdominais";"flexores do quadril";"Sem sprites; sem mapeamento de animação";"";"3202-half-sit-up-male";"1. Lie flat on your back with your knees bent and feet flat on the ground. | 2. Place your hands behind your head with your elbows pointing outwards. | 3. Engaging your abs, slowly lift your upper body off the ground, curling forward until your torso is at a 45-degree angle. | 4. Pause for a moment at the top, then slowly lower your upper body back down to the starting position. | 5. Repeat for the desired number of repetitions."
"EX-0634";"0634";"Abdominal negativo";"negative crunch";"Abdômen";"Peso corporal";"Abdominais";"flexores do quadril";"Sem sprites; sem mapeamento de animação";"";"0634-negative-crunch";"1. Lie flat on your back with your knees bent and feet flat on the ground. | 2. Place your hands behind your head with your elbows pointing outwards. | 3. Engaging your abs, slowly lift your upper body off the ground, curling forward until your torso is at a 45-degree angle. | 4. Pause for a moment at the top, then slowly lower your upper body back down to the starting position. | 5. Repeat for the desired number of repetitions."
"EX-1495";"1495";"Abdominal oblíquo versão 2";"oblique crunch v. 2";"Abdômen";"Peso corporal";"Abdominais";"oblíquos";"Sem sprites; sem mapeamento de animação";"";"1495-oblique-crunch-v-2";"1. Lie on your back with your knees bent and feet flat on the ground. | 2. Place your hands behind your head or cross them over your chest. | 3. Engage your abs and lift your shoulder blades off the ground, rotating your torso to one side. | 4. Pause for a moment, then lower your shoulder blades back down to the starting position. | 5. Repeat on the other side. | 6. Continue alternating sides for the desired number of repetitions."
"EX-3203";"3203";"Abdominal prisioneiro meio (masculino)";"prisoner half sit-up (male)";"Abdômen";"Peso corporal";"Abdominais";"flexores do quadril";"Sem sprites; sem mapeamento de animação";"";"3203-prisoner-half-sit-up-male";"1. Lie flat on your back with your knees bent and feet flat on the ground. | 2. Place your hands behind your head with your elbows pointing outwards. | 3. Engaging your abs, slowly lift your upper body off the ground, curling forward until your torso is at a 45-degree angle. | 4. Pause for a moment at the top, then slowly lower your upper body back down to the starting position. | 5. Repeat for the desired number of repetitions."
"EX-3201";"3201";"Abdominal quarto";"quarter sit-up";"Abdômen";"Peso corporal";"Abdominais";"flexores do quadril";"Sem sprites; sem mapeamento de animação";"";"3201-quarter-sit-up";"1. Lie flat on your back with your knees bent and feet flat on the ground. | 2. Place your hands behind your head with your elbows pointing outwards. | 3. Engaging your abs, slowly lift your upper body off the ground, curling forward until your torso is at a 45-degree angle. | 4. Pause for a moment at the top, then slowly lower your upper body back down to the starting position. | 5. Repeat for the desired number of repetitions."
"EX-2206";"2206";"Abdominal rolo invertido";"roller reverse crunch";"Abdômen";"Rolo";"Abdominais";"flexores do quadril";"Sem sprites; sem mapeamento de animação";"";"2206-roller-reverse-crunch";"1. Lie flat on your back with your arms extended straight above your head and your legs straight out in front of you. | 2. Place the roller between your feet and grip it with your toes. | 3. Engaging your abs, lift your legs off the ground and curl your knees towards your chest, rolling the roller towards your body. | 4. Pause for a moment at the top, then slowly lower your legs back down to the starting position, rolling the roller away from your body. | 5. Repeat for the desired number of repetitions."
"EX-2429";"2429";"Abdominal sapo";"frog crunch";"Abdômen";"Peso corporal";"Abdominais";"flexores do quadril";"Sem sprites; sem mapeamento de animação";"";"2429-frog-crunch";"1. Lie flat on your back with your knees bent and feet flat on the ground. | 2. Place your hands behind your head with your elbows pointing outwards. | 3. Engaging your abs, lift your upper body off the ground, curling forward until your torso is at a 45-degree angle. | 4. Pause for a moment at the top, then slowly lower your upper body back down to the starting position. | 5. Repeat for the desired number of repetitions."
"EX-0595";"0595";"Abdominal sentado (peitoral apoio) na máquina articulada";"lever seated crunch (chest pad)";"Abdômen";"Máquina articulada";"Abdominais";"oblíquos";"Sem sprites; sem mapeamento de animação";"";"0595-lever-seated-crunch-chest-pad";"1. Adjust the seat height and chest pad position according to your comfort. | 2. Sit on the machine with your back against the chest pad and your feet flat on the floor. | 3. Grasp the handles or side bars for stability. | 4. Engage your abs and slowly lean back, allowing the chest pad to move with you. | 5. Pause for a moment at the maximum contraction, feeling the tension in your abs. | 6. Slowly return to the starting position by contracting your abs and pulling yourself back up. | 7. Repeat for the desired number of repetitions."
"EX-1452";"1452";"Abdominal sentado na máquina articulada";"lever seated crunch";"Abdômen";"Máquina articulada";"Abdominais";"oblíquos";"Sem sprites; sem mapeamento de animação";"";"1452-lever-seated-crunch";"1. Sit on the leverage machine with your back against the pad and your feet flat on the floor. | 2. Grasp the handles or place your hands on the side pads for support. | 3. Engage your abs and slowly lean back, allowing the pad to move with you. | 4. Once your upper body is at a 45-degree angle, contract your abs and crunch forward, bringing your chest towards your knees. | 5. Pause for a moment at the top, then slowly release and return to the starting position. | 6. Repeat for the desired number of repetitions."
"EX-0212";"0212";"Abdominal sentado no cabo";"cable seated crunch";"Abdômen";"Cabo";"Abdominais";"oblíquos";"Sem sprites; sem mapeamento de animação";"";"0212-cable-seated-crunch";"1. Sit on a cable machine with your feet flat on the ground and your knees bent. | 2. Hold the cable handle with both hands and position it behind your head. | 3. Engage your abs and slowly curl your upper body forward, bringing your chest towards your knees. | 4. Pause for a moment at the top, then slowly return to the starting position. | 5. Repeat for the desired number of repetitions."
"EX-3760";"3760";"Abdominal sentado versão 2 na máquina articulada";"lever seated crunch v. 2";"Abdômen";"Máquina articulada";"Abdominais";"oblíquos, flexores do quadril";"Sem sprites; sem mapeamento de animação";"";"3760-lever-seated-crunch-v-2";"1. Sit on the leverage machine with your back against the pad and your feet secured under the footpads. | 2. Place your hands on the handles or the sides of the seat for support. | 3. Engage your abs and slowly crunch forward, bringing your chest towards your knees. | 4. Pause for a moment at the top of the movement, squeezing your abs. | 5. Slowly return to the starting position, allowing your back to round slightly. | 6. Repeat for the desired number of repetitions."
"EX-0807";"0807";"Abdominal suspenso invertido";"suspended reverse crunch";"Abdômen";"Peso corporal";"Abdominais";"flexores do quadril";"Sem sprites; sem mapeamento de animação";"";"0807-suspended-reverse-crunch";"1. Hang from a pull-up bar with your arms fully extended and your palms facing away from you. | 2. Engage your core and lift your knees up towards your chest, curling your pelvis towards your ribcage. | 3. Pause for a moment at the top, then slowly lower your knees back down to the starting position. | 4. Repeat for the desired number of repetitions."
"EX-0735";"0735";"Abdominal versão 2";"sit-up v. 2";"Abdômen";"Peso corporal";"Abdominais";"flexores do quadril";"Sem sprites; sem mapeamento de animação";"";"0735-sit-up-v-2";"1. Lie flat on your back with your knees bent and feet flat on the ground. | 2. Place your hands behind your head with your elbows pointing outwards. | 3. Engaging your abs, slowly lift your upper body off the ground, curling forward until your torso is at a 45-degree angle. | 4. Pause for a moment at the top, then slowly lower your upper body back down to the starting position. | 5. Repeat for the desired number of repetitions."
"EX-0469";"0469";"Abdominal virilha";"groin crunch";"Abdômen";"Peso corporal";"Abdominais";"flexores do quadril, interior das coxas";"Sem sprites; sem mapeamento de animação";"";"0469-groin-crunch";"1. Lie flat on your back with your knees bent and feet flat on the ground. | 2. Place your hands behind your head with your elbows pointing outwards. | 3. Engaging your abs, lift your legs off the ground, bringing your knees towards your chest. | 4. Pause for a moment at the top, then slowly lower your legs back down to the starting position. | 5. Repeat for the desired number of repetitions."
"EX-3314";"3314";"Afastado maltese";"straddle maltese";"Abdômen";"Peso corporal";"Abdominais";"ombros, peito";"Sem sprites; sem mapeamento de animação";"";"3314-straddle-maltese";"1. Start by hanging from a pair of rings with your arms fully extended and your body in a straight line. | 2. Spread your legs wide apart, forming a straddle position. | 3. Engage your core and slowly lower your body until your arms are parallel to the ground. | 4. Hold this position for a few seconds, then push yourself back up to the starting position. | 5. Repeat for the desired number of repetitions."
"EX-3298";"3298";"Afastado planche";"straddle planche";"Abdômen";"Peso corporal";"Abdominais";"ombros, tríceps, peito";"Sem sprites; sem mapeamento de animação";"";"3298-straddle-planche";"1. Start in a push-up position with your hands shoulder-width apart and your feet spread wide apart. | 2. Engage your core and slowly shift your weight forward, bringing your shoulders over your hands. | 3. Bend your elbows and lower your body towards the ground, keeping your elbows close to your sides. | 4. Pause for a moment at the bottom, then push through your hands to straighten your arms and lift your body back up to the starting position. | 5. Repeat for the desired number of repetitions."
"EX-3119";"3119";"Agachamento profundo";"potty squat";"Abdômen";"Peso corporal";"Abdominais";"quadríceps, glúteos";"Sem sprites; sem mapeamento de animação";"";"3119-potty-squat";"1. Stand with your feet shoulder-width apart, toes pointing slightly outward. | 2. Lower your body down by bending your knees and pushing your hips back as if you were sitting on a chair. | 3. Keep your chest up and your back straight throughout the movement. | 4. Lower yourself until your thighs are parallel to the ground or as low as you can comfortably go. | 5. Pause for a moment at the bottom, then push through your heels to return to the starting position. | 6. Repeat for the desired number of repetitions."
"EX-1714";"1714";"Alongamento assistido do reto femoral em decúbito ventral";"assisted prone rectus femoris stretch";"Abdômen";"Assistido";"Abdominais";"quadríceps";"Sem sprites; sem mapeamento de animação";"";"1714-assisted-prone-rectus-femoris-stretch";"1. Lie face down on the ground with your legs straight. | 2. Bend your right knee and reach back with your right hand to grab your right foot or ankle. | 3. Gently pull your right foot or ankle towards your glutes, feeling a stretch in the front of your right thigh. | 4. Hold the stretch for 20-30 seconds. | 5. Release and repeat on the other side."
"EX-1688";"1688";"Avanço com rotação";"lunge with twist";"Abdômen";"Peso corporal";"Abdominais";"quadríceps, glúteos, isquiotibiais";"Sem sprites; sem mapeamento de animação";"";"1688-lunge-with-twist";"1. Start by standing with your feet shoulder-width apart. | 2. Take a step forward with your right foot, lowering your body into a lunge position. | 3. As you lunge, twist your torso to the right, bringing your left elbow towards your right knee. | 4. Pause for a moment, then return to the starting position. | 5. Repeat on the other side, stepping forward with your left foot and twisting your torso to the left. | 6. Continue alternating sides for the desired number of repetitions."
"EX-3303";"3303";"Bandeira";"flag";"Abdômen";"Peso corporal";"Abdominais";"oblíquos, ombros";"Sem sprites; sem mapeamento de animação";"";"3303-flag";"1. Start by gripping a vertical pole with both hands, palms facing each other, and arms fully extended. | 2. Engage your core and lift your legs off the ground, keeping them straight. | 3. Using your core and upper body strength, raise your legs until they are parallel to the ground. | 4. Hold this position for as long as you can, maintaining a straight body line. | 5. Slowly lower your legs back down to the starting position. | 6. Repeat for the desired number of repetitions."
"EX-3698";"3698";"Caminhada com as mãos versão 2";"inchworm v. 2";"Abdômen";"Peso corporal";"Abdominais";"ombros, isquiotibiais";"Sem sprites; sem mapeamento de animação";"";"3698-inchworm-v-2";"1. Start in a standing position with your feet hip-width apart. | 2. Bend forward at the waist and place your hands on the ground in front of you. | 3. Walk your hands forward until you are in a high plank position, with your body in a straight line from head to toe. | 4. Keeping your legs straight, walk your feet towards your hands, bringing your hips up towards the ceiling. | 5. Continue walking your hands forward, repeating the movement for the desired number of repetitions."
"EX-0260";"0260";"Casulo";"cocoons";"Abdômen";"Peso corporal";"Abdominais";"flexores do quadril, região lombar";"Sem sprites; sem mapeamento de animação";"";"0260-cocoons";"1. Lie flat on your back with your knees bent and feet flat on the ground. | 2. Place your hands behind your head with your elbows pointing outwards. | 3. Engaging your abs, slowly lift your upper body off the ground, curling forward until your torso is at a 45-degree angle. | 4. Pause for a moment at the top, then slowly lower your upper body back down to the starting position. | 5. Repeat for the desired number of repetitions."
"EX-0138";"0138";"Com um base para cima";"bottoms-up";"Abdômen";"Peso corporal";"Abdominais";"oblíquos, flexores do quadril";"Sem sprites; sem mapeamento de animação";"";"0138-bottoms-up";"1. Lie flat on your back with your legs extended and your arms by your sides. | 2. Bend your knees and bring them towards your chest, keeping your feet off the ground. | 3. Engaging your abs, lift your hips off the ground, bringing your knees towards your head. | 4. Pause for a moment at the top, then slowly lower your hips back down to the starting position. | 5. Repeat for the desired number of repetitions."
"EX-3315";"3315";"Completo maltese";"full maltese";"Abdômen";"Peso corporal";"Abdominais";"ombros, peito";"Sem sprites; sem mapeamento de animação";"";"3315-full-maltese";"1. Start by standing with your feet shoulder-width apart and your arms extended straight out to the sides. | 2. Slowly lean forward, keeping your arms straight, until your upper body is parallel to the ground. | 3. Engage your core and hold this position for a few seconds. | 4. Return to the starting position by pushing through your feet and standing back up. | 5. Repeat for the desired number of repetitions."
"EX-3299";"3299";"Completo planche";"full planche";"Abdômen";"Peso corporal";"Abdominais";"ombros, peito, tríceps";"Sem sprites; sem mapeamento de animação";"";"3299-full-planche";"1. Start in a push-up position with your hands shoulder-width apart and your fingers pointing forward. | 2. Engage your core and slowly shift your weight forward, lifting your feet off the ground. | 3. Continue shifting your weight forward until your body is parallel to the ground, balancing on your hands. | 4. Hold this position for as long as you can, maintaining a straight body line. | 5. Slowly lower your feet back to the ground and return to the starting position. | 6. Repeat for the desired number of repetitions."
"EX-0443";"0443";"Cotovelo até joelho";"elbow-to-knee";"Abdômen";"Peso corporal";"Abdominais";"oblíquos";"Sem sprites; sem mapeamento de animação";"";"0443-elbow-to-knee";"1. Start by lying flat on your back with your knees bent and feet flat on the ground. | 2. Place your hands behind your head with your elbows pointing outwards. | 3. Engage your abs and lift your upper body off the ground, bringing your right elbow towards your left knee. | 4. At the same time, bring your left knee towards your right elbow, creating a twisting motion. | 5. Pause for a moment at the top, then slowly lower your upper body and extend your legs back to the starting position. | 6. Repeat the movement, this time bringing your left elbow towards your right knee and your right knee towards your left elbow. | 7. Continue alternating sides for the desired number of repetitions."
"EX-2312";"2312";"Deitado cotovelo até joelho";"lying elbow to knee";"Abdômen";"Peso corporal";"Abdominais";"flexores do quadril, região lombar";"Sem sprites; sem mapeamento de animação";"";"2312-lying-elbow-to-knee";"1. Lie flat on your back with your knees bent and feet flat on the ground. | 2. Place your hands behind your head with your elbows pointing outwards. | 3. Engage your abs and lift your upper body off the ground, bringing your right elbow towards your left knee. | 4. At the same time, extend your right leg straight out and lift it off the ground. | 5. Pause for a moment, then return to the starting position. | 6. Repeat the movement, this time bringing your left elbow towards your right knee and extending your left leg. | 7. Continue alternating sides for the desired number of repetitions."
"EX-0524";"0524";"Desenvolvimento flexionado com kettlebell";"kettlebell bent press";"Abdômen";"Kettlebell";"Abdominais";"ombros, tríceps, oblíquos";"Sem sprites; sem mapeamento de animação";"";"0524-kettlebell-bent-press";"1. Stand with your feet shoulder-width apart, holding a kettlebell in your right hand. | 2. Bend your knees slightly and press the kettlebell overhead with your right arm, keeping your elbow locked. | 3. Rotate your torso to the left, shifting your weight onto your left foot. | 4. Bend your left knee and lower your torso towards the ground, keeping your right arm extended overhead. | 5. As you lower, keep your eyes on the kettlebell and your chest lifted. | 6. Once your left hand touches the ground, push through your left foot and straighten your left leg, driving your hips forward. | 7. As you drive your hips forward, use your core and right arm to press the kettlebell back up to the starting position. | 8. Repeat for the desired number of repetitions, then switch sides."
"EX-1015";"1015";"Desenvolvimento vertical pallof com faixa elástica";"band vertical pallof press";"Abdômen";"Faixa elástica";"Abdominais";"oblíquos, glúteos";"Sem sprites; sem mapeamento de animação";"";"1015-band-vertical-pallof-press";"1. Stand with your feet shoulder-width apart and wrap the band around a sturdy object at chest height. | 2. Hold the band with both hands and step away from the anchor point, creating tension in the band. | 3. Position yourself perpendicular to the anchor point, with your side facing the band. | 4. Extend your arms straight out in front of you, keeping your hands at chest height. | 5. Engage your core and press the band away from your chest, fully extending your arms. | 6. Hold the position for a few seconds, then slowly bring the band back towards your chest. | 7. Repeat for the desired number of repetitions, then switch sides."
"EX-0011";"0011";"Elevação de joelhos suspensa e assistida";"assisted hanging knee raise";"Abdômen";"Assistido";"Abdominais";"flexores do quadril";"Sem sprites; sem mapeamento de animação";"";"0011-assisted-hanging-knee-raise";"1. Hang from a pull-up bar with your arms fully extended and your palms facing away from you. | 2. Engage your core muscles and lift your knees towards your chest, bending at the hips and knees. | 3. Pause for a moment at the top of the movement, squeezing your abs. | 4. Slowly lower your legs back down to the starting position. | 5. Repeat for the desired number of repetitions."
"EX-0010";"0010";"Elevação de joelhos suspensa e assistida com impulso para baixo";"assisted hanging knee raise with throw down";"Abdômen";"Assistido";"Abdominais";"flexores do quadril, região lombar";"Sem sprites; sem mapeamento de animação";"";"0010-assisted-hanging-knee-raise-with-throw-down";"1. Hang from a pull-up bar with your arms fully extended and your palms facing away from you. | 2. Engage your core and lift your knees towards your chest, keeping your legs together. | 3. Once your knees are at chest level, explosively throw your legs down towards the ground, extending them fully. | 4. Allow your legs to swing back up and repeat the movement for the desired number of repetitions."
"EX-1761";"1761";"Elevação de joelhos suspenso oblíquo";"hanging oblique knee raise";"Abdômen";"Peso corporal";"Abdominais";"oblíquos";"Sem sprites; sem mapeamento de animação";"";"1761-hanging-oblique-knee-raise";"1. Hang from a pull-up bar with your arms fully extended and your palms facing away from you. | 2. Engage your core and lift your knees towards your chest, twisting your torso to the side as you do so. | 3. Pause for a moment at the top, then slowly lower your legs back down to the starting position. | 4. Repeat on the other side, twisting your torso in the opposite direction. | 5. Continue alternating sides for the desired number of repetitions."
"EX-0012";"0012";"Elevação de pernas assistida com impulso lateral para baixo";"assisted lying leg raise with lateral throw down";"Abdômen";"Assistido";"Abdominais";"flexores do quadril, oblíquos";"Sem sprites; sem mapeamento de animação";"";"0012-assisted-lying-leg-raise-with-lateral-throw-down";"1. Lie flat on your back with your legs extended and your arms by your sides. | 2. Place your hands under your glutes for support. | 3. Engage your abs and lift your legs off the ground, keeping them straight. | 4. While keeping your legs together, lower them to one side until they are a few inches above the ground. | 5. Pause for a moment, then lift your legs back to the starting position. | 6. Repeat the movement to the other side. | 7. Continue alternating sides for the desired number of repetitions."
"EX-0013";"0013";"Elevação de pernas assistida com impulso para baixo";"assisted lying leg raise with throw down";"Abdômen";"Assistido";"Abdominais";"flexores do quadril, quadríceps";"Sem sprites; sem mapeamento de animação";"";"0013-assisted-lying-leg-raise-with-throw-down";"1. Lie flat on your back with your legs extended and your arms by your sides. | 2. Place your hands under your glutes for support. | 3. Engage your core and lift your legs off the ground, keeping them straight. | 4. Raise your legs until they are perpendicular to the ground. | 5. Lower your legs back down to the starting position. | 6. Simultaneously, throw your legs down towards the ground, keeping them straight. | 7. Raise your legs back up to the starting position. | 8. Repeat for the desired number of repetitions."
"EX-2963";"2963";"Elevação de pernas capitão cadeira estendido";"captains chair straight leg raise";"Abdômen";"Peso corporal";"Abdominais";"flexores do quadril";"Sem sprites; sem mapeamento de animação";"";"2963-captains-chair-straight-leg-raise";"1. Sit on the captain's chair with your back against the backrest and your forearms resting on the arm pads. | 2. Keep your upper body stable and your back straight. | 3. Engage your abs and lift your legs up in front of you, keeping them straight. | 4. Continue lifting until your legs are parallel to the ground or as high as you can comfortably go. | 5. Pause for a moment at the top, then slowly lower your legs back down to the starting position. | 6. Repeat for the desired number of repetitions."
"EX-0620";"0620";"Elevação de pernas deitado banco reto";"lying leg raise flat bench";"Abdômen";"Peso corporal";"Abdominais";"flexores do quadril";"Sem sprites; sem mapeamento de animação";"";"0620-lying-leg-raise-flat-bench";"1. Lie flat on a flat bench with your back pressed against it. | 2. Place your hands under your glutes for support. | 3. Keep your legs straight and together, and lift them up towards the ceiling. | 4. Pause for a moment at the top, then slowly lower your legs back down to the starting position. | 5. Repeat for the desired number of repetitions."
"EX-1002";"1002";"Elevação de pernas deitado estendido com faixa elástica";"band lying straight leg raise";"Abdômen";"Faixa elástica";"Abdominais";"flexores do quadril";"Sem sprites; sem mapeamento de animação";"";"1002-band-lying-straight-leg-raise";"1. Lie flat on your back with your legs straight and your feet together. | 2. Place the band around the arches of your feet and hold the ends of the band with your hands. | 3. Engaging your abs, lift both legs off the ground until they are perpendicular to the floor. | 4. Pause for a moment at the top, then slowly lower your legs back down to the starting position. | 5. Repeat for the desired number of repetitions."
"EX-2333";"2333";"Elevação de pernas estendidas suspensa";"arm slingers hanging straight legs";"Abdômen";"Peso corporal";"Abdominais";"ombros, costas";"Sem sprites; sem mapeamento de animação";"";"2333-arm-slingers-hanging-straight-legs";"1. Hang from a pull-up bar with your arms fully extended and your legs straight down. | 2. Engage your core and lift your legs up in front of you until they are parallel to the ground. | 3. Hold for a moment at the top, then slowly lower your legs back down to the starting position. | 4. Repeat for the desired number of repetitions."
"EX-0689";"0689";"Elevação de pernas sentado";"seated leg raise";"Abdômen";"Peso corporal";"Abdominais";"flexores do quadril";"Sem sprites; sem mapeamento de animação";"";"0689-seated-leg-raise";"1. Sit on a flat bench with your back straight and your feet flat on the ground. | 2. Place your hands on the sides of the bench for support. | 3. Keeping your legs straight, slowly raise them up in front of you until they are parallel to the ground. | 4. Pause for a moment at the top, then slowly lower your legs back down to the starting position. | 5. Repeat for the desired number of repetitions."
"EX-0600";"0600";"Elevação de pernas sentado abdominal na máquina articulada";"lever seated leg raise crunch";"Abdômen";"Máquina articulada";"Abdominais";"flexores do quadril";"Sem sprites; sem mapeamento de animação";"";"0600-lever-seated-leg-raise-crunch";"1. Sit on the leverage machine with your back against the backrest and your feet on the footrests. | 2. Grasp the handles or sidebars for stability. | 3. Engage your abs and slowly raise your legs up towards your chest, curling your torso forward at the same time. | 4. Pause for a moment at the top, then slowly lower your legs and torso back to the starting position. | 5. Repeat for the desired number of repetitions."
"EX-2800";"2800";"Elevação de pernas sentado alternado (feminino) com barra";"barbell sitted alternate leg raise (female)";"Abdômen";"Barra";"Abdominais";"flexores do quadril, quadríceps";"Sem sprites; sem mapeamento de animação";"";"2800-barbell-sitted-alternate-leg-raise-female";"1. Sit on a bench with your back straight and hold a barbell across your thighs. | 2. Place your hands on the sides of the bench for support. | 3. Keeping your legs straight, lift one leg up as high as possible while keeping it parallel to the ground. | 4. Lower the leg back down and repeat with the other leg. | 5. Continue alternating legs for the desired number of repetitions."
"EX-2799";"2799";"Elevação de pernas sentado alternado com barra";"barbell sitted alternate leg raise";"Abdômen";"Barra";"Abdominais";"flexores do quadril";"Sem sprites; sem mapeamento de animação";"";"2799-barbell-sitted-alternate-leg-raise";"1. Sit on a bench with your back straight and hold a barbell across your thighs. | 2. Keeping your legs straight, lift one leg up as high as possible while keeping the other leg on the ground. | 3. Lower the raised leg back down and repeat with the other leg. | 4. Continue alternating legs for the desired number of repetitions."
"EX-0475";"0475";"Elevação de pernas suspenso estendido";"hanging straight leg raise";"Abdômen";"Peso corporal";"Abdominais";"flexores do quadril";"Sem sprites; sem mapeamento de animação";"";"0475-hanging-straight-leg-raise";"1. Hang from a pull-up bar with your arms fully extended and your palms facing away from you. | 2. Engage your core and lift your legs up in front of you, keeping them straight. | 3. Continue lifting until your legs are parallel to the ground or as high as you can comfortably go. | 4. Pause for a moment at the top, then slowly lower your legs back down to the starting position. | 5. Repeat for the desired number of repetitions."
"EX-2802";"2802";"Elevação de pernas torcido";"twisted leg raise";"Abdômen";"Peso corporal";"Abdominais";"oblíquos, flexores do quadril";"Sem sprites; sem mapeamento de animação";"";"2802-twisted-leg-raise";"1. Lie flat on your back with your legs extended and your arms by your sides. | 2. Place your hands under your glutes for support. | 3. Engage your abs and lift both legs off the ground, keeping them straight. | 4. As you lift your legs, twist your hips to one side, bringing your legs towards your opposite shoulder. | 5. Pause for a moment at the top, then slowly lower your legs back down to the starting position. | 6. Repeat the movement, this time twisting your hips to the other side. | 7. Continue alternating sides for the desired number of repetitions."
"EX-2801";"2801";"Elevação de pernas torcido (feminino)";"twisted leg raise (female)";"Abdômen";"Peso corporal";"Abdominais";"oblíquos, flexores do quadril";"Sem sprites; sem mapeamento de animação";"";"2801-twisted-leg-raise-female";"1. Lie flat on your back with your legs extended and your arms by your sides. | 2. Bend your knees and lift your legs off the ground, bringing them towards your chest. | 3. As you lift your legs, twist your hips to one side, bringing your knees towards your opposite shoulder. | 4. Pause for a moment at the top, then slowly lower your legs back down to the starting position. | 5. Repeat the movement, this time twisting your hips to the other side. | 6. Continue alternating sides for the desired number of repetitions."
"EX-0826";"0826";"Elevação de pernas vertical (no paralelo barras)";"vertical leg raise (on parallel bars)";"Abdômen";"Peso corporal";"Abdominais";"flexores do quadril";"Sem sprites; sem mapeamento de animação";"";"0826-vertical-leg-raise-on-parallel-bars";"1. Hang from the parallel bars with your arms fully extended and your body straight. | 2. Engage your core and lift your legs up in front of you, keeping them straight. | 3. Continue lifting until your legs are parallel to the ground or slightly higher. | 4. Pause for a moment at the top, then slowly lower your legs back down to the starting position. | 5. Repeat for the desired number of repetitions."
"EX-0484";"0484";"Elevação de quadril (com joelhos flexionados)";"hip raise (bent knee)";"Abdômen";"Peso corporal";"Abdominais";"glúteos, isquiotibiais";"Sem sprites; sem mapeamento de animação";"";"0484-hip-raise-bent-knee";"1. Lie flat on your back with your knees bent and feet flat on the ground. | 2. Place your hands by your sides, palms facing down. | 3. Engage your core and glutes, then lift your hips off the ground until your body forms a straight line from your knees to your shoulders. | 4. Pause for a moment at the top, then slowly lower your hips back down to the starting position. | 5. Repeat for the desired number of repetitions."
"EX-0491";"0491";"Elevação de quadril inclinado perna (perna estendido)";"incline leg hip raise (leg straight)";"Abdômen";"Peso corporal";"Abdominais";"flexores do quadril";"Sem sprites; sem mapeamento de animação";"";"0491-incline-leg-hip-raise-leg-straight";"1. Lie on an incline bench with your back flat against the bench and your legs extended straight out in front of you. | 2. Place your hands on the sides of the bench for support. | 3. Engaging your abs, lift your legs off the bench, raising them as high as you can while keeping them straight. | 4. Pause for a moment at the top, then slowly lower your legs back down to the starting position. | 5. Repeat for the desired number of repetitions."
"EX-0474";"0474";"Elevação de quadril suspenso com pernas estendidas";"hanging straight leg hip raise";"Abdômen";"Peso corporal";"Abdominais";"flexores do quadril";"Sem sprites; sem mapeamento de animação";"";"0474-hanging-straight-leg-hip-raise";"1. Hang from a pull-up bar with your arms fully extended and your palms facing away from you. | 2. Engage your core and lift your legs up in front of you until they are parallel to the ground. | 3. Pause for a moment at the top, then slowly lower your legs back down to the starting position. | 4. Repeat for the desired number of repetitions."
"EX-0476";"0476";"Elevação de quadril suspenso estendido com rotação perna";"hanging straight twisting leg hip raise";"Abdômen";"Peso corporal";"Abdominais";"oblíquos, flexores do quadril";"Sem sprites; sem mapeamento de animação";"";"0476-hanging-straight-twisting-leg-hip-raise";"1. Hang from a pull-up bar with your arms fully extended and your legs straight. | 2. Engage your core and lift your legs up towards your chest, keeping them straight. | 3. Once your legs are parallel to the ground, twist your hips to one side, bringing your legs towards that side. | 4. Pause for a moment, then return to the starting position. | 5. Repeat the movement, but this time twist your hips to the opposite side. | 6. Continue alternating sides for the desired number of repetitions."
"EX-1764";"1764";"Elevação de quadril suspenso perna";"hanging leg hip raise";"Abdômen";"Peso corporal";"Abdominais";"flexores do quadril, região lombar";"Sem sprites; sem mapeamento de animação";"";"1764-hanging-leg-hip-raise";"1. Hang from a pull-up bar with your arms fully extended and your palms facing away from you. | 2. Engage your core and lift your legs up by flexing your hips and knees until your thighs are parallel to the ground. | 3. Pause for a moment at the top, then slowly lower your legs back down to the starting position. | 4. Repeat for the desired number of repetitions."
"EX-0866";"0866";"Elevação de quadril suspenso perna com peso adicional";"weighted hanging leg-hip raise";"Abdômen";"Com carga";"Abdominais";"flexores do quadril, região lombar";"Sem sprites; sem mapeamento de animação";"";"0866-weighted-hanging-leg-hip-raise";"1. Hang from a pull-up bar with your arms fully extended and your palms facing away from you. | 2. Engage your core and lift your legs up in front of you, keeping them straight. | 3. Continue lifting until your legs are parallel to the ground or slightly higher. | 4. Pause for a moment at the top, then slowly lower your legs back down to the starting position. | 5. Repeat for the desired number of repetitions."
"EX-0103";"0103";"Em pé ab extensão abdominal com barra";"barbell standing ab rollerout";"Abdômen";"Barra";"Abdominais";"ombros, região lombar";"Sem sprites; sem mapeamento de animação";"";"0103-barbell-standing-ab-rollerout";"1. Stand upright with your feet shoulder-width apart and hold the barbell with both hands in front of your thighs. | 2. Engage your core and slowly roll the barbell down towards the ground, keeping your back straight and your arms extended. | 3. Continue rolling the barbell forward until your body is fully extended and your hands are directly above your head. | 4. Pause for a moment, then slowly roll the barbell back towards your thighs, maintaining control and keeping your core engaged. | 5. Repeat for the desired number of repetitions."
"EX-0230";"0230";"Em pé elevação no cabo";"cable standing lift";"Abdômen";"Cabo";"Abdominais";"oblíquos, região lombar";"Sem sprites; sem mapeamento de animação";"";"0230-cable-standing-lift";"1. Stand facing the cable machine with your feet shoulder-width apart. | 2. Hold the cable handle with both hands and position it at waist height. | 3. Engage your core and maintain a straight back throughout the exercise. | 4. Keeping your arms straight, exhale and lift the cable handle up towards your opposite shoulder, rotating your torso. | 5. Pause for a moment at the top, then inhale and slowly lower the cable handle back to the starting position. | 6. Repeat for the desired number of repetitions, then switch sides."
"EX-0796";"0796";"Em pé roda extensão abdominal";"standing wheel rollerout";"Abdômen";"Roda abdominal";"Abdominais";"região lombar, ombros";"Sem sprites; sem mapeamento de animação";"";"0796-standing-wheel-rollerout";"1. Start by standing tall with your feet shoulder-width apart and the wheel roller in front of you. | 2. Bend at your waist and slowly roll the wheel forward, keeping your back straight and your core engaged. | 3. Continue rolling forward until you feel a stretch in your abs and your body is extended as far as possible. | 4. Pause for a moment, then slowly roll the wheel back towards your body, returning to the starting position. | 5. Repeat for the desired number of repetitions."
"EX-0083";"0083";"Extensão abdominal a partir de banco com barra";"barbell rollerout from bench";"Abdômen";"Barra";"Abdominais";"ombros, tríceps";"Sem sprites; sem mapeamento de animação";"";"0083-barbell-rollerout-from-bench";"1. Start by kneeling on the floor with a barbell placed on a bench in front of you. | 2. Grasp the barbell with an overhand grip, slightly wider than shoulder-width apart. | 3. Keeping your core engaged and your back straight, slowly roll the barbell forward, extending your arms in front of you. | 4. Continue rolling the barbell forward until your body is fully extended and your arms are overhead. | 5. Pause for a moment at the fully extended position, then slowly roll the barbell back towards your body, returning to the starting position. | 6. Repeat for the desired number of repetitions."
"EX-0084";"0084";"Extensão abdominal com barra";"barbell rollerout";"Abdômen";"Barra";"Abdominais";"região lombar";"Sem sprites; sem mapeamento de animação";"";"0084-barbell-rollerout";"1. Kneel on the floor and hold a barbell with both hands, shoulder-width apart. | 2. Roll the barbell forward, extending your arms and keeping your core engaged. | 3. Continue rolling forward until your body is fully extended and your arms are overhead. | 4. Pause for a moment, then slowly roll the barbell back towards your knees, maintaining control. | 5. Repeat for the desired number of repetitions."
"EX-0971";"0971";"Extensão com roda abdominal assistida por faixa elástica";"band assisted wheel rollerout";"Abdômen";"Faixa elástica";"Abdominais";"região lombar";"Sem sprites; sem mapeamento de animação";"";"0971-band-assisted-wheel-rollerout";"1. Kneel on the floor and hold the handles of the band with both hands, palms facing down. | 2. Place the band on the ground in front of you and position your hands shoulder-width apart. | 3. Engage your core and slowly roll the wheel forward, extending your body as far as you can while maintaining control. | 4. Pause for a moment at the furthest point, then slowly roll the wheel back towards your knees to return to the starting position. | 5. Repeat for the desired number of repetitions."
"EX-0532";"0532";"Figura 8 com kettlebell";"kettlebell figure 8";"Abdômen";"Kettlebell";"Abdominais";"ombros, antebraços";"Sem sprites; sem mapeamento de animação";"";"0532-kettlebell-figure-8";"1. Stand with your feet shoulder-width apart, holding a kettlebell in one hand. | 2. Bend your knees slightly and hinge forward at the hips, keeping your back straight. | 3. Pass the kettlebell between your legs, switching hands as it reaches the back of your legs. | 4. As the kettlebell comes forward, pass it to the other hand between your legs. | 5. Continue passing the kettlebell between your legs in a figure 8 motion. | 6. Maintain a steady pace and engage your core throughout the exercise. | 7. Repeat for the desired number of repetitions."
"EX-0664";"0664";"Flexão de braços até lateral prancha";"push-up to side plank";"Abdômen";"Peso corporal";"Abdominais";"ombros, peito, tríceps";"Sem sprites; sem mapeamento de animação";"";"0664-push-up-to-side-plank";"1. Start in a push-up position with your hands shoulder-width apart and your body in a straight line. | 2. Lower your body towards the ground by bending your elbows, keeping your core engaged. | 3. Push back up to the starting position. | 4. Shift your weight onto your left hand and rotate your body to the right, lifting your right arm towards the ceiling. | 5. Hold the side plank position for a few seconds, then return to the starting position. | 6. Repeat the push-up and side plank on the opposite side. | 7. Continue alternating sides for the desired number of repetitions."
"EX-0850";"0850";"Flexão lateral (na bola suíça) com peso adicional";"weighted side bend (on stability ball)";"Abdômen";"Com carga";"Abdominais";"oblíquos, região lombar";"Sem sprites; sem mapeamento de animação";"";"0850-weighted-side-bend-on-stability-ball";"1. Sit on a stability ball with your feet shoulder-width apart and flat on the ground. | 2. Hold a weight in one hand and place your other hand on your hip. | 3. Engage your core and slowly bend sideways towards the weighted side, keeping your back straight. | 4. Pause for a moment at the bottom, then slowly return to the starting position. | 5. Repeat for the desired number of repetitions, then switch sides."
"EX-0002";"0002";"Flexão lateral a 45°";"45° side bend";"Abdômen";"Peso corporal";"Abdominais";"oblíquos";"Sem sprites; sem mapeamento de animação";"";"0002-45-side-bend";"1. Stand with your feet shoulder-width apart and your arms extended straight down by your sides. | 2. Keeping your back straight and your core engaged, slowly bend your torso to one side, lowering your hand towards your knee. | 3. Pause for a moment at the bottom, then slowly return to the starting position. | 4. Repeat on the other side. | 5. Continue alternating sides for the desired number of repetitions."
"EX-0222";"0222";"Flexão lateral no cabo";"cable side bend";"Abdômen";"Cabo";"Abdominais";"oblíquos";"Sem sprites; sem mapeamento de animação";"";"0222-cable-side-bend";"1. Stand with your feet shoulder-width apart and grasp the cable handle with one hand. | 2. Keep your back straight and your core engaged. | 3. Slowly bend sideways at the waist, lowering the cable handle towards your knee. | 4. Pause for a moment, then return to the starting position. | 5. Repeat on the other side. | 6. Alternate sides for the desired number of repetitions."
"EX-3296";"3296";"Frontal alavanca";"front lever";"Abdômen";"Peso corporal";"Abdominais";"dorsais, ombros, antebraços";"Sem sprites; sem mapeamento de animação";"";"3296-front-lever";"1. Start by hanging from a pull-up bar with an overhand grip, hands shoulder-width apart. | 2. Engage your core and pull your shoulder blades down and back. | 3. Bend your knees and tuck them towards your chest. | 4. Simultaneously, lift your legs up and extend them straight out in front of you, keeping your body parallel to the ground. | 5. Hold this position for as long as you can, aiming for a full front lever position. | 6. To release, slowly lower your legs back down and return to the starting position. | 7. Repeat for the desired number of repetitions."
"EX-0870";"0870";"Glúteos elevações";"butt-ups";"Abdômen";"Peso corporal";"Abdominais";"flexores do quadril, região lombar";"Sem sprites; sem mapeamento de animação";"";"0870-butt-ups";"1. Lie flat on your back with your knees bent and feet flat on the ground. | 2. Place your hands by your sides, palms facing down. | 3. Engaging your abs, lift your legs off the ground, bringing your knees towards your chest. | 4. At the top of the movement, squeeze your abs and pause for a moment. | 5. Slowly lower your legs back down to the starting position. | 6. Repeat for the desired number of repetitions."
"EX-0467";"0467";"Gorila chin";"gorilla chin";"Abdômen";"Peso corporal";"Abdominais";"antebraços, bíceps";"Sem sprites; sem mapeamento de animação";"";"0467-gorilla-chin";"1. Stand with your feet shoulder-width apart and your knees slightly bent. | 2. Grasp a pull-up bar with an overhand grip, slightly wider than shoulder-width apart. | 3. Hang from the bar with your arms fully extended and your palms facing away from you. | 4. Engage your core and pull your body up towards the bar, bringing your chin above the bar. | 5. Pause for a moment at the top, then slowly lower your body back down to the starting position. | 6. Repeat for the desired number of repetitions."
"EX-0174";"0174";"Judô virada no cabo";"cable judo flip";"Abdômen";"Cabo";"Abdominais";"oblíquos, ombros";"Sem sprites; sem mapeamento de animação";"";"0174-cable-judo-flip";"1. Stand facing the cable machine with your feet shoulder-width apart. | 2. Hold the cable handle with both hands at chest level, palms facing down. | 3. Engage your core and rotate your torso to the right, pulling the cable across your body. | 4. As you rotate, pivot your back foot and allow your hips to rotate naturally. | 5. Extend your arms fully and finish the movement by flipping the cable handle over your shoulder. | 6. Return to the starting position by reversing the movement, rotating your torso back to the center. | 7. Repeat the movement on the opposite side. | 8. Continue alternating sides for the desired number of repetitions."
"EX-0562";"0562";"Landmine 180";"landmine 180";"Abdômen";"Barra";"Abdominais";"oblíquos, quadríceps";"Sem sprites; sem mapeamento de animação";"";"0562-landmine-180";"1. Stand with your feet shoulder-width apart and hold the barbell with both hands in front of your chest. | 2. Bend your knees slightly and rotate your torso to the right, swinging the barbell down towards your right hip. | 3. As you reach the bottom of the movement, quickly reverse the motion and rotate your torso to the left, swinging the barbell up and across your body towards your left shoulder. | 4. Continue this twisting motion, alternating sides, for the desired number of repetitions."
"EX-3213";"3213";"Lateral até lateral toque nos pés (masculino)";"side-to-side toe touch (male)";"Abdômen";"Peso corporal";"Abdominais";"oblíquos, flexores do quadril";"Sem sprites; sem mapeamento de animação";"";"3213-side-to-side-toe-touch-male";"1. Stand with your feet shoulder-width apart and your arms extended to the sides. | 2. Bend at the waist to the right, reaching your right hand towards your right foot while keeping your left hand extended to the side. | 3. Return to the starting position and then bend at the waist to the left, reaching your left hand towards your left foot while keeping your right hand extended to the side. | 4. Repeat the side-to-side bending motion for the desired number of repetitions."
"EX-0096";"0096";"Lateral flexionado versão 2 com barra";"barbell side bent v. 2";"Abdômen";"Barra";"Abdominais";"oblíquos, região lombar";"Sem sprites; sem mapeamento de animação";"";"0096-barbell-side-bent-v-2";"1. Stand with your feet shoulder-width apart and hold a barbell with both hands, palms facing down. | 2. Keep your back straight and core engaged throughout the exercise. | 3. Slowly bend your torso to the right side, lowering the barbell towards your right knee. | 4. Pause for a moment, then return to the starting position. | 5. Repeat the movement on the left side. | 6. Continue alternating sides for the desired number of repetitions."
"EX-0705";"0705";"Lateral ponte versão 2";"side bridge v. 2";"Abdômen";"Peso corporal";"Abdominais";"oblíquos, glúteos";"Sem sprites; sem mapeamento de animação";"";"0705-side-bridge-v-2";"1. Lie on your side with your legs extended and stacked on top of each other. | 2. Place your forearm on the ground directly below your shoulder, with your elbow bent at a 90-degree angle. | 3. Engage your core and lift your hips off the ground, creating a straight line from your head to your feet. | 4. Hold this position for the desired amount of time. | 5. Lower your hips back down to the starting position. | 6. Repeat on the other side."
"EX-0709";"0709";"Lateral quadril (no paralelo barras)";"side hip (on parallel bars)";"Abdômen";"Peso corporal";"Abdominais";"oblíquos, flexores do quadril";"Sem sprites; sem mapeamento de animação";"";"0709-side-hip-on-parallel-bars";"1. Stand between two parallel bars with your feet shoulder-width apart. | 2. Place your hands on the bars and lift your body off the ground, supporting your weight on your arms. | 3. Engage your abs and slowly lift your legs to the side, keeping them straight. | 4. Pause for a moment at the top, then slowly lower your legs back down to the starting position. | 5. Repeat for the desired number of repetitions."
"EX-3300";"3300";"Lean planche";"lean planche";"Abdômen";"Peso corporal";"Abdominais";"ombros, peito, tríceps";"Sem sprites; sem mapeamento de animação";"";"3300-lean-planche";"1. Start in a push-up position with your hands shoulder-width apart and your body straight. | 2. Engage your core and slowly shift your weight forward, bringing your shoulders past your hands. | 3. Keep your elbows slightly bent and your body straight as you lean forward. | 4. Hold this position for a few seconds, then slowly return to the starting position. | 5. Repeat for the desired number of repetitions."
"EX-0517";"0517";"Moinho avançado com kettlebell";"kettlebell advanced windmill";"Abdômen";"Kettlebell";"Abdominais";"oblíquos, ombros";"Sem sprites; sem mapeamento de animação";"";"0517-kettlebell-advanced-windmill";"1. Stand with your feet wider than shoulder-width apart, toes pointing slightly outward. | 2. Hold a kettlebell in your right hand, with your arm extended overhead and your palm facing forward. | 3. Rotate your left foot slightly to the right, and shift your weight onto your left leg. | 4. Bend your left knee and hinge at the hip, lowering your torso towards the left side. | 5. Keep your right arm extended overhead and your eyes on the kettlebell. | 6. As you lower your torso, allow your right leg to straighten and your right foot to pivot slightly. | 7. Lower your torso until you feel a stretch in your left hamstring and your right arm is pointing towards the ground. | 8. Pause for a moment, then engage your core and push through your left heel to return to the starting position. | 9. Repeat for the desired number of repetitions, then switch sides."
"EX-0554";"0554";"Moinho com kettlebell";"kettlebell windmill";"Abdômen";"Kettlebell";"Abdominais";"oblíquos, ombros";"Sem sprites; sem mapeamento de animação";"";"0554-kettlebell-windmill";"1. Stand with your feet shoulder-width apart, holding a kettlebell in your right hand overhead. | 2. Rotate your left foot outwards about 45 degrees and keep your right foot pointing forward. | 3. Bend your torso to the left side, keeping your right arm extended overhead and your eyes on the kettlebell. | 4. Lower your torso as far as you can while keeping your right arm straight and your left arm extended to the side. | 5. Pause for a moment, then return to the starting position by pushing through your right foot and engaging your obliques. | 6. Repeat for the desired number of repetitions, then switch sides."
"EX-0530";"0530";"Moinho duplo com kettlebell";"kettlebell double windmill";"Abdômen";"Kettlebell";"Abdominais";"ombros, isquiotibiais";"Sem sprites; sem mapeamento de animação";"";"0530-kettlebell-double-windmill";"1. Stand with your feet shoulder-width apart, holding a kettlebell in your right hand. | 2. Extend your right arm overhead, keeping your eyes on the kettlebell. | 3. Rotate your left foot 45 degrees to the left and your right foot 90 degrees to the right. | 4. Bend at the waist to the left, keeping your right arm extended overhead. | 5. Lower the kettlebell towards the ground, reaching towards your left foot. | 6. Pause for a moment, then engage your core and push through your right foot to return to the starting position. | 7. Repeat for the desired number of repetitions, then switch sides."
"EX-0777";"0777";"Movimento rodízio";"spell caster";"Abdômen";"Haltere";"Abdominais";"oblíquos, região lombar";"Sem sprites; sem mapeamento de animação";"";"0777-spell-caster";"1. Stand with your feet shoulder-width apart and hold a dumbbell in one hand. | 2. Bend your knees slightly and hinge forward at the waist, keeping your back straight. | 3. Extend your arm with the dumbbell towards the opposite foot, rotating your torso as you do so. | 4. Return to the starting position and repeat on the other side. | 5. Continue alternating sides for the desired number of repetitions."
"EX-0635";"0635";"Oblíquo abdominais no chão";"oblique crunches floor";"Abdômen";"Peso corporal";"Abdominais";"oblíquos";"Sem sprites; sem mapeamento de animação";"";"0635-oblique-crunches-floor";"1. Lie on your back with your knees bent and feet flat on the floor. | 2. Place your hands behind your head or cross them over your chest. | 3. Engage your abs and lift your shoulder blades off the floor, rotating your torso to one side. | 4. Pause for a moment, then lower your shoulder blades back down to the floor. | 5. Repeat on the other side, alternating sides with each repetition."
"EX-3699";"3699";"Ombro toque";"shoulder tap";"Abdômen";"Peso corporal";"Abdominais";"ombros, tríceps";"Sem sprites; slug já reservado";"plank-shoulder-tap";"3699-plank-shoulder-tap";"1. Start in a high plank position with your hands directly under your shoulders and your body in a straight line. | 2. Engage your core and lift your right hand off the ground, reaching across to tap your left shoulder. | 3. Place your right hand back on the ground and repeat with your left hand tapping your right shoulder. | 4. Continue alternating shoulder taps while keeping your hips and torso stable. | 5. Repeat for the desired number of repetitions."
"EX-0641";"0641";"Otis acima";"otis up";"Abdômen";"Com carga";"Abdominais";"flexores do quadril, região lombar";"Sem sprites; sem mapeamento de animação";"";"0641-otis-up";"1. Lie flat on your back with your knees bent and feet flat on the ground. | 2. Place your hands behind your head with your elbows pointing outwards. | 3. Engaging your abs, slowly lift your upper body off the ground, curling forward until your torso is at a 45-degree angle. | 4. Pause for a moment at the top, then slowly lower your upper body back down to the starting position. | 5. Repeat for the desired number of repetitions."
"EX-3147";"3147";"Pélvica inclinação";"pelvic tilt";"Abdômen";"Peso corporal";"Abdominais";"região lombar";"Sem sprites; sem mapeamento de animação";"";"3147-pelvic-tilt";"1. Lie flat on your back with your knees bent and feet flat on the ground. | 2. Place your hands by your sides. | 3. Engage your abs and tilt your pelvis upward, pressing your lower back into the ground. | 4. Hold this position for a few seconds, focusing on contracting your abs. | 5. Release the tilt and return to the starting position. | 6. Repeat for the desired number of repetitions."
"EX-2466";"2466";"Ponte - montanha escalador (cruzado corpo)";"bridge - mountain climber (cross body)";"Abdômen";"Peso corporal";"Abdominais";"glúteos, quadríceps, isquiotibiais, ombros, tríceps";"Sem sprites; sem mapeamento de animação";"";"2466-bridge-mountain-climber-cross-body";"1. Start in a high plank position with your hands directly under your shoulders and your body in a straight line. | 2. Engage your core and lift your right foot off the ground, bringing your right knee towards your left elbow. | 3. Return your right foot to the starting position and repeat the movement with your left foot towards your right elbow. | 4. Continue alternating sides, moving at a controlled pace. | 5. Keep your hips level and avoid lifting your hips too high or sagging them too low. | 6. Maintain a steady breathing pattern throughout the exercise. | 7. Repeat for the desired number of repetitions."
"EX-1687";"1687";"Posterior passo até acima da cabeça alcance";"posterior step to overhead reach";"Abdômen";"Peso corporal";"Abdominais";"glúteos, isquiotibiais, quadríceps, ombros";"Sem sprites; sem mapeamento de animação";"";"1687-posterior-step-to-overhead-reach";"1. Stand with your feet hip-width apart and your arms by your sides. | 2. Take a step back with your right foot, landing on the ball of your foot. | 3. Bend your left knee and lower your body into a lunge position. | 4. As you lower into the lunge, simultaneously reach your arms overhead. | 5. Pause for a moment at the bottom of the lunge, then return to the starting position by pushing through your left heel and bringing your right foot forward. | 6. Repeat the movement on the other side, stepping back with your left foot and bending your right knee. | 7. Continue alternating sides for the desired number of repetitions."
"EX-3239";"3239";"Prancha ajoelhado toque ombro (masculino)";"kneeling plank tap shoulder (male)";"Abdômen";"Peso corporal";"Abdominais";"ombros, tríceps";"Sem sprites; sem mapeamento de animação";"";"3239-kneeling-plank-tap-shoulder-male";"1. Start in a kneeling position with your hands on the ground, shoulder-width apart. | 2. Extend your legs behind you, resting on your toes, and lift your body into a plank position. | 3. Keeping your core engaged and your hips stable, lift one hand off the ground and tap the opposite shoulder. | 4. Return the hand to the ground and repeat with the other hand. | 5. Continue alternating sides for the desired number of repetitions."
"EX-2135";"2135";"Prancha frontal com peso adicional";"weighted front plank";"Abdômen";"Com carga";"Abdominais";"ombros, região lombar";"Sem sprites; sem mapeamento de animação";"";"2135-weighted-front-plank";"1. Start by lying face down on the floor. | 2. Place your forearms on the ground, with your elbows directly under your shoulders. | 3. Extend your legs straight out behind you, with your toes on the ground. | 4. Engage your core and lift your body off the ground, balancing on your forearms and toes. | 5. Keep your body in a straight line from your head to your heels. | 6. Hold this position for the desired amount of time. | 7. Lower your body back down to the starting position. | 8. Repeat for the desired number of repetitions."
"EX-0464";"0464";"Prancha frontal com rotação";"front plank with twist";"Abdômen";"Peso corporal";"Abdominais";"oblíquos, ombros";"Sem sprites; sem mapeamento de animação";"";"0464-front-plank-with-twist";"1. Start in a high plank position with your hands directly under your shoulders and your body in a straight line from head to toe. | 2. Engage your core and glutes to maintain a stable position. | 3. Rotate your torso to the right, lifting your right arm and extending it towards the ceiling. | 4. Keep your hips and legs stable as you twist. | 5. Hold for a moment, then return to the starting position. | 6. Repeat the twist on the left side. | 7. Continue alternating sides for the desired number of repetitions."
"EX-3544";"3544";"Prancha inclinado lateral com peso corporal";"bodyweight incline side plank";"Abdômen";"Peso corporal";"Abdominais";"oblíquos, ombros";"Sem sprites; sem mapeamento de animação";"";"3544-bodyweight-incline-side-plank";"1. Start by lying on your side with your legs extended and stacked on top of each other. | 2. Place your forearm on the ground directly below your shoulder, with your elbow bent at a 90-degree angle. | 3. Engage your core and lift your hips off the ground, creating a straight line from your head to your feet. | 4. Hold this position for the desired amount of time. | 5. Lower your hips back down to the ground and repeat on the other side."
"EX-3663";"3663";"Prancha invertido com perna elevação";"reverse plank with leg lift";"Abdômen";"Peso corporal";"Abdominais";"glúteos, isquiotibiais, ombros";"Sem sprites; sem mapeamento de animação";"";"3663-reverse-plank-with-leg-lift";"1. Sit on the ground with your legs extended in front of you and your hands resting on the ground behind you, fingers pointing towards your feet. | 2. Press through your hands and lift your hips off the ground, coming into a reverse plank position. | 3. Engage your core and lift one leg off the ground, extending it straight up towards the ceiling. | 4. Hold for a moment, then lower your leg back down. | 5. Repeat with the other leg. | 6. Continue alternating legs for the desired number of repetitions."
"EX-3665";"3665";"Prancha power point";"power point plank";"Abdômen";"Peso corporal";"Abdominais";"ombros, tríceps, glúteos";"Sem sprites; sem mapeamento de animação";"";"3665-power-point-plank";"1. Start in a high plank position with your hands directly under your shoulders and your body in a straight line from head to toe. | 2. Engage your core and squeeze your glutes to maintain a stable position. | 3. Lower your body down onto your forearms, one arm at a time, maintaining a straight line from head to toe. | 4. Hold this position for the desired amount of time, keeping your core and glutes engaged. | 5. To return to the starting position, push through your forearms and lift your body back up into a high plank position. | 6. Repeat for the desired number of repetitions."
"EX-0650";"0650";"Puxada em (na bola suíça)";"pull-in (on stability ball)";"Abdômen";"Bola de estabilidade";"Abdominais";"flexores do quadril";"Sem sprites; sem mapeamento de animação";"";"0650-pull-in-on-stability-ball";"1. Start by sitting on the stability ball with your feet flat on the ground and your knees bent at a 90-degree angle. | 2. Place your hands on the sides of the stability ball for support. | 3. Engage your abs and slowly roll your hips forward, bringing your knees towards your chest. | 4. Pause for a moment at the top of the movement, then slowly extend your legs back to the starting position. | 5. Repeat for the desired number of repetitions."
"EX-0570";"0570";"Puxada perna em banco reto";"leg pull in flat bench";"Abdômen";"Peso corporal";"Abdominais";"flexores do quadril, região lombar";"Sem sprites; sem mapeamento de animação";"";"0570-leg-pull-in-flat-bench";"1. Sit on a flat bench with your legs extended straight out in front of you. | 2. Place your hands on the bench beside your hips for support. | 3. Engage your abs and lift your legs off the ground, bringing your knees towards your chest. | 4. Pause for a moment at the top, then slowly lower your legs back down to the starting position. | 5. Repeat for the desired number of repetitions."
"EX-2204";"2204";"Rolo corpo serrote";"roller body saw";"Abdômen";"Rolo";"Abdominais";"ombros, tríceps, core";"Sem sprites; sem mapeamento de animação";"";"2204-roller-body-saw";"1. Start in a plank position with your forearms on the roller and your body in a straight line. | 2. Engage your core and slowly roll the roller forward, extending your body as far as you can while maintaining control. | 3. Pause for a moment at the furthest point, then slowly roll the roller back towards your starting position. | 4. Repeat for the desired number of repetitions."
"EX-3016";"3016";"Rosca acima";"curl-up";"Abdômen";"Peso corporal";"Abdominais";"flexores do quadril";"Sem sprites; sem mapeamento de animação";"";"3016-curl-up";"1. Lie flat on your back with your knees bent and feet flat on the ground. | 2. Place your hands behind your head with your elbows pointing outwards. | 3. Engaging your abs, slowly lift your upper body off the ground, curling forward until your torso is at a 45-degree angle. | 4. Pause for a moment at the top, then slowly lower your upper body back down to the starting position. | 5. Repeat for the desired number of repetitions."
"EX-0862";"0862";"Rotação (acima para baixo) no cabo";"cable twist (up-down)";"Abdômen";"Cabo";"Abdominais";"oblíquos, região lombar";"Sem sprites; sem mapeamento de animação";"";"0862-cable-twist-up-down";"1. Stand with your feet shoulder-width apart, facing the cable machine. | 2. Hold the cable handle with both hands in front of your chest, keeping your arms slightly bent. | 3. Engage your core and slowly rotate your torso to one side, keeping your hips and legs stable. | 4. Pause for a moment at the end of the rotation, then slowly return to the starting position. | 5. Repeat the rotation to the opposite side. | 6. Continue alternating sides for the desired number of repetitions."
"EX-0583";"0583";"Rotação ajoelhado na máquina articulada";"lever kneeling twist";"Abdômen";"Máquina articulada";"Abdominais";"oblíquos, região lombar";"Sem sprites; sem mapeamento de animação";"";"0583-lever-kneeling-twist";"1. Adjust the seat height and position yourself on the machine with your knees resting on the pads and your upper body facing forward. | 2. Grasp the handles or the sides of the machine for stability. | 3. Keeping your core engaged, twist your torso to one side as far as comfortably possible. | 4. Pause for a moment, then slowly return to the starting position. | 5. Repeat the twist to the opposite side. | 6. Continue alternating sides for the desired number of repetitions."
"EX-1468";"1468";"Rotação caranguejo toque nos pés";"crab twist toe touch";"Abdômen";"Peso corporal";"Abdominais";"oblíquos, flexores do quadril";"Sem sprites; sem mapeamento de animação";"";"1468-crab-twist-toe-touch";"1. Start by sitting on the ground with your knees bent and feet flat on the floor. | 2. Place your hands behind you, fingers pointing towards your feet, and lift your hips off the ground. | 3. Extend one leg straight out in front of you while simultaneously reaching your opposite hand towards your toes. | 4. Return to the starting position and repeat on the other side. | 5. Continue alternating sides for the desired number of repetitions."
"EX-2329";"2329";"Rotação coluna";"spine twist";"Abdômen";"Peso corporal";"Abdominais";"oblíquos, região lombar";"Sem sprites; sem mapeamento de animação";"";"2329-spine-twist";"1. Sit on the ground with your legs extended in front of you. | 2. Bend your knees and place your feet flat on the ground, hip-width apart. | 3. Place your hands behind your head with your elbows pointing outwards. | 4. Engage your abs and slowly twist your torso to the right, bringing your right elbow towards your left knee. | 5. Pause for a moment at the end of the twist, then slowly return to the starting position. | 6. Repeat the twist to the left side, bringing your left elbow towards your right knee. | 7. Continue alternating sides for the desired number of repetitions."
"EX-0112";"0112";"Rotação em pé com barra";"barbell standing twist";"Abdômen";"Barra";"Abdominais";"oblíquos, região lombar";"Sem sprites; sem mapeamento de animação";"";"0112-barbell-standing-twist";"1. Stand with your feet shoulder-width apart and hold a barbell in front of your chest with both hands, palms facing down. | 2. Engage your core and keep your back straight throughout the exercise. | 3. Slowly twist your torso to the right, pivoting on your feet and hips, while keeping your lower body stable. | 4. Pause for a moment at the end of the twist, then slowly return to the starting position. | 5. Repeat the twist to the left side. | 6. Continue alternating twists for the desired number of repetitions."
"EX-0243";"0243";"Rotação no cabo";"cable twist";"Abdômen";"Cabo";"Abdominais";"oblíquos";"Sem sprites; sem mapeamento de animação";"";"0243-cable-twist";"1. Stand with your feet shoulder-width apart, facing the cable machine. | 2. Hold the cable handle with both hands in front of your chest, keeping your arms slightly bent. | 3. Engage your core and twist your torso to the right, pulling the cable across your body. | 4. Pause for a moment at the end of the movement, feeling the contraction in your abs and obliques. | 5. Slowly return to the starting position, resisting the cable's pull. | 6. Repeat the movement to the left side. | 7. Continue alternating sides for the desired number of repetitions."
"EX-1707";"1707";"Rotação pronado na bola suíça";"prone twist on stability ball";"Abdômen";"Bola de estabilidade";"Abdominais";"oblíquos, região lombar";"Sem sprites; sem mapeamento de animação";"";"1707-prone-twist-on-stability-ball";"1. Start by lying face down on a stability ball with your feet shoulder-width apart and your toes touching the ground. | 2. Place your hands behind your head or cross them over your chest. | 3. Engage your core muscles and slowly lift your upper body off the ball, keeping your back straight. | 4. Rotate your torso to one side, bringing your shoulder towards your hip. Keep your hips and legs stable throughout the movement. | 5. Pause for a moment, then return to the starting position. | 6. Repeat the rotation to the other side. | 7. Continue alternating sides for the desired number of repetitions."
"EX-0014";"0014";"Rotação russa assistida";"assisted motion russian twist";"Abdômen";"Bola medicinal";"Abdominais";"oblíquos, região lombar";"Sem sprites; sem mapeamento de animação";"";"0014-assisted-motion-russian-twist";"1. Sit on the ground with your knees bent and feet flat on the floor. | 2. Hold the medicine ball with both hands in front of your chest. | 3. Lean back slightly, engaging your abs and keeping your back straight. | 4. Slowly twist your torso to the right, bringing the medicine ball towards the right side of your body. | 5. Pause for a moment, then twist your torso to the left, bringing the medicine ball towards the left side of your body. | 6. Continue alternating sides for the desired number of repetitions."
"EX-0845";"0845";"Rotação russo (pernas acima) com peso adicional";"weighted russian twist (legs up)";"Abdômen";"Com carga";"Abdominais";"oblíquos, flexores do quadril";"Sem sprites; sem mapeamento de animação";"";"0845-weighted-russian-twist-legs-up";"1. Sit on the ground with your knees bent and feet lifted off the ground, keeping your legs together. | 2. Hold the weight with both hands in front of your chest, keeping your elbows slightly bent. | 3. Lean back slightly to engage your core muscles. | 4. Twist your torso to the right, bringing the weight towards the ground on your right side. | 5. Pause for a moment, then twist your torso to the left, bringing the weight towards the ground on your left side. | 6. Continue alternating sides for the desired number of repetitions."
"EX-2371";"2371";"Rotação russo versão 2 com peso adicional";"weighted russian twist v. 2";"Abdômen";"Com carga";"Abdominais";"oblíquos, região lombar";"Sem sprites; sem mapeamento de animação";"";"2371-weighted-russian-twist-v-2";"1. Sit on the ground with your knees bent and feet flat on the floor. | 2. Hold the weight with both hands in front of your chest. | 3. Lean back slightly to engage your core muscles. | 4. Twist your torso to the right, bringing the weight towards the right side of your body. | 5. Pause for a moment, then twist your torso to the left, bringing the weight towards the left side of your body. | 6. Continue alternating sides for the desired number of repetitions."
"EX-0849";"0849";"Rotação sentado (na bola suíça) com peso adicional";"weighted seated twist (on stability ball)";"Abdômen";"Com carga";"Abdominais";"oblíquos, região lombar";"Sem sprites; sem mapeamento de animação";"";"0849-weighted-seated-twist-on-stability-ball";"1. Sit on a stability ball with your feet flat on the ground and your knees bent at a 90-degree angle. | 2. Hold a weight plate or dumbbell with both hands close to your chest. | 3. Engage your core and slowly rotate your torso to one side, keeping your hips stable. | 4. Pause for a moment at the end of the rotation, then slowly return to the starting position. | 5. Repeat the rotation to the other side. | 6. Continue alternating sides for the desired number of repetitions."
"EX-0094";"0094";"Rotação sentado com barra";"barbell seated twist";"Abdômen";"Barra";"Abdominais";"oblíquos, região lombar";"Sem sprites; sem mapeamento de animação";"";"0094-barbell-seated-twist";"1. Sit on a flat bench with your feet flat on the ground and your knees bent. | 2. Hold a barbell with both hands in front of your chest, keeping your elbows slightly bent. | 3. Engage your core and slowly twist your torso to one side, keeping your back straight. | 4. Pause for a moment at the end of the twist, then slowly rotate back to the starting position. | 5. Repeat the twist to the other side. | 6. Continue alternating sides for the desired number of repetitions."
"EX-1011";"1011";"Rotação sentado com faixa elástica";"band seated twist";"Abdômen";"Faixa elástica";"Abdominais";"oblíquos";"Sem sprites; sem mapeamento de animação";"";"1011-band-seated-twist";"1. Sit on the ground with your legs extended in front of you and your back straight. | 2. Wrap the band around your waist and hold the ends with both hands. | 3. Engage your abs and slowly twist your torso to one side, keeping your back straight and your feet on the ground. | 4. Pause for a moment at the end of the twist, then slowly return to the starting position. | 5. Repeat the twist to the other side. | 6. Continue alternating sides for the desired number of repetitions."
"EX-2399";"2399";"Rotação sentado no cabo";"cable seated twist";"Abdômen";"Cabo";"Abdominais";"oblíquos";"Sem sprites; sem mapeamento de animação";"";"2399-cable-seated-twist";"1. Sit on a cable machine with your feet flat on the ground and your knees slightly bent. | 2. Hold the cable handle with both hands and extend your arms straight in front of you. | 3. Keeping your core engaged, slowly rotate your torso to one side, pulling the cable across your body. | 4. Pause for a moment at the end of the range of motion, then slowly rotate back to the starting position. | 5. Repeat on the other side. | 6. Continue alternating sides for the desired number of repetitions."
"EX-0211";"0211";"Russo rotações (na bola suíça) no cabo";"cable russian twists (on stability ball)";"Abdômen";"Cabo";"Abdominais";"oblíquos, região lombar";"Sem sprites; sem mapeamento de animação";"";"0211-cable-russian-twists-on-stability-ball";"1. Sit on a stability ball with your feet flat on the ground and your knees bent at a 90-degree angle. | 2. Hold the cable handle with both hands and extend your arms straight out in front of you. | 3. Lean back slightly while keeping your back straight and your core engaged. | 4. Twist your torso to the right, bringing the cable handle towards your right hip. | 5. Pause for a moment, then twist your torso to the left, bringing the cable handle towards your left hip. | 6. Continue alternating twists for the desired number of repetitions."
"EX-3301";"3301";"Sapo planche";"frog planche";"Abdômen";"Peso corporal";"Abdominais";"ombros, peito, tríceps";"Sem sprites; sem mapeamento de animação";"";"3301-frog-planche";"1. Start in a push-up position with your hands shoulder-width apart and your feet together. | 2. Bend your elbows and lower your body towards the ground, keeping your back straight. | 3. As you lower your body, lift your feet off the ground and bring your knees towards your chest. | 4. Hold this position for a few seconds, then extend your legs back out and push yourself back up to the starting position. | 5. Repeat for the desired number of repetitions."
"EX-0805";"0805";"Suspenso abdominal extensão";"suspended abdominal fallout";"Abdômen";"Peso corporal";"Abdominais";"oblíquos, flexores do quadril";"Sem sprites; sem mapeamento de animação";"";"0805-suspended-abdominal-fallout";"1. Attach a suspension trainer to a high anchor point and adjust the straps to waist height. | 2. Stand facing away from the anchor point and hold the handles with your arms extended in front of you. | 3. Lean forward at the waist, keeping your body straight and your core engaged. | 4. Lower your body as far as you can while maintaining control and tension in your abs. | 5. Pause for a moment at the bottom, then slowly raise your body back up to the starting position. | 6. Repeat for the desired number of repetitions."
"EX-0473";"0473";"Suspenso pike";"hanging pike";"Abdômen";"Peso corporal";"Abdominais";"flexores do quadril, ombros";"Sem sprites; sem mapeamento de animação";"";"0473-hanging-pike";"1. Hang from a pull-up bar with your arms fully extended and your palms facing away from you. | 2. Engage your core and lift your legs up towards the bar, keeping them straight. | 3. Continue lifting until your body forms a 'V' shape, with your legs parallel to the ground. | 4. Hold the position for a moment, then slowly lower your legs back down to the starting position. | 5. Repeat for the desired number of repetitions."
"EX-0858";"0858";"Tiros de corrida";"wind sprints";"Abdômen";"Peso corporal";"Abdominais";"quadríceps, isquiotibiais, panturrilhas";"Sem sprites; sem mapeamento de animação";"";"0858-wind-sprints";"1. Find an open space or a track to perform the exercise. | 2. Start by standing with your feet shoulder-width apart. | 3. Begin running as fast as you can, pumping your arms and driving your knees up. | 4. Continue sprinting for a specific distance or time period. | 5. Rest and repeat for the desired number of repetitions."
"EX-1496";"1496";"Trenó martelo";"sledge hammer";"Abdômen";"Martelo";"Abdominais";"antebraços, ombros";"Sem sprites; sem mapeamento de animação";"";"1496-sledge-hammer";"1. Stand with your feet shoulder-width apart and hold the sledge hammer with both hands. | 2. Engage your core and keep your back straight. | 3. Swing the sledge hammer down towards the ground, using your core and upper body strength. | 4. As you swing down, pivot your hips and transfer the force to the hammer. | 5. Repeat for the desired number of repetitions."
"EX-0640";"0640";"Unilateral arremesso ao chão (com bola medicinal)";"one arm slam (with medicine ball)";"Abdômen";"Bola medicinal";"Abdominais";"ombros, costas";"Sem sprites; sem mapeamento de animação";"";"0640-one-arm-slam-with-medicine-ball";"1. Stand with your feet shoulder-width apart, holding the medicine ball with one hand in front of your waist. | 2. Bend your knees slightly and engage your core. | 3. Raise the medicine ball above your head, fully extending your arm. | 4. Forcefully slam the medicine ball down to the ground, using your core and shoulders to generate power. | 5. Catch the medicine ball on the bounce and repeat for the desired number of repetitions."
"EX-1014";"1014";"V acima com faixa elástica";"band v-up";"Abdômen";"Faixa elástica";"Abdominais";"flexores do quadril";"Sem sprites; sem mapeamento de animação";"";"1014-band-v-up";"1. Lie flat on your back with your legs straight and your arms extended overhead, holding the band. | 2. Engaging your abs, lift your legs and upper body off the ground simultaneously, reaching your hands towards your toes. | 3. Pause for a moment at the top, then slowly lower your legs and upper body back down to the starting position. | 4. Repeat for the desired number of repetitions."
"EX-3420";"3420";"V sentado no chão";"v-sit on floor";"Abdômen";"Peso corporal";"Abdominais";"flexores do quadril";"Sem sprites; sem mapeamento de animação";"";"3420-v-sit-on-floor";"1. Sit on the floor with your legs extended in front of you. | 2. Lean back slightly and lift your legs off the ground, keeping them straight. | 3. Simultaneously, lift your upper body off the ground and reach your arms towards your legs. | 4. Hold this position for a few seconds, then slowly lower your upper body and legs back down to the starting position. | 5. Repeat for the desired number of repetitions."
"EX-0721";"0721";"Alongamento lateral punho puxada";"side wrist pull stretch";"Antebraços";"Peso corporal";"Antebraços";"punhos, mãos";"Sem sprites; sem mapeamento de animação";"";"0721-side-wrist-pull-stretch";"1. Stand with your feet shoulder-width apart and your arms extended in front of you. | 2. Extend your right arm out to the side, parallel to the ground, with your palm facing down. | 3. With your left hand, grab your right hand and gently pull it towards your body, feeling a stretch in your right forearm. | 4. Hold the stretch for 15-30 seconds, then release. | 5. Repeat on the other side."
"EX-0518";"0518";"Alternado suspensão clean com kettlebell";"kettlebell alternating hang clean";"Antebraços";"Kettlebell";"Antebraços";"ombros, trapézios, core";"Sem sprites; sem mapeamento de animação";"";"0518-kettlebell-alternating-hang-clean";"1. Stand with your feet shoulder-width apart, holding a kettlebell in each hand with an overhand grip. | 2. Bend your knees slightly and hinge forward at the hips, keeping your back straight and chest up. | 3. Allow the kettlebells to hang in front of your body with your arms fully extended. | 4. In one fluid motion, explosively extend your hips, shrug your shoulders, and pull the kettlebells up towards your shoulders. | 5. As the kettlebells reach shoulder height, rotate your wrists and catch the kettlebells in the rack position, with your palms facing inward and the kettlebells resting on the outside of your forearms. | 6. Lower the kettlebells back down to the starting position and repeat the movement with the opposite arm. | 7. Continue alternating arms for the desired number of repetitions."
"EX-0455";"0455";"Dedo roscas";"finger curls";"Antebraços";"Barra";"Antebraços";"flexores do punho, músculos de preensão";"Sem sprites; sem mapeamento de animação";"";"0455-finger-curls";"1. Sit on a bench with your feet flat on the ground and hold a barbell with an underhand grip, palms facing up. | 2. Rest your forearms on your thighs, allowing your wrists to hang off the edge. | 3. Slowly curl your fingers towards your palms, squeezing the barbell tightly. | 4. Hold the contraction for a moment, then slowly release your fingers back to the starting position. | 5. Repeat for the desired number of repetitions."
"EX-1437";"1437";"Dedo roscas com halteres";"dumbbell finger curls";"Antebraços";"Haltere";"Antebraços";"flexores do punho, extensores do punho";"Sem sprites; sem mapeamento de animação";"";"1437-dumbbell-finger-curls";"1. Sit on a bench or chair with your feet flat on the ground and your back straight. | 2. Hold a dumbbell in one hand with an underhand grip, resting your forearm on your thigh, palm facing up. | 3. Allow the dumbbell to roll down to your fingertips, then curl it back up by flexing your fingers. | 4. Repeat for the desired number of repetitions, then switch to the other hand."
"EX-0347";"0347";"Deitado pronação com halteres";"dumbbell lying pronation";"Antebraços";"Haltere";"Antebraços";"bíceps, ombros";"Sem sprites; sem mapeamento de animação";"";"0347-dumbbell-lying-pronation";"1. Lie flat on a bench with your chest facing down and your arms extended straight down, holding a dumbbell in each hand. | 2. Rotate your palms so they are facing up. | 3. Keeping your upper arms stationary, exhale and curl the dumbbells as you rotate your palms to face down. | 4. Inhale and slowly lower the dumbbells back to the starting position. | 5. Repeat for the desired number of repetitions."
"EX-2705";"2705";"Deitado pronação no chão com halteres";"dumbbell lying pronation on floor";"Antebraços";"Haltere";"Antebraços";"bíceps, tríceps";"Sem sprites; sem mapeamento de animação";"";"2705-dumbbell-lying-pronation-on-floor";"1. Lie flat on the floor with your face down and your arms extended straight out in front of you, holding a dumbbell in each hand. | 2. Rotate your palms so they are facing down towards the floor. | 3. Keeping your arms straight, lift the dumbbells off the floor by contracting your forearms. | 4. Continue lifting until your forearms are fully contracted and the dumbbells are at shoulder level. | 5. Hold for a moment, then slowly lower the dumbbells back down to the starting position. | 6. Repeat for the desired number of repetitions."
"EX-0349";"0349";"Deitado supinação com halteres";"dumbbell lying supination";"Antebraços";"Haltere";"Antebraços";"bíceps, ombros";"Sem sprites; sem mapeamento de animação";"";"0349-dumbbell-lying-supination";"1. Lie flat on a bench with your feet flat on the ground. | 2. Hold a dumbbell in each hand with your palms facing up and your arms fully extended. | 3. Keeping your upper arms stationary, curl the dumbbells towards your shoulders by contracting your forearms. | 4. Pause for a moment at the top, then slowly lower the dumbbells back to the starting position. | 5. Repeat for the desired number of repetitions."
"EX-2706";"2706";"Deitado supinação no chão com halteres";"dumbbell lying supination on floor";"Antebraços";"Haltere";"Antebraços";"bíceps, ombros";"Sem sprites; sem mapeamento de animação";"";"2706-dumbbell-lying-supination-on-floor";"1. Lie flat on your back on the floor with your legs extended and your arms by your sides, holding a dumbbell in each hand. | 2. Rotate your palms to face up, keeping your elbows close to your sides. | 3. Slowly curl the dumbbells towards your shoulders, squeezing your forearms. | 4. Pause for a moment at the top, then slowly lower the dumbbells back down to the starting position. | 5. Repeat for the desired number of repetitions."
"EX-0854";"0854";"Em pé mão contração com peso adicional";"weighted standing hand squeeze";"Antebraços";"Com carga";"Antebraços";"bíceps, tríceps";"Sem sprites; sem mapeamento de animação";"";"0854-weighted-standing-hand-squeeze";"1. Stand with your feet shoulder-width apart and hold a weight in each hand. | 2. Extend your arms straight in front of you, palms facing each other. | 3. Squeeze your hands together as hard as you can, engaging your forearms. | 4. Hold the squeeze for a few seconds, then release. | 5. Repeat for the desired number of repetitions."
"EX-1421";"1421";"Flexão de braços modificado até inferior braços";"modified push up to lower arms";"Antebraços";"Peso corporal";"Antebraços";"tríceps, peito, ombros";"Sem sprites; sem mapeamento de animação";"";"1421-modified-push-up-to-lower-arms";"1. Start in a push-up position with your hands directly under your shoulders and your body in a straight line. | 2. Lower your body down towards the ground by bending your elbows, keeping them close to your sides. | 3. Once your elbows are at a 90-degree angle, lower your forearms to the ground, keeping your elbows directly under your shoulders. | 4. Pause for a moment, then push through your palms to lift your forearms back up to the starting position. | 5. Repeat for the desired number of repetitions."
"EX-1411";"1411";"Flexão de punhos com as palmas para baixo sobre o banco com barra";"barbell palms down wrist curl over a bench";"Antebraços";"Barra";"Antebraços";"bíceps, braquial";"Sem sprites; sem mapeamento de animação";"";"1411-barbell-palms-down-wrist-curl-over-a-bench";"1. Sit on a bench with your feet flat on the ground and your forearms resting on your thighs, palms facing down. | 2. Hold a barbell with an overhand grip, hands shoulder-width apart. | 3. Lower the barbell towards the ground by flexing your wrists, keeping your forearms stationary. | 4. Pause for a moment at the bottom, then slowly raise the barbell back up by extending your wrists. | 5. Repeat for the desired number of repetitions."
"EX-1412";"1412";"Flexão de punhos com as palmas para cima sobre o banco com barra";"barbell palms up wrist curl over a bench";"Antebraços";"Barra";"Antebraços";"bíceps, ombros";"Sem sprites; sem mapeamento de animação";"";"1412-barbell-palms-up-wrist-curl-over-a-bench";"1. Sit on a bench with your feet flat on the ground and hold a barbell with an underhand grip, palms facing up. | 2. Rest your forearms on the bench, allowing your wrists to hang off the edge. | 3. Keeping your forearms stationary, exhale and curl your wrists upwards as far as possible. | 4. Hold the contracted position for a brief pause, then inhale and slowly lower the barbell back to the starting position. | 5. Repeat for the desired number of repetitions."
"EX-1016";"1016";"Flexão de punhos com faixa elástica";"band wrist curl";"Antebraços";"Faixa elástica";"Antebraços";"bíceps, tríceps";"Sem sprites; sem mapeamento de animação";"";"1016-band-wrist-curl";"1. Sit on a bench or chair with your feet flat on the ground. | 2. Hold the band with both hands, palms facing up, and rest your forearms on your thighs. | 3. Slowly curl your wrists upward, squeezing your forearms. | 4. Pause for a moment at the top, then slowly lower your wrists back down to the starting position. | 5. Repeat for the desired number of repetitions."
"EX-0104";"0104";"Flexão de punhos em pé costas com barra";"barbell standing back wrist curl";"Antebraços";"Barra";"Antebraços";"bíceps, ombros";"Sem sprites; sem mapeamento de animação";"";"0104-barbell-standing-back-wrist-curl";"1. Stand up straight with your feet shoulder-width apart and hold a barbell with an overhand grip. | 2. Rest the barbell on the back of your hands with your palms facing down and your fingers pointing towards your body. | 3. Keeping your upper arms stationary, exhale and curl your wrists upwards as far as possible. | 4. Hold the contracted position for a brief pause, then inhale and slowly lower the barbell back to the starting position. | 5. Repeat for the desired number of repetitions."
"EX-0771";"0771";"Flexão de punhos em pé costas no aparelho Smith";"smith standing back wrist curl";"Antebraços";"Máquina Smith";"Antebraços";"bíceps, tríceps";"Sem sprites; sem mapeamento de animação";"";"0771-smith-standing-back-wrist-curl";"1. Stand facing the smith machine with your feet shoulder-width apart. | 2. Grasp the barbell with an overhand grip, hands shoulder-width apart. | 3. Keep your back straight and your elbows close to your body. | 4. Slowly curl your wrists upwards, bringing the barbell towards your body. | 5. Pause for a moment at the top, then slowly lower the barbell back down to the starting position. | 6. Repeat for the desired number of repetitions."
"EX-0224";"0224";"Flexão de punhos em pé costas no cabo";"cable standing back wrist curl";"Antebraços";"Cabo";"Antebraços";"bíceps, braquial";"Sem sprites; sem mapeamento de animação";"";"0224-cable-standing-back-wrist-curl";"1. Stand facing a cable machine with your feet shoulder-width apart. | 2. Hold the cable handle with an overhand grip, palms facing down. | 3. Keep your arms straight and your elbows close to your sides. | 4. Slowly curl your wrists upward, bringing the cable handle towards your body. | 5. Pause for a moment at the top, then slowly lower the cable handle back to the starting position. | 6. Repeat for the desired number of repetitions."
"EX-0079";"0079";"Flexão de punhos invertida com barra — versão 2";"barbell revers wrist curl v. 2";"Antebraços";"Barra";"Antebraços";"bíceps, braquial";"Sem sprites; sem mapeamento de animação";"";"0079-barbell-revers-wrist-curl-v-2";"1. Sit on a bench with your feet flat on the ground and your knees bent. | 2. Hold a barbell with an overhand grip, palms facing down, and your hands shoulder-width apart. | 3. Rest your forearms on your thighs, allowing your wrists to hang off the edge. | 4. Keeping your forearms stationary, exhale and curl your wrists upward as far as possible. | 5. Hold the contracted position for a brief pause, then inhale and slowly lower the barbell back to the starting position. | 6. Repeat for the desired number of repetitions."
"EX-0082";"0082";"Flexão de punhos invertido com barra";"barbell reverse wrist curl";"Antebraços";"Barra";"Antebraços";"bíceps, braquial";"Sem sprites; sem mapeamento de animação";"";"0082-barbell-reverse-wrist-curl";"1. Sit on a bench with your feet flat on the ground and hold a barbell with an overhand grip, palms facing down. | 2. Rest your forearms on your thighs, allowing your wrists to hang off the edge. | 3. Slowly curl your wrists upward, bringing the barbell towards your body. | 4. Pause for a moment at the top, then slowly lower the barbell back down to the starting position. | 5. Repeat for the desired number of repetitions."
"EX-0994";"0994";"Flexão de punhos invertido com faixa elástica";"band reverse wrist curl";"Antebraços";"Faixa elástica";"Antebraços";"antebraços";"Sem sprites; sem mapeamento de animação";"";"0994-band-reverse-wrist-curl";"1. Sit on a bench or chair with your feet flat on the ground. | 2. Hold the band with an overhand grip, palms facing down, and wrap it around your fingers. | 3. Rest your forearms on your thighs, with your wrists hanging off the edge. | 4. Slowly curl your wrists upward, squeezing your forearms. | 5. Pause for a moment at the top, then slowly lower your wrists back down to the starting position. | 6. Repeat for the desired number of repetitions."
"EX-0210";"0210";"Flexão de punhos invertido no cabo";"cable reverse wrist curl";"Antebraços";"Cabo";"Antebraços";"antebraços, punhos";"Sem sprites; sem mapeamento de animação";"";"0210-cable-reverse-wrist-curl";"1. Attach a cable to a low pulley and sit on a bench facing the cable machine. | 2. Grasp the cable handle with an overhand grip, palms facing down. | 3. Rest your forearms on your thighs, with your wrists hanging off the edge. | 4. Keeping your forearms stationary, exhale and curl your wrists upward as far as possible. | 5. Pause for a moment at the top, then inhale and slowly lower your wrists back down to the starting position. | 6. Repeat for the desired number of repetitions."
"EX-0247";"0247";"Flexão de punhos no cabo";"cable wrist curl";"Antebraços";"Cabo";"Antebraços";"bíceps, braquial";"Sem sprites; sem mapeamento de animação";"";"0247-cable-wrist-curl";"1. Attach a straight bar to a low pulley cable machine. | 2. Stand facing the machine with your feet shoulder-width apart. | 3. Grasp the bar with an underhand grip, palms facing up, and your hands shoulder-width apart. | 4. Rest your forearms on a bench or pad, with your wrists hanging off the edge. | 5. Keeping your forearms stationary, exhale and curl your wrists upward as far as possible. | 6. Pause for a moment at the top, then inhale and slowly lower the bar back to the starting position. | 7. Repeat for the desired number of repetitions."
"EX-0401";"0401";"Flexão de punhos sentado com as palmas para cima com halteres";"dumbbell seated palms up wrist curl";"Antebraços";"Haltere";"Antebraços";"bíceps, ombros";"Sem sprites; sem mapeamento de animação";"";"0401-dumbbell-seated-palms-up-wrist-curl";"1. Sit on a bench with your feet flat on the ground and hold a dumbbell in each hand, palms facing up. | 2. Rest your forearms on your thighs, allowing your wrists to hang off the edge. | 3. Slowly curl your wrists upward, squeezing your forearms at the top of the movement. | 4. Pause for a moment, then lower your wrists back down to the starting position. | 5. Repeat for the desired number of repetitions."
"EX-1426";"1426";"Flexão de punhos sentado no aparelho Smith";"smith seated wrist curl";"Antebraços";"Máquina Smith";"Antebraços";"bíceps, braquial";"Sem sprites; sem mapeamento de animação";"";"1426-smith-seated-wrist-curl";"1. Sit on a bench in front of a Smith machine with your feet flat on the ground. | 2. Grasp the barbell with an underhand grip, hands shoulder-width apart. | 3. Rest your forearms on your thighs, allowing your wrists to hang off. | 4. Slowly curl your wrists upward, bringing the barbell towards your forearms. | 5. Pause for a moment at the top, then slowly lower the barbell back down to the starting position. | 6. Repeat for the desired number of repetitions."
"EX-0369";"0369";"Flexão de punhos sobre o banco com halteres";"dumbbell over bench wrist curl";"Antebraços";"Haltere";"Antebraços";"bíceps, braquial";"Sem sprites; sem mapeamento de animação";"";"0369-dumbbell-over-bench-wrist-curl";"1. Sit on a bench with your forearms resting on the bench and your palms facing up, holding a dumbbell in each hand. | 2. Allow your wrists to hang over the edge of the bench. | 3. Slowly curl your wrists upward, squeezing your forearms at the top of the movement. | 4. Pause for a moment, then slowly lower your wrists back down to the starting position. | 5. Repeat for the desired number of repetitions."
"EX-0368";"0368";"Flexão de punhos sobre o banco invertido com halteres";"dumbbell over bench revers wrist curl";"Antebraços";"Haltere";"Antebraços";"bíceps, braquial";"Sem sprites; sem mapeamento de animação";"";"0368-dumbbell-over-bench-revers-wrist-curl";"1. Sit on a bench with your feet flat on the ground and hold a dumbbell in each hand, palms facing down. | 2. Rest your forearms on the bench, allowing your wrists to hang off the edge. | 3. Slowly curl your wrists upward, bringing the dumbbells towards your body. | 4. Pause for a moment at the top, then slowly lower the dumbbells back down to the starting position. | 5. Repeat for the desired number of repetitions."
"EX-0367";"0367";"Flexão de punhos sobre o banco unilateral com halteres";"dumbbell over bench one arm wrist curl";"Antebraços";"Haltere";"Antebraços";"bíceps, ombros";"Sem sprites; sem mapeamento de animação";"";"0367-dumbbell-over-bench-one-arm-wrist-curl";"1. Sit on a bench with your feet flat on the ground and hold a dumbbell in one hand, palm facing down. | 2. Rest your forearm on the bench with your wrist hanging off the edge. | 3. Slowly curl your wrist upwards, bringing the dumbbell towards your forearm. | 4. Pause for a moment at the top, then slowly lower the dumbbell back down to the starting position. | 5. Repeat for the desired number of repetitions, then switch to the other arm."
"EX-1441";"1441";"Flexão de punhos sobre o banco unilateral invertido com halteres";"dumbbell over bench one arm reverse wrist curl";"Antebraços";"Haltere";"Antebraços";"bíceps, braquial";"Sem sprites; sem mapeamento de animação";"";"1441-dumbbell-over-bench-one-arm-reverse-wrist-curl";"1. Sit on a bench with your feet flat on the ground and hold a dumbbell in one hand, palm facing down. | 2. Rest your forearm on the bench with your wrist hanging off the edge. | 3. Slowly curl your wrist upwards, bringing the dumbbell towards your forearm. | 4. Pause for a moment at the top, then slowly lower the dumbbell back down to the starting position. | 5. Repeat for the desired number of repetitions, then switch to the other arm."
"EX-0364";"0364";"Flexão de punhos unilateral com halteres";"dumbbell one arm wrist curl";"Antebraços";"Haltere";"Antebraços";"bíceps, braquial";"Sem sprites; sem mapeamento de animação";"";"0364-dumbbell-one-arm-wrist-curl";"1. Sit on a bench or chair with your feet flat on the ground. | 2. Hold a dumbbell in one hand with an underhand grip, resting your forearm on your thigh. | 3. Allow your wrist to extend, letting the dumbbell roll down towards your fingers. | 4. Slowly curl your wrist back up, bringing the dumbbell towards your forearm. | 5. Repeat for the desired number of repetitions, then switch to the other hand."
"EX-0358";"0358";"Flexão de punhos unilateral invertido com halteres";"dumbbell one arm reverse wrist curl";"Antebraços";"Haltere";"Antebraços";"extensores do punho";"Sem sprites; sem mapeamento de animação";"";"0358-dumbbell-one-arm-reverse-wrist-curl";"1. Sit on a bench or chair with your feet flat on the ground. | 2. Hold a dumbbell in one hand with an overhand grip, palm facing down. | 3. Rest your forearm on your thigh, with your wrist hanging off the edge. | 4. Slowly lower the dumbbell towards the ground by flexing your wrist. | 5. Pause for a moment at the bottom, then slowly curl your wrist back up towards your body. | 6. Repeat for the desired number of repetitions, then switch to the other arm."
"EX-1415";"1415";"Flexão de punhos unilateral sentado neutro com halteres";"dumbbell one arm seated neutral wrist curl";"Antebraços";"Haltere";"Antebraços";"bíceps, braquial";"Sem sprites; sem mapeamento de animação";"";"1415-dumbbell-one-arm-seated-neutral-wrist-curl";"1. Sit on a bench with your feet flat on the ground and hold a dumbbell in one hand, palm facing up. | 2. Rest your forearm on your thigh, allowing your wrist to hang off the edge. | 3. Keeping your forearm stationary, curl your wrist upward as far as possible. | 4. Pause for a moment at the top, then slowly lower your wrist back down to the starting position. | 5. Repeat for the desired number of repetitions, then switch to the other hand."
"EX-0125";"0125";"Flexão de punhos versão 2 com barra";"barbell wrist curl v. 2";"Antebraços";"Barra";"Antebraços";"bíceps, braquial";"Sem sprites; sem mapeamento de animação";"";"0125-barbell-wrist-curl-v-2";"1. Sit on a bench with your feet flat on the ground and your knees bent. | 2. Hold a barbell with an underhand grip, palms facing up, and your hands shoulder-width apart. | 3. Rest your forearms on your thighs, allowing your wrists to hang off the edge. | 4. Slowly curl your wrists upward, bringing the barbell towards your forearms. | 5. Pause for a moment at the top, then slowly lower the barbell back down to the starting position. | 6. Repeat for the desired number of repetitions."
"EX-2288";"2288";"Fortalecedor de pegada mãos na máquina articulada";"lever gripper hands";"Antebraços";"Máquina articulada";"Antebraços";"bíceps, tríceps";"Sem sprites; sem mapeamento de animação";"";"2288-lever-gripper-hands";"1. Adjust the seat height and grip the handles of the leverage machine. | 2. Keep your back straight and your feet flat on the ground. | 3. Exhale and squeeze the handles, contracting your forearms. | 4. Hold the contraction for a second, then slowly release and return to the starting position. | 5. Repeat for the desired number of repetitions."
"EX-1428";"1428";"Punho círculos";"wrist circles";"Antebraços";"Peso corporal";"Antebraços";"mãos, punhos";"Sem sprites; sem mapeamento de animação";"";"1428-wrist-circles";"1. Extend your arms straight out in front of you. | 2. Make a fist with both hands. | 3. Rotate your wrists in a circular motion, keeping your arms still. | 4. Continue the wrist circles for the desired number of repetitions."
"EX-0859";"0859";"Punho rolo";"wrist rollerer";"Antebraços";"Com carga";"Antebraços";"bíceps, tríceps";"Sem sprites; sem mapeamento de animação";"";"0859-wrist-rollerer";"1. Attach a weight to one end of a rope or bar. | 2. Hold the other end of the rope or bar with both hands, palms facing down. | 3. Stand with your feet shoulder-width apart and your arms fully extended in front of you. | 4. Slowly roll the weight up towards your hands by flexing your wrists. | 5. Pause for a moment at the top, then slowly lower the weight back down to the starting position. | 6. Repeat for the desired number of repetitions."
"EX-0399";"0399";"Sentado unilateral girar com halteres";"dumbbell seated one arm rotate";"Antebraços";"Haltere";"Antebraços";"ombros, bíceps";"Sem sprites; sem mapeamento de animação";"";"0399-dumbbell-seated-one-arm-rotate";"1. Sit on a bench with your back straight and hold a dumbbell in one hand, resting it on your thigh. | 2. Raise the dumbbell up to shoulder height, keeping your elbow close to your body. | 3. Rotate your forearm outward, away from your body, while keeping your upper arm stationary. | 4. Pause for a moment at the top, then slowly rotate your forearm back to the starting position. | 5. Repeat for the desired number of repetitions, then switch to the other arm."
"EX-0643";"0643";"Alongamento acima da cabeça tríceps";"overhead triceps stretch";"Braços";"Peso corporal";"Tríceps";"ombros";"Sem sprites; sem mapeamento de animação";"";"0643-overhead-triceps-stretch";"1. Stand or sit upright with your feet shoulder-width apart. | 2. Extend one arm overhead, bending at the elbow so that your hand reaches towards the opposite shoulder blade. | 3. With your other hand, gently pull the elbow of the extended arm towards the opposite side of your head, feeling a stretch in your triceps. | 4. Hold the stretch for 15-30 seconds, then release. | 5. Repeat on the other side."
"EX-1745";"1745";"Alongamento sentado tríceps na bola suíça";"exercise ball seated triceps stretch";"Braços";"Bola de estabilidade";"Tríceps";"ombros";"Sem sprites; sem mapeamento de animação";"";"1745-exercise-ball-seated-triceps-stretch";"1. Sit on a stability ball with your feet flat on the ground and your back straight. | 2. Hold a dumbbell in one hand and extend your arm straight up above your head. | 3. Bend your elbow and lower the dumbbell behind your head, keeping your upper arm close to your ear. | 4. Hold the stretch for a few seconds, then return to the starting position. | 5. Repeat with the other arm."
"EX-0817";"0817";"Alongamento tríceps";"triceps stretch";"Braços";"Peso corporal";"Tríceps";"ombros";"Sem sprites; sem mapeamento de animação";"";"0817-triceps-stretch";"1. Stand or sit upright with your back straight. | 2. Extend one arm overhead, bending it at the elbow. | 3. Place your opposite hand on the bent elbow and gently pull it towards your head. | 4. Hold the stretch for 15-30 seconds, feeling a gentle stretch in your triceps. | 5. Release the stretch and repeat on the other arm."
"EX-0677";"0677";"Argolas mergulhos";"ring dips";"Braços";"Peso corporal";"Tríceps";"peito, ombros";"Sem sprites; sem mapeamento de animação";"";"0677-ring-dips";"1. Start by hanging from the rings with your arms fully extended and your body straight. | 2. Lower your body by bending your elbows until your shoulders are below your elbows. | 3. Push yourself back up to the starting position by straightening your arms. | 4. Repeat for the desired number of repetitions."
"EX-0140";"0140";"Barra fixa bíceps";"biceps pull-up";"Braços";"Peso corporal";"Bíceps";"antebraços, ombros";"Sem sprites; sem mapeamento de animação";"";"0140-biceps-pull-up";"1. Hang from a pull-up bar with your palms facing away from you and your hands shoulder-width apart. | 2. Engage your core and pull yourself up by bending your elbows, bringing your chest towards the bar. | 3. Pause at the top of the movement, then slowly lower yourself back down to the starting position. | 4. Repeat for the desired number of repetitions."
"EX-1728";"1728";"Coice dois braço tríceps no cabo";"cable two arm tricep kickback";"Braços";"Cabo";"Tríceps";"ombros";"Sem sprites; sem mapeamento de animação";"";"1728-cable-two-arm-tricep-kickback";"1. Stand with your feet shoulder-width apart and knees slightly bent. | 2. Hold the cable handle in each hand with your palms facing inwards and your arms bent at a 90-degree angle. | 3. Keeping your upper arms stationary, extend your forearms backwards until your arms are fully extended. | 4. Pause for a moment, then slowly return to the starting position. | 5. Repeat for the desired number of repetitions."
"EX-1739";"1739";"Coice em pé alternado tríceps com halteres";"dumbbell standing alternating tricep kickback";"Braços";"Haltere";"Tríceps";"ombros";"Sem sprites; sem mapeamento de animação";"";"1739-dumbbell-standing-alternating-tricep-kickback";"1. Stand with your feet shoulder-width apart, holding a dumbbell in each hand. | 2. Bend your knees slightly and hinge forward at the hips, keeping your back straight. | 3. Extend your arms straight back, keeping your elbows close to your body. | 4. Pause for a moment at the top, then slowly lower the dumbbells back to the starting position. | 5. Repeat with the other arm, alternating sides with each repetition."
"EX-0420";"0420";"Coice em pé com halteres";"dumbbell standing kickback";"Braços";"Haltere";"Tríceps";"ombros";"Sem sprites; sem mapeamento de animação";"";"0420-dumbbell-standing-kickback";"1. Stand with your feet shoulder-width apart and hold a dumbbell in each hand. | 2. Bend your knees slightly and hinge forward at the hips, keeping your back straight. | 3. Extend your arms straight back, squeezing your triceps at the top of the movement. | 4. Pause for a moment, then slowly lower the dumbbells back to the starting position. | 5. Repeat for the desired number of repetitions."
"EX-0860";"0860";"Coice no cabo";"cable kickback";"Braços";"Cabo";"Tríceps";"ombros";"Sem sprites; sem mapeamento de animação";"";"0860-cable-kickback";"1. Stand facing a cable machine with your feet shoulder-width apart. | 2. Hold the cable handle with your right hand and step back to create tension in the cable. | 3. Bend your knees slightly and hinge forward at the hips, keeping your back straight. | 4. Keep your upper arm close to your body and your elbow bent at a 90-degree angle. | 5. Extend your forearm backward, straightening your arm fully. | 6. Pause for a moment, then slowly return to the starting position. | 7. Repeat for the desired number of repetitions, then switch sides."
"EX-0394";"0394";"Coice sentado com halteres";"dumbbell seated kickback";"Braços";"Haltere";"Tríceps";"ombros";"Sem sprites; sem mapeamento de animação";"";"0394-dumbbell-seated-kickback";"1. Sit on a bench with your feet flat on the ground and hold a dumbbell in each hand. | 2. Bend your knees slightly and lean forward from your hips, keeping your back straight. | 3. Bring your upper arms close to your sides and keep your elbows bent at a 90-degree angle. | 4. Extend your arms straight back, squeezing your triceps at the top of the movement. | 5. Pause for a moment, then slowly lower the dumbbells back to the starting position. | 6. Repeat for the desired number of repetitions."
"EX-1730";"1730";"Coice sentado com tronco inclinado alternado com halteres";"dumbbell seated bent over alternate kickback";"Braços";"Haltere";"Tríceps";"ombros, costas";"Sem sprites; sem mapeamento de animação";"";"1730-dumbbell-seated-bent-over-alternate-kickback";"1. Sit on a bench with a dumbbell in each hand, palms facing inwards. | 2. Bend forward at the waist, keeping your back straight and parallel to the ground. | 3. Extend one arm straight back, keeping it close to your body, until your arm is fully extended. | 4. Pause for a moment, then slowly lower the dumbbell back to the starting position. | 5. Repeat with the other arm. | 6. Continue alternating arms for the desired number of repetitions."
"EX-0398";"0398";"Coice sentado unilateral com halteres";"dumbbell seated one arm kickback";"Braços";"Haltere";"Tríceps";"ombros";"Sem sprites; sem mapeamento de animação";"";"0398-dumbbell-seated-one-arm-kickback";"1. Sit on a bench with your feet flat on the ground and hold a dumbbell in one hand. | 2. Bend your torso forward at the waist, keeping your back straight and parallel to the ground. | 3. Extend your arm straight back, keeping your elbow close to your body. | 4. Pause for a moment at the top, then slowly lower the dumbbell back to the starting position. | 5. Repeat for the desired number of repetitions, then switch arms."
"EX-1742";"1742";"Coice tríceps com cegonha base com halteres";"dumbbell tricep kickback with stork stance";"Braços";"Haltere";"Tríceps";"ombros";"Sem sprites; sem mapeamento de animação";"";"1742-dumbbell-tricep-kickback-with-stork-stance";"1. Stand with your feet shoulder-width apart and hold a dumbbell in your right hand. | 2. Bend your knees slightly and hinge forward at the hips, keeping your back straight. | 3. Bring your right elbow up to your side, keeping it bent at a 90-degree angle. | 4. Extend your right arm straight back, squeezing your triceps. | 5. Pause for a moment, then slowly lower the dumbbell back to the starting position. | 6. Repeat for the desired number of repetitions, then switch sides."
"EX-0354";"0354";"Coice unilateral com halteres";"dumbbell one arm kickback";"Braços";"Haltere";"Tríceps";"ombros";"Sem sprites; sem mapeamento de animação";"";"0354-dumbbell-one-arm-kickback";"1. Stand with your feet shoulder-width apart and hold a dumbbell in your right hand. | 2. Bend your knees slightly and hinge forward at the hips, keeping your back straight. | 3. Bring your right elbow up to your side, keeping it bent at a 90-degree angle. | 4. Extend your right arm straight back, squeezing your triceps at the top of the movement. | 5. Slowly lower the dumbbell back to the starting position. | 6. Repeat for the desired number of repetitions, then switch sides."
"EX-1734";"1734";"Coices no bola suíça com halteres";"dumbbell kickbacks on exercise ball";"Braços";"Haltere";"Tríceps";"ombros, costas";"Sem sprites; sem mapeamento de animação";"";"1734-dumbbell-kickbacks-on-exercise-ball";"1. Sit on an exercise ball with your feet flat on the ground and your back straight. | 2. Hold a dumbbell in each hand with your palms facing inwards and your arms bent at a 90-degree angle. | 3. Extend your arms straight back, squeezing your triceps at the top of the movement. | 4. Pause for a moment, then slowly lower the dumbbells back to the starting position. | 5. Repeat for the desired number of repetitions."
"EX-0207";"0207";"Com pegada invertida tríceps na polia no cabo";"cable reverse-grip pushdown";"Braços";"Cabo";"Tríceps";"antebraços";"Sem sprites; sem mapeamento de animação";"";"0207-cable-reverse-grip-pushdown";"1. Attach a straight bar to a high pulley cable machine. | 2. Stand facing the machine with your feet shoulder-width apart. | 3. Grasp the bar with an underhand grip, palms facing up, and your hands shoulder-width apart. | 4. Keep your elbows close to your sides and your upper arms stationary throughout the exercise. | 5. Using your triceps, push the bar down until your arms are fully extended and your triceps are contracted. | 6. Pause for a moment, then slowly return the bar to the starting position. | 7. Repeat for the desired number of repetitions."
"EX-1721";"1721";"Com pegada invertida tríceps testa com barra";"barbell reverse grip skullcrusher";"Braços";"Barra";"Tríceps";"antebraços";"Sem sprites; sem mapeamento de animação";"";"1721-barbell-reverse-grip-skullcrusher";"1. Lie flat on a bench with your feet flat on the ground and your head at the end of the bench. | 2. Hold the barbell with a reverse grip, palms facing towards your face, and your hands shoulder-width apart. | 3. Extend your arms straight up over your chest, keeping your elbows in and your wrists straight. | 4. Slowly lower the barbell towards your forehead by bending your elbows, keeping your upper arms stationary. | 5. Pause for a moment at the bottom, then extend your arms back up to the starting position. | 6. Repeat for the desired number of repetitions."
"EX-0525";"0525";"Com um base para cima clean a partir de o suspensão posição com kettlebell";"kettlebell bottoms up clean from the hang position";"Braços";"Kettlebell";"Bíceps";"antebraços, ombros";"Sem sprites; sem mapeamento de animação";"";"0525-kettlebell-bottoms-up-clean-from-the-hang-position";"1. Stand with your feet shoulder-width apart, holding a kettlebell in one hand with an overhand grip. | 2. Bend your knees slightly and hinge forward at the hips, keeping your back straight and chest up. | 3. Allow the kettlebell to hang down between your legs, with your arm fully extended. | 4. In one fluid motion, explosively extend your hips and knees while pulling the kettlebell up towards your shoulder. | 5. As the kettlebell reaches shoulder height, rotate your wrist so that the bottom of the kettlebell is facing up. | 6. Catch the kettlebell at shoulder height with your elbow bent and your palm facing up. | 7. Lower the kettlebell back down to the starting position by reversing the movement. | 8. Repeat for the desired number of repetitions, then switch sides."
"EX-0137";"0137";"Corpo acima";"body-up";"Braços";"Peso corporal";"Tríceps";"peito, ombros";"Sem sprites; sem mapeamento de animação";"";"0137-body-up";"1. Start by placing your hands on a raised surface, such as a bench or parallel bars, with your palms facing down and fingers pointing forward. | 2. Extend your legs out in front of you, keeping your heels on the ground and your body straight. | 3. Lower your body by bending your elbows, keeping them close to your sides, until your upper arms are parallel to the ground. | 4. Pause for a moment, then push through your palms to straighten your arms and lift your body back up to the starting position. | 5. Repeat for the desired number of repetitions."
"EX-3287";"3287";"Cotovelo mergulhos";"elbow dips";"Braços";"Peso corporal";"Tríceps";"peito, ombros";"Sem sprites; sem mapeamento de animação";"";"3287-elbow-dips";"1. Sit on the edge of a bench or chair with your hands gripping the edge next to your hips. | 2. Slide your hips forward off the bench and straighten your legs, keeping your heels on the ground. | 3. Bend your elbows and lower your body towards the ground, keeping your back close to the bench. | 4. Pause for a moment at the bottom, then push through your hands to straighten your arms and lift your body back up to the starting position. | 5. Repeat for the desired number of repetitions."
"EX-0296";"0296";"Desenvolvimento com pegada fechada com halteres";"dumbbell close-grip press";"Braços";"Haltere";"Tríceps";"peito, ombros";"Sem sprites; sem mapeamento de animação";"";"0296-dumbbell-close-grip-press";"1. Sit on a flat bench with a dumbbell in each hand, resting on your thighs. | 2. Using your thighs to help raise the dumbbells, lift the dumbbells one at a time so that you can hold them in front of you at shoulder width. | 3. Once at shoulder width, rotate your wrists forward so that the palms of your hands are facing away from you. This will be your starting position. | 4. As you breathe in, slowly lower the dumbbells to your side until they are about level with your chest. | 5. As you exhale, use your triceps to lift the dumbbells back to the starting position. | 6. Repeat for the desired number of repetitions."
"EX-1731";"1731";"Desenvolvimento com pegada fechada com halteres";"dumbbell close grip press";"Braços";"Haltere";"Tríceps";"peito, ombros";"Sem sprites; sem mapeamento de animação";"";"1731-dumbbell-close-grip-press";"1. Sit on a flat bench with a dumbbell in each hand, resting on your thighs. | 2. Using your thighs to help raise the dumbbells, lift the dumbbells one at a time so that you can hold them in front of you at shoulder width. | 3. Once at shoulder width, rotate your wrists forward so that the palms of your hands are facing away from you. This will be your starting position. | 4. As you breathe in, slowly lower the dumbbells to your side until they are about level with your chest. | 5. As you exhale, use your triceps to lift the dumbbells back to the starting position. Make sure to use only your triceps and do not use your forearms or biceps to help lift the dumbbells. | 6. After a second pause at the contracted position, repeat the movement for the prescribed amount of repetitions."
"EX-3547";"3547";"Desenvolvimento de ombros sentado rosca de bíceps até com halteres";"dumbbell seated biceps curl to shoulder press";"Braços";"Haltere";"Bíceps";"ombros";"Sem sprites; sem mapeamento de animação";"";"3547-dumbbell-seated-biceps-curl-to-shoulder-press";"1. Sit on a bench with your back straight and feet flat on the ground. | 2. Hold a dumbbell in each hand with your palms facing forward and arms fully extended. | 3. Keeping your elbows close to your sides, curl the dumbbells up towards your shoulders. | 4. Once your forearms are vertical, rotate your wrists so that your palms are facing forward. | 5. Press the dumbbells overhead until your arms are fully extended. | 6. Lower the dumbbells back down to the starting position by reversing the movement. | 7. Repeat for the desired number of repetitions."
"EX-0035";"0035";"Desenvolvimento declinado com pegada fechada até crânio com barra";"barbell decline close grip to skull press";"Braços";"Barra";"Tríceps";"peito, ombros";"Sem sprites; sem mapeamento de animação";"";"0035-barbell-decline-close-grip-to-skull-press";"1. Lie on a decline bench with your head lower than your feet and hold a barbell with a close grip. | 2. Lower the barbell towards your forehead by bending your elbows, keeping your upper arms stationary. | 3. Pause for a moment, then extend your arms to press the barbell back up to the starting position. | 4. Repeat for the desired number of repetitions."
"EX-0448";"0448";"Desenvolvimento declinado com pegada fechada face com barra W";"ez barbell decline close grip face press";"Braços";"Barra EZ";"Tríceps";"peito, ombros";"Sem sprites; sem mapeamento de animação";"";"0448-ez-barbell-decline-close-grip-face-press";"1. Lie on a decline bench with your head lower than your feet. | 2. Grasp the ez barbell with a close grip, palms facing each other. | 3. Extend your arms straight up above your chest, keeping your elbows close to your body. | 4. Lower the barbell towards your forehead by bending your elbows. | 5. Pause for a moment, then press the barbell back up to the starting position. | 6. Repeat for the desired number of repetitions."
"EX-1617";"1617";"Desenvolvimento declinado unilateral martelo com halteres";"dumbbell decline one arm hammer press";"Braços";"Haltere";"Tríceps";"peito, ombros";"Sem sprites; sem mapeamento de animação";"";"1617-dumbbell-decline-one-arm-hammer-press";"1. Lie on a decline bench with a dumbbell in one hand, resting on your chest. | 2. Extend your arm straight up, keeping your elbow slightly bent. | 3. Lower the dumbbell down towards your shoulder, keeping your elbow close to your body. | 4. Press the dumbbell back up to the starting position. | 5. Repeat for the desired number of repetitions, then switch arms."
"EX-0055";"0055";"Desenvolvimento deitado com pegada fechada com barra";"barbell lying close-grip press";"Braços";"Barra";"Tríceps";"peito, ombros";"Sem sprites; sem mapeamento de animação";"";"0055-barbell-lying-close-grip-press";"1. Lie flat on a bench with your feet flat on the ground and your back pressed against the bench. | 2. Grasp the barbell with a close grip, hands shoulder-width apart, palms facing towards your feet. | 3. Lift the barbell off the rack and hold it directly above your chest with your arms fully extended. | 4. Slowly lower the barbell towards your chest, keeping your elbows close to your body. | 5. Pause for a moment when the barbell touches your chest, then push it back up to the starting position. | 6. Repeat for the desired number of repetitions."
"EX-0338";"0338";"Desenvolvimento deitado cotovelo com halteres";"dumbbell lying elbow press";"Braços";"Haltere";"Tríceps";"peito, ombros";"Sem sprites; sem mapeamento de animação";"";"0338-dumbbell-lying-elbow-press";"1. Lie flat on a bench with a dumbbell in each hand, palms facing each other and arms extended straight up over your chest. | 2. Lower the dumbbells towards your shoulders by bending your elbows, keeping your upper arms stationary. | 3. Pause for a moment at the bottom, then press the dumbbells back up to the starting position by extending your elbows. | 4. Repeat for the desired number of repetitions."
"EX-1749";"1749";"Desenvolvimento ez barra em pé french";"ez bar standing french press";"Braços";"Barra EZ";"Tríceps";"ombros";"Sem sprites; sem mapeamento de animação";"";"1749-ez-bar-standing-french-press";"1. Stand with your feet shoulder-width apart and hold the ez barbell with an overhand grip. | 2. Raise the barbell above your head, fully extending your arms. | 3. Keeping your upper arms close to your head, slowly lower the barbell behind your head by bending your elbows. | 4. Pause for a moment, then extend your arms back to the starting position. | 5. Repeat for the desired number of repetitions."
"EX-1747";"1747";"Desenvolvimento ez barra french no bola suíça";"ez bar french press on exercise ball";"Braços";"Barra EZ";"Tríceps";"ombros";"Sem sprites; sem mapeamento de animação";"";"1747-ez-bar-french-press-on-exercise-ball";"1. Sit on an exercise ball and hold an EZ barbell with an overhand grip. | 2. Extend your arms straight up, keeping your elbows close to your head. | 3. Slowly lower the barbell behind your head by bending your elbows. | 4. Pause for a moment, then extend your arms back up to the starting position. | 5. Repeat for the desired number of repetitions."
"EX-0048";"0048";"Desenvolvimento inclinado com pegada invertida com barra";"barbell incline reverse-grip press";"Braços";"Barra";"Tríceps";"peito, ombros";"Sem sprites; sem mapeamento de animação";"";"0048-barbell-incline-reverse-grip-press";"1. Set up an incline bench at a 45-degree angle. | 2. Lie back on the bench and grasp the barbell with a reverse grip, hands slightly wider than shoulder-width apart. | 3. Unrack the barbell and lower it towards your upper chest, keeping your elbows tucked in. | 4. Pause for a moment at the bottom, then push the barbell back up to the starting position. | 5. Repeat for the desired number of repetitions."
"EX-1618";"1618";"Desenvolvimento inclinado martelo no bola suíça com halteres";"dumbbell incline hammer press on exercise ball";"Braços";"Haltere";"Tríceps";"peito, ombros";"Sem sprites; sem mapeamento de animação";"";"1618-dumbbell-incline-hammer-press-on-exercise-ball";"1. Sit on an exercise ball with a dumbbell in each hand, palms facing each other. | 2. Walk your feet forward and roll your body down the ball until your head, neck, and upper back are supported on the ball. | 3. Hold the dumbbells at shoulder level, elbows bent and pointing out to the sides. | 4. Press the dumbbells up and slightly inward, keeping your palms facing each other. | 5. Extend your arms fully, squeezing your triceps at the top of the movement. | 6. Slowly lower the dumbbells back to the starting position. | 7. Repeat for the desired number of repetitions."
"EX-1619";"1619";"Desenvolvimento inclinado unilateral martelo com halteres";"dumbbell incline one arm hammer press";"Braços";"Haltere";"Tríceps";"ombros, peito";"Sem sprites; sem mapeamento de animação";"";"1619-dumbbell-incline-one-arm-hammer-press";"1. Sit on an incline bench with a dumbbell in one hand, resting on your thigh. | 2. Lean back on the bench and use your thigh to help raise the dumbbell to shoulder height. | 3. Rotate your wrist so that your palm is facing inward, towards your body. | 4. Press the dumbbell up and away from your body, extending your arm fully. | 5. Pause for a moment at the top, then slowly lower the dumbbell back down to the starting position. | 6. Repeat for the desired number of repetitions, then switch arms."
"EX-1620";"1620";"Desenvolvimento inclinado unilateral martelo no bola suíça com halteres";"dumbbell incline one arm hammer press on exercise ball";"Braços";"Haltere";"Tríceps";"ombros, peito";"Sem sprites; sem mapeamento de animação";"";"1620-dumbbell-incline-one-arm-hammer-press-on-exercise-ball";"1. Sit on an exercise ball with a dumbbell in one hand. | 2. Walk your feet forward and roll your body down until your head, neck, and upper back are supported on the ball. | 3. Hold the dumbbell with your palm facing inward and your elbow bent at a 90-degree angle. | 4. Press the dumbbell up towards the ceiling, straightening your arm. | 5. Lower the dumbbell back down to the starting position. | 6. Repeat for the desired number of repetitions, then switch arms."
"EX-3291";"3291";"Desenvolvimento stalder";"stalder press";"Braços";"Peso corporal";"Tríceps";"ombros, core";"Sem sprites; sem mapeamento de animação";"";"3291-stalder-press";"1. Start by standing with your feet shoulder-width apart and your arms extended overhead. | 2. Bend your knees slightly and engage your core. | 3. Lower your body down into a squat position while keeping your arms extended overhead. | 4. As you squat down, press your arms down towards the ground, engaging your triceps. | 5. Pause for a moment at the bottom of the squat, then push through your heels to stand back up while simultaneously raising your arms back overhead. | 6. Repeat for the desired number of repetitions."
"EX-0436";"0436";"Desenvolvimento tate com halteres";"dumbbell tate press";"Braços";"Haltere";"Tríceps";"ombros";"Sem sprites; sem mapeamento de animação";"";"0436-dumbbell-tate-press";"1. Sit on a flat bench with a dumbbell in each hand, palms facing each other. | 2. Raise the dumbbells to shoulder height, then rotate your wrists so that your palms are facing away from you. | 3. Press the dumbbells up until your arms are fully extended, then lower them back down to shoulder height. | 4. Rotate your wrists back to the starting position and repeat for the desired number of repetitions."
"EX-0816";"0816";"Desenvolvimento tríceps";"triceps press";"Braços";"Peso corporal";"Tríceps";"ombros";"Sem sprites; sem mapeamento de animação";"";"0816-triceps-press";"1. Stand with your feet shoulder-width apart and your knees slightly bent. | 2. Extend your arms straight out in front of you, parallel to the ground. | 3. Bend your elbows and lower your body towards the ground, keeping your upper arms close to your sides. | 4. Pause for a moment at the bottom, then push yourself back up to the starting position. | 5. Repeat for the desired number of repetitions."
"EX-1736";"1736";"Desenvolvimento unilateral french no bola suíça com halteres";"dumbbell one arm french press on exercise ball";"Braços";"Haltere";"Tríceps";"ombros";"Sem sprites; sem mapeamento de animação";"";"1736-dumbbell-one-arm-french-press-on-exercise-ball";"1. Sit on an exercise ball with your feet flat on the ground and your back straight. | 2. Hold a dumbbell in one hand with your palm facing up and your elbow bent at a 90-degree angle. | 3. Extend your arm straight up towards the ceiling, keeping your elbow stationary. | 4. Slowly lower the dumbbell back down to the starting position. | 5. Repeat for the desired number of repetitions, then switch arms."
"EX-1621";"1621";"Desenvolvimento unilateral martelo no bola suíça com halteres";"dumbbell one arm hammer press on exercise ball";"Braços";"Haltere";"Tríceps";"ombros, peito";"Sem sprites; sem mapeamento de animação";"";"1621-dumbbell-one-arm-hammer-press-on-exercise-ball";"1. Sit on an exercise ball with your feet flat on the ground and your back straight. | 2. Hold a dumbbell in one hand with your palm facing inwards and your elbow bent at a 90-degree angle. | 3. Place your other hand on your hip for stability. | 4. Press the dumbbell upwards, extending your arm fully. | 5. Pause for a moment at the top, then slowly lower the dumbbell back to the starting position. | 6. Repeat for the desired number of repetitions, then switch arms."
"EX-0065";"0065";"Desenvolvimento unilateral no chão com barra";"barbell one arm floor press";"Braços";"Barra";"Tríceps";"peito, ombros";"Sem sprites; sem mapeamento de animação";"";"0065-barbell-one-arm-floor-press";"1. Lie flat on your back on the floor with your knees bent and feet flat on the ground. | 2. Hold the barbell with one hand, palm facing up, and extend your arm straight up over your chest. | 3. Slowly lower the barbell towards your chest, keeping your elbow close to your body. | 4. Pause for a moment at the bottom, then push the barbell back up to the starting position. | 5. Repeat for the desired number of repetitions, then switch arms."
"EX-0526";"0526";"Duplo alternado suspensão clean com kettlebell";"kettlebell double alternating hang clean";"Braços";"Kettlebell";"Bíceps";"antebraços, ombros";"Sem sprites; sem mapeamento de animação";"";"0526-kettlebell-double-alternating-hang-clean";"1. Stand with your feet shoulder-width apart, holding a kettlebell in each hand with an overhand grip. | 2. Bend your knees slightly and hinge forward at the hips, keeping your back straight and chest up. | 3. Allow the kettlebells to hang straight down in front of your body. | 4. In one fluid motion, explosively extend your hips and knees while shrugging your shoulders. | 5. As the kettlebells rise, pull them up towards your shoulders, keeping your elbows high and out to the sides. | 6. Catch the kettlebells at shoulder height, with your palms facing inward and your elbows pointing forward. | 7. Lower the kettlebells back down to the starting position and repeat for the desired number of repetitions."
"EX-0152";"0152";"Extensão concentrado (no joelho) no cabo";"cable concentration extension (on knee)";"Braços";"Cabo";"Tríceps";"antebraços";"Sem sprites; sem mapeamento de animação";"";"0152-cable-concentration-extension-on-knee";"1. Sit on a bench or chair with your knees bent and feet flat on the ground. | 2. Hold the cable handle with your right hand and place your elbow on the inside of your right knee. | 3. Extend your arm fully, keeping your elbow stationary and close to your knee. | 4. Pause for a moment at the top, then slowly lower your arm back to the starting position. | 5. Repeat for the desired number of repetitions, then switch sides."
"EX-0194";"0194";"Extensão de tríceps acima da cabeça (corda) no cabo";"cable overhead triceps extension (rope attachment)";"Braços";"Cabo";"Tríceps";"ombros";"Sem sprites; sem mapeamento de animação";"";"0194-cable-overhead-triceps-extension-rope-attachment";"1. Attach a rope to a cable machine at a high position. | 2. Stand facing away from the machine with your feet shoulder-width apart. | 3. Grasp the rope with both hands, palms facing each other, and bring your hands above your head. | 4. Keep your upper arms close to your head and your elbows pointing forward. | 5. Slowly lower the rope behind your head by bending your elbows. | 6. Pause for a moment, then extend your arms back up to the starting position. | 7. Repeat for the desired number of repetitions."
"EX-1771";"1771";"Extensão de tríceps ajoelhado com peso corporal";"bodyweight kneeling triceps extension";"Braços";"Peso corporal";"Tríceps";"ombros, peito";"Sem sprites; sem mapeamento de animação";"";"1771-bodyweight-kneeling-triceps-extension";"1. Kneel down on the ground with your knees hip-width apart. | 2. Place your hands on the ground in front of you, shoulder-width apart, fingers pointing forward. | 3. Extend your legs straight behind you, balancing on your toes and hands, forming a straight line from head to heels. | 4. Bend your elbows and lower your upper body towards the ground, keeping your elbows close to your sides. | 5. Pause for a moment at the bottom, then push through your hands to straighten your arms and return to the starting position. | 6. Repeat for the desired number of repetitions."
"EX-0176";"0176";"Extensão de tríceps ajoelhado no cabo";"cable kneeling triceps extension";"Braços";"Cabo";"Tríceps";"ombros";"Sem sprites; sem mapeamento de animação";"";"0176-cable-kneeling-triceps-extension";"1. Attach a rope handle to a high pulley and kneel down facing the cable machine. | 2. Grasp the rope with a neutral grip (palms facing each other) and bring your hands to the sides of your head. | 3. Keep your elbows close to your head and your upper arms stationary throughout the exercise. | 4. Extend your forearms by contracting your triceps until your arms are fully extended. | 5. Pause for a moment, then slowly return to the starting position by bending your elbows. | 6. Repeat for the desired number of repetitions."
"EX-0149";"0149";"Extensão de tríceps alternado no cabo";"cable alternate triceps extension";"Braços";"Cabo";"Tríceps";"ombros";"Sem sprites; sem mapeamento de animação";"";"0149-cable-alternate-triceps-extension";"1. Stand facing the cable machine with your feet shoulder-width apart. | 2. Hold the cable handle with your right hand and bring your arm up so that your upper arm is parallel to the ground and your elbow is bent at a 90-degree angle. | 3. Keep your upper arm stationary and extend your forearm backward, fully straightening your arm. | 4. Pause for a moment, then slowly return to the starting position. | 5. Repeat with your left arm. | 6. Continue alternating arms for the desired number of repetitions."
"EX-0018";"0018";"Extensão de tríceps assistida em pé (com toalha)";"assisted standing triceps extension (with towel)";"Braços";"Assistido";"Tríceps";"ombros";"Sem sprites; sem mapeamento de animação";"";"0018-assisted-standing-triceps-extension-with-towel";"1. Stand with your feet shoulder-width apart and hold a towel with both hands behind your head. | 2. Keep your elbows close to your ears and your upper arms stationary. | 3. Slowly extend your forearms upward, squeezing your triceps at the top. | 4. Pause for a moment, then slowly lower the towel back down to the starting position. | 5. Repeat for the desired number of repetitions."
"EX-1724";"1724";"Extensão de tríceps corda alto polia acima da cabeça no cabo";"cable rope high pulley overhead tricep extension";"Braços";"Cabo";"Tríceps";"ombros";"Sem sprites; sem mapeamento de animação";"";"1724-cable-rope-high-pulley-overhead-tricep-extension";"1. Attach a rope to a high pulley and adjust the weight accordingly. | 2. Stand facing away from the pulley machine with your feet shoulder-width apart. | 3. Grasp the rope with both hands, palms facing down, and bring your hands above your head. | 4. Keep your upper arms close to your head and perpendicular to the floor. | 5. Slowly lower the rope behind your head by bending your elbows. | 6. Pause for a moment, then extend your arms back to the starting position. | 7. Repeat for the desired number of repetitions."
"EX-1726";"1726";"Extensão de tríceps corda deitado no chão no cabo";"cable rope lying on floor tricep extension";"Braços";"Cabo";"Tríceps";"ombros";"Sem sprites; sem mapeamento de animação";"";"1726-cable-rope-lying-on-floor-tricep-extension";"1. Attach a rope to a cable machine and set it to the lowest position. | 2. Lie on the floor facing up, with your head towards the cable machine. | 3. Hold the rope with both hands, palms facing each other, and extend your arms straight up towards the ceiling. | 4. Keep your upper arms stationary and slowly lower the rope towards your forehead, bending your elbows. | 5. Pause for a moment, then extend your arms back up to the starting position. | 6. Repeat for the desired number of repetitions."
"EX-1725";"1725";"Extensão de tríceps corda inclinado no cabo";"cable rope incline tricep extension";"Braços";"Cabo";"Tríceps";"ombros";"Sem sprites; sem mapeamento de animação";"";"1725-cable-rope-incline-tricep-extension";"1. Attach a rope to a high pulley and adjust the incline bench to a comfortable angle. | 2. Stand facing away from the pulley with your feet shoulder-width apart. | 3. Grasp the rope with an overhand grip and extend your arms straight overhead. | 4. Keep your elbows close to your head and your upper arms stationary throughout the exercise. | 5. Lower the rope behind your head by bending your elbows until your forearms touch your biceps. | 6. Pause for a moment, then extend your arms back to the starting position. | 7. Repeat for the desired number of repetitions."
"EX-2186";"2186";"Extensão de tríceps declinado com barra W";"ez barbell decline triceps extension";"Braços";"Barra EZ";"Tríceps";"ombros";"Sem sprites; sem mapeamento de animação";"";"2186-ez-barbell-decline-triceps-extension";"1. Lie on a decline bench with your head lower than your feet and your feet secured. | 2. Hold the ez barbell with an overhand grip, hands shoulder-width apart. | 3. Extend your arms fully, keeping your elbows close to your head. | 4. Lower the barbell slowly towards your forehead, bending your elbows. | 5. Pause for a moment, then extend your arms back to the starting position. | 6. Repeat for the desired number of repetitions."
"EX-0306";"0306";"Extensão de tríceps declinado com halteres";"dumbbell decline triceps extension";"Braços";"Haltere";"Tríceps";"ombros";"Sem sprites; sem mapeamento de animação";"";"0306-dumbbell-decline-triceps-extension";"1. Lie on a decline bench with your head lower than your feet and hold a dumbbell in each hand, palms facing each other. | 2. Extend your arms fully, keeping your elbows close to your head. | 3. Lower the dumbbells slowly behind your head, bending your elbows. | 4. Pause for a moment, then raise the dumbbells back to the starting position. | 5. Repeat for the desired number of repetitions."
"EX-0061";"0061";"Extensão de tríceps deitado com barra";"barbell lying triceps extension";"Braços";"Barra";"Tríceps";"ombros";"Sem sprites; sem mapeamento de animação";"";"0061-barbell-lying-triceps-extension";"1. Lie flat on a bench with your feet flat on the ground and your head at the end of the bench. | 2. Hold the barbell with an overhand grip, hands shoulder-width apart, and extend your arms straight up over your chest. | 3. Keeping your upper arms stationary, slowly lower the barbell towards your forehead by bending your elbows. | 4. Pause for a moment at the bottom, then extend your arms back up to the starting position. | 5. Repeat for the desired number of repetitions."
"EX-0056";"0056";"Extensão de tríceps deitado com pegada fechada com barra";"barbell lying close-grip triceps extension";"Braços";"Barra";"Tríceps";"ombros";"Sem sprites; sem mapeamento de animação";"";"0056-barbell-lying-close-grip-triceps-extension";"1. Lie flat on a bench with your feet flat on the ground and your head at the end of the bench. | 2. Grasp the barbell with a close grip, hands shoulder-width apart, palms facing up. | 3. Extend your arms fully, lifting the barbell above your chest. | 4. Keeping your upper arms stationary, slowly lower the barbell towards your forehead by bending your elbows. | 5. Pause for a moment at the bottom, then extend your arms back to the starting position. | 6. Repeat for the desired number of repetitions."
"EX-1720";"1720";"Extensão de tríceps deitado costas de o cabeça com barra";"barbell lying back of the head tricep extension";"Braços";"Barra";"Tríceps";"ombros";"Sem sprites; sem mapeamento de animação";"";"1720-barbell-lying-back-of-the-head-tricep-extension";"1. Lie flat on a bench with your feet flat on the ground and your head at the end of the bench. | 2. Hold a barbell with an overhand grip, hands shoulder-width apart, and extend your arms straight up over your chest. | 3. Keeping your upper arms stationary, slowly lower the barbell behind your head by bending your elbows. | 4. Pause for a moment, then extend your arms back up to the starting position. | 5. Repeat for the desired number of repetitions."
"EX-0344";"0344";"Extensão de tríceps deitado unilateral pronada com halteres";"dumbbell lying one arm pronated triceps extension";"Braços";"Haltere";"Tríceps";"ombros";"Sem sprites; sem mapeamento de animação";"";"0344-dumbbell-lying-one-arm-pronated-triceps-extension";"1. Lie flat on a bench with your back and head supported, and your feet flat on the ground. | 2. Hold a dumbbell in one hand with your palm facing down, and extend your arm straight up above your shoulder. | 3. Keeping your upper arm stationary, slowly lower the dumbbell behind your head by bending your elbow. | 4. Pause for a moment at the bottom, then extend your arm back up to the starting position. | 5. Repeat for the desired number of repetitions, then switch arms."
"EX-0346";"0346";"Extensão de tríceps deitado unilateral supinada com halteres";"dumbbell lying one arm supinated triceps extension";"Braços";"Haltere";"Tríceps";"antebraços";"Sem sprites; sem mapeamento de animação";"";"0346-dumbbell-lying-one-arm-supinated-triceps-extension";"1. Lie flat on a bench with your back and head supported, and your feet flat on the ground. | 2. Hold a dumbbell in one hand with an underhand grip, and extend your arm straight up above your shoulder. | 3. Keeping your upper arm stationary, slowly lower the dumbbell behind your head by bending your elbow. | 4. Pause for a moment at the bottom, then extend your arm back up to the starting position. | 5. Repeat for the desired number of repetitions, then switch arms."
"EX-0186";"0186";"Extensão de tríceps deitado versão 2 no cabo";"cable lying triceps extension v. 2";"Braços";"Cabo";"Tríceps";"ombros";"Sem sprites; sem mapeamento de animação";"";"0186-cable-lying-triceps-extension-v-2";"1. Attach a rope handle to a low pulley cable machine. | 2. Lie down on a flat bench facing up, with your head towards the cable machine. | 3. Grasp the rope handle with both hands, palms facing each other, and extend your arms straight up over your chest. | 4. Keeping your upper arms stationary, slowly lower the rope handle towards your forehead by bending your elbows. | 5. Pause for a moment at the bottom, then extend your arms back up to the starting position. | 6. Repeat for the desired number of repetitions."
"EX-0109";"0109";"Extensão de tríceps em pé acima da cabeça com barra";"barbell standing overhead triceps extension";"Braços";"Barra";"Tríceps";"ombros";"Sem sprites; sem mapeamento de animação";"";"0109-barbell-standing-overhead-triceps-extension";"1. Stand with your feet shoulder-width apart and hold a barbell with an overhand grip. | 2. Raise the barbell overhead, fully extending your arms. | 3. Keeping your upper arms close to your head, slowly lower the barbell behind your head by bending your elbows. | 4. Pause for a moment, then raise the barbell back to the starting position by extending your arms. | 5. Repeat for the desired number of repetitions."
"EX-0430";"0430";"Extensão de tríceps em pé com halteres";"dumbbell standing triceps extension";"Braços";"Haltere";"Tríceps";"ombros";"Sem sprites; sem mapeamento de animação";"";"0430-dumbbell-standing-triceps-extension";"1. Stand with your feet shoulder-width apart and hold a dumbbell in one hand. | 2. Raise the dumbbell overhead, keeping your arm straight. | 3. Bend your elbow and lower the dumbbell behind your head, keeping your upper arm stationary. | 4. Extend your arm back up to the starting position. | 5. Repeat for the desired number of repetitions."
"EX-1727";"1727";"Extensão de tríceps em pé com pegada invertida unilateral acima da cabeça no cabo";"cable standing reverse grip one arm overhead tricep extension";"Braços";"Cabo";"Tríceps";"ombros";"Sem sprites; sem mapeamento de animação";"";"1727-cable-standing-reverse-grip-one-arm-overhead-tricep-extension";"1. Stand facing away from the cable machine with your feet shoulder-width apart. | 2. Hold the cable handle with an underhand grip and extend your arm overhead, keeping your elbow close to your head. | 3. Keep your upper arm stationary and slowly lower the cable handle behind your head by bending your elbow. | 4. Pause for a moment at the bottom, then extend your arm back to the starting position. | 5. Repeat for the desired number of repetitions, then switch arms."
"EX-1741";"1741";"Extensão de tríceps em pé com tronco inclinado dois braço com halteres";"dumbbell standing bent over two arm triceps extension";"Braços";"Haltere";"Tríceps";"ombros, costas";"Sem sprites; sem mapeamento de animação";"";"1741-dumbbell-standing-bent-over-two-arm-triceps-extension";"1. Stand with your feet shoulder-width apart and hold a dumbbell in each hand. | 2. Bend forward at the waist, keeping your back straight and your knees slightly bent. | 3. Extend your arms straight back, keeping your elbows close to your body. | 4. Slowly lower the dumbbells back down to the starting position. | 5. Repeat for the desired number of repetitions."
"EX-1740";"1740";"Extensão de tríceps em pé com tronco inclinado unilateral com halteres";"dumbbell standing bent over one arm triceps extension";"Braços";"Haltere";"Tríceps";"ombros, costas";"Sem sprites; sem mapeamento de animação";"";"1740-dumbbell-standing-bent-over-one-arm-triceps-extension";"1. Stand with your feet shoulder-width apart and hold a dumbbell in one hand. | 2. Bend forward at the waist, keeping your back straight and parallel to the ground. | 3. Extend your arm straight back, keeping your elbow close to your body. | 4. Slowly lower the dumbbell back to the starting position. | 5. Repeat for the desired number of repetitions, then switch arms."
"EX-0231";"0231";"Extensão de tríceps em pé unilateral no cabo";"cable standing one arm triceps extension";"Braços";"Cabo";"Tríceps";"ombros";"Sem sprites; sem mapeamento de animação";"";"0231-cable-standing-one-arm-triceps-extension";"1. Stand with your feet shoulder-width apart, facing the cable machine. | 2. Hold the cable handle with your right hand, palm facing down, and position your arm so that it is fully extended and parallel to the ground. | 3. Keep your elbow stationary and close to your body. | 4. Slowly bend your elbow, lowering the cable handle towards the back of your head. | 5. Pause for a moment at the bottom of the movement, then extend your arm back to the starting position. | 6. Repeat for the desired number of repetitions, then switch sides and perform the exercise with your left arm."
"EX-1748";"1748";"Extensão de tríceps ez barra deitado com pegada fechada atrás cabeça";"ez bar lying close grip triceps extension behind head";"Braços";"Barra EZ";"Tríceps";"ombros";"Sem sprites; sem mapeamento de animação";"";"1748-ez-bar-lying-close-grip-triceps-extension-behind-head";"1. Lie flat on a bench with your feet flat on the ground and your head at the end of the bench. | 2. Hold the ez barbell with a close grip, palms facing up, and extend your arms straight up over your chest. | 3. Keeping your upper arms stationary, slowly lower the barbell behind your head by bending your elbows. | 4. Pause for a moment, then extend your arms back up to the starting position. | 5. Repeat for the desired number of repetitions."
"EX-2189";"2189";"Extensão de tríceps halteres sentado";"dumbbells seated triceps extension";"Braços";"Haltere";"Tríceps";"ombros";"Sem sprites; sem mapeamento de animação";"";"2189-dumbbells-seated-triceps-extension";"1. Sit on a bench with your back straight and feet flat on the ground. | 2. Hold a dumbbell in both hands with an overhand grip, and raise it above your head. | 3. Bend your elbows and lower the dumbbell behind your head, keeping your upper arms close to your ears. | 4. Extend your arms and raise the dumbbell back to the starting position. | 5. Repeat for the desired number of repetitions."
"EX-0449";"0449";"Extensão de tríceps inclinado com barra W";"ez barbell incline triceps extension";"Braços";"Barra EZ";"Tríceps";"ombros";"Sem sprites; sem mapeamento de animação";"";"0449-ez-barbell-incline-triceps-extension";"1. Set up an incline bench at a 45-degree angle. | 2. Sit on the bench with your back against the pad and hold the ez barbell with an overhand grip. | 3. Extend your arms fully overhead, keeping your elbows close to your head. | 4. Lower the barbell behind your head by bending your elbows, keeping your upper arms stationary. | 5. Pause for a moment, then extend your arms back to the starting position. | 6. Repeat for the desired number of repetitions."
"EX-0330";"0330";"Extensão de tríceps inclinado com halteres";"dumbbell incline triceps extension";"Braços";"Haltere";"Tríceps";"ombros";"Sem sprites; sem mapeamento de animação";"";"0330-dumbbell-incline-triceps-extension";"1. Sit on an incline bench with a dumbbell in each hand, palms facing inwards. | 2. Extend your arms fully overhead, keeping your elbows close to your head. | 3. Lower the dumbbells behind your head by bending your elbows, keeping your upper arms stationary. | 4. Pause for a moment, then raise the dumbbells back to the starting position by extending your arms. | 5. Repeat for the desired number of repetitions."
"EX-1752";"1752";"Extensão de tríceps inclinado no aparelho Smith";"smith machine incline tricep extension";"Braços";"Máquina Smith";"Tríceps";"ombros";"Sem sprites; sem mapeamento de animação";"";"1752-smith-machine-incline-tricep-extension";"1. Adjust the seat of the smith machine so that the bar is at shoulder height. | 2. Sit on the bench with your back against the pad and your feet flat on the ground. | 3. Grasp the bar with an overhand grip, slightly wider than shoulder-width apart. | 4. Extend your arms fully, lifting the bar off the rack and holding it directly above your chest. | 5. Lower the bar slowly towards your forehead, keeping your elbows close to your head. | 6. Pause for a moment at the bottom, then push the bar back up to the starting position. | 7. Repeat for the desired number of repetitions."
"EX-0173";"0173";"Extensão de tríceps inclinado no cabo";"cable incline triceps extension";"Braços";"Cabo";"Tríceps";"ombros";"Sem sprites; sem mapeamento de animação";"";"0173-cable-incline-triceps-extension";"1. Adjust the cable machine to a low pulley position. | 2. Attach a straight bar to the cable. | 3. Stand facing away from the machine with your feet shoulder-width apart. | 4. Grasp the bar with an overhand grip and extend your arms straight overhead. | 5. Lean forward slightly, keeping your back straight and core engaged. | 6. Bend your elbows and lower the bar behind your head, keeping your upper arms close to your ears. | 7. Pause for a moment, then extend your arms back to the starting position. | 8. Repeat for the desired number of repetitions."
"EX-0998";"0998";"Extensão de tríceps lateral com faixa elástica";"band side triceps extension";"Braços";"Faixa elástica";"Tríceps";"ombros";"Sem sprites; sem mapeamento de animação";"";"0998-band-side-triceps-extension";"1. Stand with your feet shoulder-width apart and hold the band with both hands, palms facing down. | 2. Extend your arms straight out to the sides, keeping them parallel to the ground. | 3. Slowly bend your elbows and bring your hands towards your shoulders, keeping your upper arms still. | 4. Pause for a moment, then slowly extend your arms back out to the starting position. | 5. Repeat for the desired number of repetitions."
"EX-0607";"0607";"Extensão de tríceps na máquina articulada";"lever triceps extension";"Braços";"Máquina articulada";"Tríceps";"ombros";"Sem sprites; sem mapeamento de animação";"";"0607-lever-triceps-extension";"1. Adjust the seat height and position yourself on the machine with your back against the pad. | 2. Grasp the handles with an overhand grip and fully extend your arms in front of you. | 3. Keeping your upper arms stationary, slowly lower the handles towards your forehead by bending your elbows. | 4. Pause for a moment at the bottom, then push the handles back up to the starting position by extending your arms. | 5. Repeat for the desired number of repetitions."
"EX-2405";"2405";"Extensão de tríceps na polia (v barra) (com suporte para bíceps) no cabo";"cable triceps pushdown (v-bar) (with arm blaster)";"Braços";"Cabo";"Tríceps";"antebraços";"Sem sprites; sem mapeamento de animação";"";"2405-cable-triceps-pushdown-v-bar-with-arm-blaster";"1. Attach a v-bar attachment to the cable machine at the highest setting. | 2. Stand facing the cable machine with your feet shoulder-width apart. | 3. Grasp the v-bar with an overhand grip, palms facing down, and your hands shoulder-width apart. | 4. Keep your elbows close to your sides and your upper arms stationary throughout the exercise. | 5. Engage your triceps and exhale as you push the v-bar down until your arms are fully extended. | 6. Pause for a moment at the bottom of the movement, squeezing your triceps. | 7. Inhale as you slowly return the v-bar to the starting position, maintaining control. | 8. Repeat for the desired number of repetitions."
"EX-0241";"0241";"Extensão de tríceps na polia (v barra) no cabo";"cable triceps pushdown (v-bar)";"Braços";"Cabo";"Tríceps";"antebraços";"Sem sprites; sem mapeamento de animação";"";"0241-cable-triceps-pushdown-v-bar";"1. Attach a v-bar attachment to the cable machine at the highest setting. | 2. Stand facing the cable machine with your feet shoulder-width apart. | 3. Grasp the v-bar with an overhand grip, palms facing down, and your hands shoulder-width apart. | 4. Keep your elbows close to your sides and your upper arms stationary throughout the exercise. | 5. Engage your triceps and exhale as you push the v-bar down until your arms are fully extended. | 6. Pause for a moment at the bottom of the movement, squeezing your triceps. | 7. Inhale as you slowly return the v-bar to the starting position, maintaining control. | 8. Repeat for the desired number of repetitions."
"EX-2406";"2406";"Extensão de tríceps na polia com pegada invertida (W barra) (com suporte para bíceps) no cabo";"cable reverse grip triceps pushdown (sz-bar) (with arm blaster)";"Braços";"Cabo";"Tríceps";"antebraços";"Sem sprites; sem mapeamento de animação";"";"2406-cable-reverse-grip-triceps-pushdown-sz-bar-with-arm-blaster";"1. Attach a straight bar to the cable machine at the highest setting. | 2. Stand facing the cable machine with your feet shoulder-width apart. | 3. Grasp the bar with an underhand grip, palms facing up, and your hands shoulder-width apart. | 4. Keep your elbows close to your sides and your upper arms stationary throughout the exercise. | 5. Engage your triceps and slowly push the bar down until your arms are fully extended. | 6. Pause for a moment at the bottom, then slowly return the bar to the starting position. | 7. Repeat for the desired number of repetitions."
"EX-1723";"1723";"Extensão de tríceps na polia unilateral no cabo";"cable one arm tricep pushdown";"Braços";"Cabo";"Tríceps";"antebraços";"Sem sprites; sem mapeamento de animação";"";"1723-cable-one-arm-tricep-pushdown";"1. Stand facing a cable machine with a straight bar attachment at chest height. | 2. Grasp the bar with an overhand grip and step back to create tension in the cable. | 3. Position your feet shoulder-width apart and slightly bend your knees. | 4. Keep your back straight and core engaged throughout the exercise. | 5. Start with your arm fully extended and perpendicular to the floor. | 6. Keeping your upper arm stationary, exhale and push the bar down until your arm is fully extended. | 7. Pause for a moment, then inhale and slowly return to the starting position. | 8. Repeat for the desired number of repetitions, then switch arms."
"EX-0637";"0637";"Extensão de tríceps olímpico barra";"olympic barbell triceps extension";"Braços";"Barra olímpica";"Tríceps";"ombros";"Sem sprites; sem mapeamento de animação";"";"0637-olympic-barbell-triceps-extension";"1. Start by standing with your feet shoulder-width apart and holding the barbell with an overhand grip. | 2. Raise the barbell above your head, fully extending your arms. | 3. Keeping your upper arms close to your head, slowly lower the barbell behind your head by bending your elbows. | 4. Pause for a moment, then extend your arms back to the starting position. | 5. Repeat for the desired number of repetitions."
"EX-1732";"1732";"Extensão de tríceps para a frente avanço com halteres";"dumbbell forward lunge triceps extension";"Braços";"Haltere";"Tríceps";"ombros, core";"Sem sprites; sem mapeamento de animação";"";"1732-dumbbell-forward-lunge-triceps-extension";"1. Stand with your feet shoulder-width apart, holding a dumbbell in each hand. | 2. Take a step forward with your right foot, lowering your body into a lunge position. | 3. Keep your back straight and your chest up. | 4. Extend your arms straight overhead, keeping your elbows close to your ears. | 5. Lower the dumbbells behind your head by bending your elbows. | 6. Pause for a moment, then straighten your arms to return to the starting position. | 7. Repeat the movement for the desired number of repetitions, then switch legs and repeat."
"EX-0373";"0373";"Extensão de tríceps pronar pegada com halteres";"dumbbell pronate-grip triceps extension";"Braços";"Haltere";"Tríceps";"antebraços";"Sem sprites; sem mapeamento de animação";"";"0373-dumbbell-pronate-grip-triceps-extension";"1. Sit on a bench or chair with your back straight and feet flat on the ground. | 2. Hold a dumbbell with both hands, palms facing down, and extend your arms straight up overhead. | 3. Keeping your upper arms close to your head and elbows pointing forward, slowly lower the dumbbell behind your head by bending your elbows. | 4. Pause for a moment, then extend your arms back up to the starting position. | 5. Repeat for the desired number of repetitions."
"EX-0092";"0092";"Extensão de tríceps sentado acima da cabeça com barra";"barbell seated overhead triceps extension";"Braços";"Barra";"Tríceps";"ombros";"Sem sprites; sem mapeamento de animação";"";"0092-barbell-seated-overhead-triceps-extension";"1. Sit on a bench with your back straight and feet flat on the ground. | 2. Hold a barbell with an overhand grip, hands shoulder-width apart, and raise it overhead. | 3. Lower the barbell behind your head by bending your elbows, keeping your upper arms close to your head. | 4. Pause for a moment, then extend your arms to raise the barbell back to the starting position. | 5. Repeat for the desired number of repetitions."
"EX-0453";"0453";"Extensão de tríceps sentado com barra W";"ez barbell seated triceps extension";"Braços";"Barra EZ";"Tríceps";"ombros";"Sem sprites; sem mapeamento de animação";"";"0453-ez-barbell-seated-triceps-extension";"1. Sit on a bench with your back straight and feet flat on the ground. | 2. Hold the ez barbell with an overhand grip, hands shoulder-width apart. | 3. Raise the barbell overhead, fully extending your arms. | 4. Keeping your upper arms stationary, lower the barbell behind your head by bending your elbows. | 5. Pause for a moment, then raise the barbell back to the starting position by extending your arms. | 6. Repeat for the desired number of repetitions."
"EX-2188";"2188";"Extensão de tríceps sentado com halteres";"dumbbell seated triceps extension";"Braços";"Haltere";"Tríceps";"ombros";"Sem sprites; sem mapeamento de animação";"";"2188-dumbbell-seated-triceps-extension";"1. Sit on a bench with your back straight and feet flat on the ground. | 2. Hold a dumbbell with both hands and extend your arms straight up overhead. | 3. Bend your elbows and lower the dumbbell behind your head, keeping your upper arms close to your ears. | 4. Pause for a moment, then straighten your arms and return to the starting position. | 5. Repeat for the desired number of repetitions."
"EX-1718";"1718";"Extensão de tríceps sentado com pegada fechada atrás da cabeça com barra";"barbell seated close grip behind neck triceps extension";"Braços";"Barra";"Tríceps";"ombros";"Sem sprites; sem mapeamento de animação";"";"1718-barbell-seated-close-grip-behind-neck-triceps-extension";"1. Sit on a bench with your back straight and feet flat on the ground. | 2. Hold the barbell with a close grip behind your neck, palms facing forward. | 3. Keep your elbows close to your head and slowly lower the barbell towards the back of your head. | 4. Pause for a moment, then extend your arms back up to the starting position. | 5. Repeat for the desired number of repetitions."
"EX-1738";"1738";"Extensão de tríceps sentado com pegada invertida unilateral acima da cabeça com halteres";"dumbbell seated reverse grip one arm overhead tricep extension";"Braços";"Haltere";"Tríceps";"ombros";"Sem sprites; sem mapeamento de animação";"";"1738-dumbbell-seated-reverse-grip-one-arm-overhead-tricep-extension";"1. Sit on a bench with your back straight and feet flat on the ground. | 2. Hold a dumbbell with an underhand grip and extend your arm straight up overhead. | 3. Lower the dumbbell behind your head by bending your elbow, keeping your upper arm stationary. | 4. Pause for a moment, then extend your arm back up to the starting position. | 5. Repeat for the desired number of repetitions, then switch arms."
"EX-1737";"1737";"Extensão de tríceps sentado com tronco inclinado com halteres";"dumbbell seated bent over triceps extension";"Braços";"Haltere";"Tríceps";"ombros, costas";"Sem sprites; sem mapeamento de animação";"";"1737-dumbbell-seated-bent-over-triceps-extension";"1. Sit on a bench with your feet flat on the ground and hold a dumbbell in each hand. | 2. Bend forward at the waist, keeping your back straight and your head up. | 3. Extend your arms straight back, keeping your elbows close to your head. | 4. Pause for a moment, then slowly lower the dumbbells back to the starting position. | 5. Repeat for the desired number of repetitions."
"EX-1746";"1746";"Extensão de tríceps supino na bola suíça";"exercise ball supine triceps extension";"Braços";"Haltere";"Tríceps";"ombros";"Sem sprites; sem mapeamento de animação";"";"1746-exercise-ball-supine-triceps-extension";"1. Sit on an exercise ball with your feet flat on the ground and your knees bent at a 90-degree angle. | 2. Hold a dumbbell with both hands and extend your arms straight up towards the ceiling. | 3. Slowly lower the dumbbell behind your head, keeping your elbows close to your ears. | 4. Pause for a moment, then raise the dumbbell back up to the starting position. | 5. Repeat for the desired number of repetitions."
"EX-0362";"0362";"Extensão de tríceps unilateral (no banco) com halteres";"dumbbell one arm triceps extension (on bench)";"Braços";"Haltere";"Tríceps";"ombros";"Sem sprites; sem mapeamento de animação";"";"0362-dumbbell-one-arm-triceps-extension-on-bench";"1. Sit on a bench with your back straight and feet flat on the ground. | 2. Hold a dumbbell in one hand and place your other hand on the bench for support. | 3. Raise the dumbbell overhead, keeping your upper arm close to your head and your elbow pointing forward. | 4. Lower the dumbbell behind your head by bending your elbow, keeping your upper arm stationary. | 5. Extend your arm back up to the starting position, fully straightening your elbow. | 6. Repeat for the desired number of repetitions, then switch arms."
"EX-0337";"0337";"Extensão deitado (cruzado face) com halteres";"dumbbell lying extension (across face)";"Braços";"Haltere";"Tríceps";"ombros";"Sem sprites; sem mapeamento de animação";"";"0337-dumbbell-lying-extension-across-face";"1. Lie flat on a bench with your feet flat on the ground and your head at the end of the bench. | 2. Hold a dumbbell with both hands and extend your arms straight up above your chest, palms facing each other. | 3. Keeping your upper arms stationary, slowly lower the dumbbell in an arc behind your head until your forearms are parallel to the ground. | 4. Pause for a moment, then contract your triceps to bring the dumbbell back to the starting position. | 5. Repeat for the desired number of repetitions."
"EX-1729";"1729";"Extensão deitado alternado com halteres";"dumbbell lying alternate extension";"Braços";"Haltere";"Tríceps";"ombros";"Sem sprites; sem mapeamento de animação";"";"1729-dumbbell-lying-alternate-extension";"1. Lie flat on a bench with a dumbbell in each hand, palms facing each other. | 2. Extend your arms straight up over your chest, keeping a slight bend in your elbows. | 3. Lower one dumbbell down towards your head, bending at the elbow, while keeping the other arm extended. | 4. Pause for a moment at the bottom, then raise the dumbbell back up to the starting position. | 5. Repeat with the other arm, alternating sides for the desired number of repetitions."
"EX-0057";"0057";"Extensão deitado com barra";"barbell lying extension";"Braços";"Barra";"Tríceps";"ombros";"Sem sprites; sem mapeamento de animação";"";"0057-barbell-lying-extension";"1. Lie flat on a bench with your feet flat on the ground and your head at the end of the bench. | 2. Hold the barbell with an overhand grip, hands shoulder-width apart, and extend your arms straight up over your chest. | 3. Keeping your upper arms stationary, slowly lower the barbell towards your forehead by bending your elbows. | 4. Pause for a moment, then extend your arms back up to the starting position. | 5. Repeat for the desired number of repetitions."
"EX-1735";"1735";"Extensão deitado unilateral com halteres";"dumbbell lying single extension";"Braços";"Haltere";"Tríceps";"ombros";"Sem sprites; slug já reservado";"single-dumbbell-skullcrusher";"1735-single-dumbbell-skullcrusher";"1. Lie flat on a bench with a dumbbell in one hand and your arm fully extended above your chest. | 2. Lower the dumbbell in a controlled manner towards your forehead, keeping your upper arm stationary. | 3. Pause briefly at the bottom of the movement, then extend your arm back to the starting position. | 4. Repeat for the desired number of repetitions, then switch arms."
"EX-0423";"0423";"Extensão em pé unilateral com halteres";"dumbbell standing one arm extension";"Braços";"Haltere";"Tríceps";"ombros";"Sem sprites; slug já reservado";"single-arm-dumbbell-tricep-extension";"0423-single-arm-dumbbell-tricep-extension";"1. Stand with your feet shoulder-width apart, holding a dumbbell in one hand. | 2. Raise the dumbbell overhead, fully extending your arm. | 3. Keep your upper arm close to your head and perpendicular to the ground. | 4. Slowly lower the dumbbell behind your head, bending your elbow. | 5. Pause for a moment, then raise the dumbbell back to the starting position. | 6. Repeat for the desired number of repetitions."
"EX-1733";"1733";"Extensão inclinado dois braço com halteres";"dumbbell incline two arm extension";"Braços";"Haltere";"Tríceps";"ombros";"Sem sprites; sem mapeamento de animação";"";"1733-dumbbell-incline-two-arm-extension";"1. Sit on an incline bench with a dumbbell in each hand, resting on your thighs. | 2. Slowly lie back on the bench, keeping the dumbbells close to your chest. | 3. Once you are fully lying down, extend your arms straight up towards the ceiling, keeping your elbows slightly bent. | 4. Pause for a moment at the top, then slowly lower the dumbbells back down to the starting position. | 5. Repeat for the desired number of repetitions."
"EX-0259";"0259";"Flexão de braços com pegada fechada";"close-grip push-up";"Braços";"Peso corporal";"Tríceps";"peito, ombros";"Sem sprites; sem mapeamento de animação";"";"0259-close-grip-push-up";"1. Start in a high plank position with your hands placed close together, directly under your shoulders. | 2. Engage your core and lower your body towards the ground, keeping your elbows close to your sides. | 3. Push through your palms to extend your arms and return to the starting position. | 4. Repeat for the desired number of repetitions."
"EX-2398";"2398";"Flexão de braços com pegada fechada (ajoelhado)";"close-grip push-up (on knees)";"Braços";"Peso corporal";"Tríceps";"peito, ombros";"Sem sprites; sem mapeamento de animação";"";"2398-close-grip-push-up-on-knees";"1. Start by getting on your hands and knees, with your hands shoulder-width apart and your knees hip-width apart. | 2. Lower your upper body towards the ground by bending your elbows, keeping them close to your sides. | 3. Pause for a moment when your chest is just above the ground. | 4. Push through your palms to straighten your arms and return to the starting position. | 5. Repeat for the desired number of repetitions."
"EX-1701";"1701";"Flexão de braços com pegada fechada com bola medicinal";"medicine ball close grip push up";"Braços";"Bola medicinal";"Tríceps";"peito, ombros";"Sem sprites; sem mapeamento de animação";"";"1701-medicine-ball-close-grip-push-up";"1. Start in a high plank position with your hands on the medicine ball, shoulder-width apart. | 2. Lower your body towards the ground by bending your elbows, keeping them close to your sides. | 3. Push back up to the starting position, fully extending your arms. | 4. Repeat for the desired number of repetitions."
"EX-0975";"0975";"Flexão de braços com pegada fechada com faixa elástica";"band close-grip push-up";"Braços";"Faixa elástica";"Tríceps";"peito, ombros";"Sem sprites; sem mapeamento de animação";"";"0975-band-close-grip-push-up";"1. Place a band around your upper arms, just above the elbows. | 2. Assume a push-up position with your hands directly under your shoulders and your body in a straight line from head to heels. | 3. Bend your elbows and lower your chest towards the ground, keeping your elbows close to your sides. | 4. Push through your palms to extend your arms and return to the starting position. | 5. Repeat for the desired number of repetitions."
"EX-0660";"0660";"Flexão de braços com pegada fechada fora halter";"push-up close-grip off dumbbell";"Braços";"Haltere";"Tríceps";"peito, ombros";"Sem sprites; sem mapeamento de animação";"";"0660-push-up-close-grip-off-dumbbell";"1. Start in a push-up position with your hands placed close together, directly under your shoulders. | 2. Hold a dumbbell in each hand, resting them on the ground. | 3. Lower your body towards the ground by bending your elbows, keeping them close to your sides. | 4. Push through your palms to extend your arms and return to the starting position. | 5. Repeat for the desired number of repetitions."
"EX-2328";"2328";"Flexão de braços fechado no bola suíça";"narrow push-up on exercise ball";"Braços";"Bola de estabilidade";"Tríceps";"peito, ombros";"Sem sprites; sem mapeamento de animação";"";"2328-narrow-push-up-on-exercise-ball";"1. Place the stability ball on the ground and position yourself in a push-up position with your hands on the ball, slightly narrower than shoulder-width apart. | 2. Engage your core and keep your body in a straight line from head to toe. | 3. Lower your chest towards the ball by bending your elbows, keeping them close to your body. | 4. Pause for a moment at the bottom, then push yourself back up to the starting position by straightening your arms. | 5. Repeat for the desired number of repetitions."
"EX-0490";"0490";"Flexão de braços inclinado com pegada fechada";"incline close-grip push-up";"Braços";"Peso corporal";"Tríceps";"peito, ombros";"Sem sprites; sem mapeamento de animação";"";"0490-incline-close-grip-push-up";"1. Place your hands on an elevated surface, such as a bench or step, slightly wider than shoulder-width apart. | 2. Extend your legs behind you, resting on the balls of your feet, with your body forming a straight line from head to heels. | 3. Lower your chest towards the elevated surface by bending your elbows, keeping them close to your sides. | 4. Pause for a moment at the bottom, then push yourself back up to the starting position by straightening your arms. | 5. Repeat for the desired number of repetitions."
"EX-0717";"0717";"Flexão de braços lateral";"side push-up";"Braços";"Peso corporal";"Tríceps";"ombros, peito, core";"Sem sprites; sem mapeamento de animação";"";"0717-side-push-up";"1. Start by lying on your side with your legs extended and stacked on top of each other. | 2. Place your bottom hand on the ground directly under your shoulder, fingers pointing forward. | 3. Press through your bottom hand to lift your body off the ground, keeping your legs straight and your core engaged. | 4. Extend your top arm straight up towards the ceiling, creating a straight line from your head to your heels. | 5. Lower your body back down to the starting position with control. | 6. Repeat for the desired number of repetitions, then switch sides."
"EX-1467";"1467";"Flexão de braços no inferior braços";"push-up on lower arms";"Braços";"Peso corporal";"Tríceps";"peito, ombros";"Sem sprites; sem mapeamento de animação";"";"1467-push-up-on-lower-arms";"1. Start in a plank position with your forearms on the ground and elbows directly below your shoulders. | 2. Engage your core and keep your body in a straight line from head to toe. | 3. Lower your chest towards the ground by bending your elbows, keeping them close to your body. | 4. Pause for a moment at the bottom, then push yourself back up to the starting position. | 5. Repeat for the desired number of repetitions."
"EX-0397";"0397";"Flexão de punhos sentado neutro com halteres";"dumbbell seated neutral wrist curl";"Braços";"Haltere";"Bíceps";"antebraços";"Sem sprites; sem mapeamento de animação";"";"0397-dumbbell-seated-neutral-wrist-curl";"1. Sit on a bench with your feet flat on the ground and hold a dumbbell in each hand, palms facing each other. | 2. Rest your forearms on your thighs, allowing the dumbbells to hang down. | 3. Keeping your wrists in a neutral position, curl the dumbbells up towards your shoulders. | 4. Pause for a moment at the top, then slowly lower the dumbbells back down to the starting position. | 5. Repeat for the desired number of repetitions."
"EX-0365";"0365";"Flexão de punhos sobre o banco neutro com halteres";"dumbbell over bench neutral wrist curl";"Braços";"Haltere";"Bíceps";"antebraços";"Sem sprites; sem mapeamento de animação";"";"0365-dumbbell-over-bench-neutral-wrist-curl";"1. Sit on a bench with your feet flat on the ground and hold a dumbbell in each hand, palms facing up. | 2. Rest your forearms on the bench, allowing your wrists to hang off the edge. | 3. Keeping your upper arms stationary, exhale and curl the dumbbells up towards your shoulders. | 4. Pause for a moment at the top, then inhale and slowly lower the dumbbells back down to the starting position. | 5. Repeat for the desired number of repetitions."
"EX-0366";"0366";"Flexão de punhos sobre o banco unilateral neutro com halteres";"dumbbell over bench one arm neutral wrist curl";"Braços";"Haltere";"Bíceps";"antebraços";"Sem sprites; sem mapeamento de animação";"";"0366-dumbbell-over-bench-one-arm-neutral-wrist-curl";"1. Sit on a bench with a dumbbell in one hand and your arm extended over the bench, palm facing up. | 2. Keep your upper arm stationary and curl the dumbbell towards your shoulder, keeping your wrist in a neutral position. | 3. Pause for a moment at the top, then slowly lower the dumbbell back to the starting position. | 4. Repeat for the desired number of repetitions, then switch arms."
"EX-3289";"3289";"Impossível mergulhos";"impossible dips";"Braços";"Peso corporal";"Tríceps";"peito, ombros";"Sem sprites; sem mapeamento de animação";"";"3289-impossible-dips";"1. Position yourself between two parallel bars with your arms fully extended and your body suspended in the air. | 2. Bend your knees and cross your ankles. | 3. Lower your body by bending your elbows until your upper arms are parallel to the ground. | 4. Pause for a moment, then push yourself back up to the starting position by straightening your arms. | 5. Repeat for the desired number of repetitions."
"EX-2402";"2402";"Martelo roscas (com suporte para bíceps) com halteres";"dumbbell hammer curls (with arm blaster)";"Braços";"Haltere";"Bíceps";"antebraços";"Sem sprites; sem mapeamento de animação";"";"2402-dumbbell-hammer-curls-with-arm-blaster";"1. Stand up straight with a dumbbell in each hand, palms facing your torso. | 2. Keep your elbows close to your torso and rotate the palms of your hands until they are facing forward. | 3. This will be your starting position. | 4. Now, while holding your upper arm stationary, exhale and curl the weights while contracting your biceps. | 5. Continue to raise the weights until your biceps are fully contracted and the dumbbells are at shoulder level. | 6. Hold the contracted position for a brief pause as you squeeze your biceps. | 7. Then, inhale and slowly begin to lower the dumbbells back to the starting position. | 8. Repeat for the recommended amount of repetitions."
"EX-0830";"0830";"Mergulho banco com peso adicional";"weighted bench dip";"Braços";"Com carga";"Tríceps";"peito, ombros";"Sem sprites; sem mapeamento de animação";"";"0830-weighted-bench-dip";"1. Sit on a bench with your hands gripping the edge, fingers pointing forward. | 2. Slide your butt off the bench, supporting your weight with your hands. | 3. Lower your body by bending your elbows until your upper arms are parallel to the floor. | 4. Push yourself back up to the starting position by straightening your arms. | 5. Repeat for the desired number of repetitions."
"EX-1399";"1399";"Mergulho banco no chão";"bench dip on floor";"Braços";"Peso corporal";"Tríceps";"peito, ombros";"Sem sprites; sem mapeamento de animação";"";"1399-bench-dip-on-floor";"1. Sit on the edge of a bench or chair with your hands gripping the edge, fingers pointing forward. | 2. Slide your butt off the bench, supporting your weight with your hands. | 3. Lower your body by bending your elbows until your upper arms are parallel to the floor. | 4. Push yourself back up to the starting position by straightening your arms. | 5. Repeat for the desired number of repetitions."
"EX-0672";"0672";"Mergulho invertido";"reverse dip";"Braços";"Peso corporal";"Tríceps";"peito, ombros";"Sem sprites; sem mapeamento de animação";"";"0672-reverse-dip";"1. Position yourself between two parallel bars with your arms fully extended and your body straight. | 2. Lower your body by bending your elbows until your upper arms are parallel to the ground. | 3. Pause for a moment, then push yourself back up to the starting position by straightening your arms. | 4. Repeat for the desired number of repetitions."
"EX-1744";"1744";"Mergulho na bola suíça";"exercise ball dip";"Braços";"Bola de estabilidade";"Tríceps";"peito, ombros";"Sem sprites; sem mapeamento de animação";"";"1744-exercise-ball-dip";"1. Sit on the stability ball with your feet flat on the ground and your knees bent at a 90-degree angle. | 2. Place your hands on the ball beside your hips, fingers pointing forward. | 3. Engage your triceps and push through your hands to lift your body off the ball, straightening your arms. | 4. Lower your body back down by bending your elbows, keeping them close to your sides. | 5. Repeat for the desired number of repetitions."
"EX-0812";"0812";"Mergulho para tríceps (banco perna)";"triceps dip (bench leg)";"Braços";"Peso corporal";"Tríceps";"peito, ombros";"Sem sprites; sem mapeamento de animação";"";"0812-triceps-dip-bench-leg";"1. Sit on the edge of a bench with your hands gripping the edge, fingers pointing forward. | 2. Walk your feet forward, sliding your butt off the bench, and straighten your arms. | 3. Bend your elbows and lower your body towards the ground, keeping your back close to the bench. | 4. Push through your palms to straighten your arms and return to the starting position. | 5. Repeat for the desired number of repetitions."
"EX-0813";"0813";"Mergulho para tríceps (entre bancos)";"triceps dip (between benches)";"Braços";"Peso corporal";"Tríceps";"peito, ombros";"Sem sprites; sem mapeamento de animação";"";"0813-triceps-dip-between-benches";"1. Sit on a bench with your hands gripping the edge of the bench, fingers pointing forward. | 2. Slide your butt off the bench, supporting your weight with your hands. | 3. Bend your elbows and lower your body towards the ground, keeping your back close to the bench. | 4. Pause for a moment at the bottom, then push yourself back up to the starting position. | 5. Repeat for the desired number of repetitions."
"EX-1767";"1767";"Mergulho para tríceps no alto paralelo barras com peso adicional";"weighted triceps dip on high parallel bars";"Braços";"Com carga";"Tríceps";"peito, ombros";"Sem sprites; sem mapeamento de animação";"";"1767-weighted-triceps-dip-on-high-parallel-bars";"1. Position yourself between two parallel bars with your hands gripping the bars and your arms fully extended. | 2. Bend your elbows and lower your body until your upper arms are parallel to the ground. | 3. Pause for a moment, then push through your palms to straighten your arms and return to the starting position. | 4. Repeat for the desired number of repetitions."
"EX-0591";"0591";"Mergulho para tríceps pronado na máquina articulada";"lever overhand triceps dip";"Braços";"Máquina articulada";"Tríceps";"peito, ombros";"Sem sprites; sem mapeamento de animação";"";"0591-lever-overhand-triceps-dip";"1. Adjust the machine to the appropriate height and secure your body in position. | 2. Grasp the handles with an overhand grip and position your body so that your arms are fully extended. | 3. Lower your body by bending your elbows, keeping your upper arms close to your sides. | 4. Continue lowering until your upper arms are parallel to the floor. | 5. Pause for a moment, then push yourself back up to the starting position by extending your elbows. | 6. Repeat for the desired number of repetitions."
"EX-1451";"1451";"Mergulho sentado na máquina articulada";"lever seated dip";"Braços";"Máquina articulada";"Tríceps";"peito, ombros";"Sem sprites; sem mapeamento de animação";"";"1451-lever-seated-dip";"1. Adjust the seat height so that your feet are flat on the ground and your knees are at a 90-degree angle. | 2. Grasp the handles of the leverage machine with your palms facing down and your arms fully extended. | 3. Slowly lower your body by bending your elbows until your upper arms are parallel to the ground. | 4. Pause for a moment, then push yourself back up to the starting position by straightening your arms. | 5. Repeat for the desired number of repetitions."
"EX-1753";"1753";"Mergulho três banco";"three bench dip";"Braços";"Peso corporal";"Tríceps";"peito, ombros";"Sem sprites; sem mapeamento de animação";"";"1753-three-bench-dip";"1. Sit on a bench with your hands gripping the edge, fingers pointing forward. | 2. Slide your butt off the bench, supporting your weight with your hands. | 3. Bend your elbows and lower your body until your upper arms are parallel to the ground. | 4. Push yourself back up to the starting position. | 5. Repeat for the desired number of repetitions."
"EX-0639";"0639";"Mergulho unilateral";"one arm dip";"Braços";"Peso corporal";"Tríceps";"peito, ombros";"Sem sprites; sem mapeamento de animação";"";"0639-one-arm-dip";"1. Stand facing away from a bench or chair, with your feet shoulder-width apart. | 2. Place one hand on the bench or chair behind you, fingers pointing towards your body. | 3. Extend your legs out in front of you, keeping your heels on the ground. | 4. Bend your elbows and lower your body towards the ground, keeping your back close to the bench or chair. | 5. Pause for a moment at the bottom, then push through your palms to straighten your arms and return to the starting position. | 6. Repeat for the desired number of repetitions, then switch sides and repeat with the other arm."
"EX-3302";"3302";"Parada de mãos";"handstand";"Braços";"Peso corporal";"Tríceps";"ombros, core";"Sem sprites; sem mapeamento de animação";"";"3302-handstand";"1. Find an open space with enough room to perform a handstand. | 2. Place your hands on the ground shoulder-width apart, fingers pointing forward. | 3. Kick your legs up towards the wall, using your core and shoulders to maintain balance. | 4. Once in a handstand position, engage your triceps to support your body weight. | 5. Hold the handstand for as long as you can maintain balance. | 6. To come down, slowly lower your legs back to the ground. | 7. Repeat for the desired number of repetitions."
"EX-0471";"0471";"Parada de mãos flexão de braços";"handstand push-up";"Braços";"Peso corporal";"Tríceps";"ombros, peito, core";"Sem sprites; slug já reservado";"handstand-push-up";"0471-handstand-push-up";"1. Find a wall and face away from it, standing a few feet away. | 2. Place your hands on the ground shoulder-width apart and kick your feet up against the wall, coming into a handstand position. | 3. Bend your elbows and lower your head towards the ground, keeping your body in a straight line. | 4. Push through your hands and extend your arms to return to the starting position. | 5. Repeat for the desired number of repetitions."
"EX-1751";"1751";"Pin desenvolvimentos com barra";"barbell pin presses";"Braços";"Barra";"Tríceps";"ombros";"Sem sprites; sem mapeamento de animação";"";"1751-barbell-pin-presses";"1. Set up a barbell on a power rack at chest height. | 2. Stand facing the barbell and position yourself underneath it, with your feet shoulder-width apart. | 3. Grip the barbell with an overhand grip, slightly wider than shoulder-width apart. | 4. Lift the barbell off the rack and hold it directly above your chest, with your arms fully extended. | 5. Lower the barbell down towards your chest, keeping your elbows tucked in close to your body. | 6. Pause for a moment when the barbell touches your chest. | 7. Push the barbell back up to the starting position, fully extending your arms. | 8. Repeat for the desired number of repetitions."
"EX-0204";"0204";"Posterior impulso no cabo";"cable rear drive";"Braços";"Cabo";"Tríceps";"ombros, costas";"Sem sprites; sem mapeamento de animação";"";"0204-cable-rear-drive";"1. Attach a handle to a low pulley cable machine and stand facing away from the machine. | 2. Grasp the handle with an overhand grip and extend your arms straight out in front of you. | 3. Keeping your elbows stationary, pull the handle back towards your body, squeezing your triceps at the end of the movement. | 4. Slowly return the handle to the starting position and repeat for the desired number of repetitions."
"EX-0232";"0232";"Puxada alta em pé (com corda) no cabo";"cable standing pulldown (with rope)";"Braços";"Cabo";"Bíceps";"antebraços, ombros";"Sem sprites; sem mapeamento de animação";"";"0232-cable-standing-pulldown-with-rope";"1. Attach a rope to the cable machine at the highest setting. | 2. Stand facing the machine with your feet shoulder-width apart. | 3. Grasp the rope with an overhand grip, palms facing down. | 4. Keep your back straight and core engaged throughout the exercise. | 5. Pull the rope down towards your thighs, squeezing your biceps. | 6. Pause for a moment at the bottom, then slowly release the rope back up. | 7. Repeat for the desired number of repetitions."
"EX-0139";"0139";"Puxada bíceps fechado elevações";"biceps narrow pull-ups";"Braços";"Peso corporal";"Bíceps";"antebraços, ombros";"Sem sprites; sem mapeamento de animação";"";"0139-biceps-narrow-pull-ups";"1. Hang from a pull-up bar with your palms facing towards you and your hands shoulder-width apart. | 2. Engage your core and pull yourself up towards the bar, focusing on using your biceps to lift your body. | 3. Pause for a moment at the top, then slowly lower yourself back down to the starting position. | 4. Repeat for the desired number of repetitions."
"EX-1637";"1637";"Rosca acima da cabeça no bola suíça no cabo";"cable overhead curl on exercise ball";"Braços";"Cabo";"Bíceps";"antebraços, ombros";"Sem sprites; sem mapeamento de animação";"";"1637-cable-overhead-curl-on-exercise-ball";"1. Sit on an exercise ball and hold the cable handle with an underhand grip. | 2. Extend your arms fully overhead, keeping your elbows close to your ears. | 3. Slowly curl the cable down towards your forehead, keeping your upper arms stationary. | 4. Pause for a moment at the bottom of the movement, then slowly return to the starting position. | 5. Repeat for the desired number of repetitions."
"EX-1636";"1636";"Rosca acima da cabeça no cabo";"cable overhead curl";"Braços";"Cabo";"Bíceps";"antebraços, ombros";"Sem sprites; sem mapeamento de animação";"";"1636-cable-overhead-curl";"1. Attach a straight bar to a high pulley cable machine. | 2. Stand facing the machine with your feet shoulder-width apart. | 3. Grasp the bar with an underhand grip, hands shoulder-width apart. | 4. Keep your elbows close to your sides and your upper arms stationary. | 5. Exhale and curl the bar down towards your forehead, keeping your upper arms stationary. | 6. Pause for a moment at the bottom of the movement, squeezing your biceps. | 7. Inhale and slowly return the bar to the starting position, fully extending your arms. | 8. Repeat for the desired number of repetitions."
"EX-1644";"1644";"Rosca agachado no cabo";"cable squatting curl";"Braços";"Cabo";"Bíceps";"antebraços";"Sem sprites; sem mapeamento de animação";"";"1644-cable-squatting-curl";"1. Attach a cable handle to the lowest setting on a cable machine. | 2. Stand facing the machine with your feet shoulder-width apart. | 3. Hold the cable handle with an underhand grip, palms facing up, and arms fully extended. | 4. Lower your body into a squat position, keeping your back straight and knees behind your toes. | 5. As you squat down, curl the cable handle towards your shoulders, keeping your elbows close to your sides. | 6. Pause for a moment at the top of the curl, squeezing your biceps. | 7. Slowly lower the cable handle back to the starting position, fully extending your arms. | 8. Repeat for the desired number of repetitions."
"EX-1664";"1664";"Rosca alto com halteres";"dumbbell high curl";"Braços";"Haltere";"Bíceps";"antebraços";"Sem sprites; sem mapeamento de animação";"";"1664-dumbbell-high-curl";"1. Stand up straight with a dumbbell in each hand, palms facing forward. | 2. Keep your upper arms stationary and curl the dumbbells as high as possible while contracting your biceps. | 3. Pause for a moment at the top, then slowly lower the dumbbells back to the starting position. | 4. Repeat for the desired number of repetitions."
"EX-1632";"1632";"Rosca arrasto no cabo";"cable drag curl";"Braços";"Cabo";"Bíceps";"antebraços";"Sem sprites; sem mapeamento de animação";"";"1632-cable-drag-curl";"1. Stand facing a cable machine with your feet shoulder-width apart. | 2. Grasp the cable attachment with an underhand grip, palms facing up, and arms fully extended. | 3. Keeping your upper arms stationary, exhale and curl the cable attachment towards your shoulders by contracting your biceps. | 4. Pause for a moment at the top of the movement, squeezing your biceps. | 5. Inhale and slowly lower the cable attachment back to the starting position, fully extending your arms. | 6. Repeat for the desired number of repetitions."
"EX-0031";"0031";"Rosca com barra";"barbell curl";"Braços";"Barra";"Bíceps";"antebraços";"Sem sprites; sem mapeamento de animação";"";"0031-barbell-curl";"1. Stand up straight with your feet shoulder-width apart and hold a barbell with an underhand grip, palms facing forward. | 2. Keep your elbows close to your torso and exhale as you curl the weights while contracting your biceps. | 3. Continue to raise the bar until your biceps are fully contracted and the bar is at shoulder level. | 4. Hold the contracted position for a brief pause as you squeeze your biceps. | 5. Inhale as you slowly begin to lower the bar back to the starting position. | 6. Repeat for the desired number of repetitions."
"EX-0446";"0446";"Rosca com pegada fechada com barra W";"ez barbell close-grip curl";"Braços";"Barra EZ";"Bíceps";"antebraços";"Sem sprites; sem mapeamento de animação";"";"0446-ez-barbell-close-grip-curl";"1. Stand up straight with your feet shoulder-width apart and hold the ez barbell with an underhand grip, hands shoulder-width apart. | 2. Keep your elbows close to your torso and your upper arms stationary throughout the movement. | 3. Curl the barbell up towards your shoulders, contracting your biceps. | 4. Pause for a moment at the top, then slowly lower the barbell back down to the starting position. | 5. Repeat for the desired number of repetitions."
"EX-1630";"1630";"Rosca com pegada fechada no cabo";"cable close grip curl";"Braços";"Cabo";"Bíceps";"antebraços";"Sem sprites; sem mapeamento de animação";"";"1630-cable-close-grip-curl";"1. Attach a straight bar to a low pulley cable machine. | 2. Stand facing the machine with your feet shoulder-width apart and your knees slightly bent. | 3. Grasp the bar with an underhand grip, hands shoulder-width apart. | 4. Keep your elbows close to your sides and your upper arms stationary throughout the exercise. | 5. Exhale and curl the bar up towards your shoulders, contracting your biceps. | 6. Pause for a moment at the top of the movement, squeezing your biceps. | 7. Inhale and slowly lower the bar back to the starting position, fully extending your arms. | 8. Repeat for the desired number of repetitions."
"EX-0451";"0451";"Rosca com pegada invertida com barra W";"ez barbell reverse grip curl";"Braços";"Barra EZ";"Bíceps";"antebraços";"Sem sprites; sem mapeamento de animação";"";"0451-ez-barbell-reverse-grip-curl";"1. Stand up straight with your feet shoulder-width apart and hold the ez barbell with an underhand grip. | 2. Keep your elbows close to your torso and your upper arms stationary throughout the exercise. | 3. Curl the barbell upwards by contracting your biceps, while exhaling. | 4. Continue to raise the barbell until your biceps are fully contracted and the barbell is at shoulder level. | 5. Hold the contracted position for a brief pause as you squeeze your biceps. | 6. Slowly begin to bring the barbell back to the starting position as you inhale. | 7. Repeat for the desired number of repetitions."
"EX-1770";"1770";"Rosca concentrada bíceps perna";"biceps leg concentration curl";"Braços";"Peso corporal";"Bíceps";"antebraços";"Sem sprites; sem mapeamento de animação";"";"1770-biceps-leg-concentration-curl";"1. Sit on a bench with your legs spread apart and your feet flat on the ground. | 2. Hold a dumbbell in one hand and place your elbow on the inside of your thigh, just above the knee. | 3. With your palm facing up, curl the dumbbell towards your shoulder while keeping your upper arm stationary. | 4. Squeeze your biceps at the top of the movement, then slowly lower the dumbbell back to the starting position. | 5. Repeat for the desired number of repetitions, then switch arms."
"EX-0976";"0976";"Rosca concentrada com faixa elástica";"band concentration curl";"Braços";"Faixa elástica";"Bíceps";"antebraços";"Sem sprites; sem mapeamento de animação";"";"0976-band-concentration-curl";"1. Sit on a bench or chair with your legs spread apart and your feet flat on the ground. | 2. Hold one end of the band in your hand and step on the other end with your foot on the same side. | 3. Lean forward slightly and rest your elbow on the inside of your thigh, just above the knee. | 4. With your palm facing up, slowly curl your hand towards your shoulder, keeping your upper arm stationary. | 5. Pause for a moment at the top, then slowly lower your hand back down to the starting position. | 6. Repeat for the desired number of repetitions, then switch sides."
"EX-2414";"2414";"Rosca concentrada em pé com barra";"barbell standing concentration curl";"Braços";"Barra";"Bíceps";"antebraços";"Sem sprites; sem mapeamento de animação";"";"2414-barbell-standing-concentration-curl";"1. Stand with your feet shoulder-width apart and hold a barbell in one hand, palm facing up. | 2. Rest your opposite hand on your thigh for support. | 3. Keeping your upper arm stationary, exhale and curl the weight up towards your shoulder. | 4. Pause for a moment at the top, squeezing your biceps. | 5. Inhale and slowly lower the weight back down to the starting position. | 6. Repeat for the desired number of repetitions, then switch arms."
"EX-0418";"0418";"Rosca concentrada em pé com halteres";"dumbbell standing concentration curl";"Braços";"Haltere";"Bíceps";"antebraços";"Sem sprites; sem mapeamento de animação";"";"0418-dumbbell-standing-concentration-curl";"1. Stand with your feet shoulder-width apart and hold a dumbbell in one hand, with your arm fully extended and palm facing inwards. | 2. Place your opposite hand on your thigh for support. | 3. Keeping your upper arm stationary, exhale and curl the dumbbell towards your shoulder by contracting your biceps. | 4. Continue to raise the dumbbell until your biceps are fully contracted and the dumbbell is at shoulder level. | 5. Hold the contracted position for a brief pause as you squeeze your biceps. | 6. Inhale and slowly lower the dumbbell back to the starting position. | 7. Repeat for the desired number of repetitions, then switch arms."
"EX-0421";"0421";"Rosca concentrada em pé unilateral com halteres";"dumbbell standing one arm concentration curl";"Braços";"Haltere";"Bíceps";"antebraços";"Sem sprites; sem mapeamento de animação";"";"0421-dumbbell-standing-one-arm-concentration-curl";"1. Stand up straight with your feet shoulder-width apart and hold a dumbbell in one hand, palm facing up. | 2. Place your free hand on your thigh for support. | 3. Keeping your upper arm stationary, exhale and curl the dumbbell towards your shoulder by contracting your biceps. | 4. Continue to raise the dumbbell until your biceps are fully contracted and the dumbbell is at shoulder level. | 5. Hold the contracted position for a brief pause as you squeeze your biceps. | 6. Inhale and slowly lower the dumbbell back to the starting position. | 7. Repeat for the desired number of repetitions, then switch arms."
"EX-1682";"1682";"Rosca concentrada ez barra sentado com pegada fechada";"ez bar seated close grip concentration curl";"Braços";"Barra EZ";"Bíceps";"antebraços";"Sem sprites; sem mapeamento de animação";"";"1682-ez-bar-seated-close-grip-concentration-curl";"1. Sit on a bench with your feet flat on the ground and hold an EZ barbell with an underhand grip. | 2. Rest your elbow on the inside of your thigh, just above the knee. | 3. Curl the barbell up towards your shoulder while keeping your upper arm stationary. | 4. Squeeze your biceps at the top of the movement, then slowly lower the barbell back down to the starting position. | 5. Repeat for the desired number of repetitions."
"EX-1631";"1631";"Rosca concentrada no cabo";"cable concentration curl";"Braços";"Cabo";"Bíceps";"antebraços";"Sem sprites; sem mapeamento de animação";"";"1631-cable-concentration-curl";"1. Sit on a bench or chair with your feet flat on the floor and your knees slightly bent. | 2. Hold the cable handle with an underhand grip and rest your elbow against the inside of your thigh. | 3. Keeping your upper arm stationary, exhale and curl the cable handle towards your shoulder while contracting your biceps. | 4. Pause for a moment at the top of the movement, then inhale and slowly lower the cable handle back to the starting position. | 5. Repeat for the desired number of repetitions, then switch arms."
"EX-0089";"0089";"Rosca concentrada sentado com pegada fechada com barra";"barbell seated close-grip concentration curl";"Braços";"Barra";"Bíceps";"antebraços";"Sem sprites; sem mapeamento de animação";"";"0089-barbell-seated-close-grip-concentration-curl";"1. Sit on a bench with your feet flat on the floor and hold a barbell with an underhand grip, hands shoulder-width apart. | 2. Rest your upper arms against your inner thighs, just above your knees, and let the barbell hang down in front of you. | 3. Keeping your upper arms stationary, exhale and curl the barbell up towards your shoulders, contracting your biceps. | 4. Hold the contracted position for a brief pause, then inhale and slowly lower the barbell back down to the starting position. | 5. Repeat for the desired number of repetitions."
"EX-0403";"0403";"Rosca concentrada sentado invertido pegada com halteres";"dumbbell seated revers grip concentration curl";"Braços";"Haltere";"Bíceps";"antebraços";"Sem sprites; sem mapeamento de animação";"";"0403-dumbbell-seated-revers-grip-concentration-curl";"1. Sit on a bench with your feet flat on the ground and hold a dumbbell in one hand, palm facing up. | 2. Rest your elbow on the inside of your thigh, just above the knee. | 3. Keeping your upper arm stationary, exhale and curl the dumbbell towards your shoulder. | 4. Pause for a moment at the top, squeezing your biceps. | 5. Inhale and slowly lower the dumbbell back to the starting position. | 6. Repeat for the desired number of repetitions, then switch arms."
"EX-1642";"1642";"Rosca concentrada sentado unilateral no cabo";"cable seated one arm concentration curl";"Braços";"Cabo";"Bíceps";"antebraços";"Sem sprites; sem mapeamento de animação";"";"1642-cable-seated-one-arm-concentration-curl";"1. Sit on a bench with your feet flat on the floor and your back straight. | 2. Hold a cable handle with one hand and place your elbow on the inside of your thigh, just above the knee. | 3. Keep your upper arm stationary and curl the cable handle towards your shoulder while exhaling. | 4. Pause for a moment at the top of the movement, squeezing your biceps. | 5. Slowly lower the cable handle back to the starting position while inhaling. | 6. Repeat for the desired number of repetitions, then switch arms."
"EX-0353";"0353";"Rosca concentrada unilateral (na bola suíça) com halteres";"dumbbell one arm concentration curl (on stability ball)";"Braços";"Haltere";"Bíceps";"antebraços";"Sem sprites; sem mapeamento de animação";"";"0353-dumbbell-one-arm-concentration-curl-on-stability-ball";"1. Sit on a stability ball with your feet flat on the ground and your knees bent at a 90-degree angle. | 2. Hold a dumbbell in one hand with your palm facing up and your arm extended down towards the floor. | 3. Rest your elbow on the inside of your thigh, just above the knee. | 4. Keeping your upper arm stationary, exhale and curl the dumbbell up towards your shoulder while contracting your biceps. | 5. Pause for a moment at the top of the movement, then inhale and slowly lower the dumbbell back down to the starting position. | 6. Repeat for the desired number of repetitions, then switch arms and repeat."
"EX-2407";"2407";"Rosca de bíceps (com suporte para bíceps) com barra";"barbell biceps curl (with arm blaster)";"Braços";"Barra";"Bíceps";"antebraços";"Sem sprites; sem mapeamento de animação";"";"2407-barbell-biceps-curl-with-arm-blaster";"1. Stand up straight with your feet shoulder-width apart and hold a barbell with an underhand grip, palms facing up. | 2. Place your upper arms against the arm blaster, keeping your elbows close to your torso. | 3. Keeping your upper arms stationary, exhale and curl the weights while contracting your biceps. | 4. Continue to raise the barbell until your biceps are fully contracted and the bar is at shoulder level. | 5. Hold the contracted position for a brief pause as you squeeze your biceps. | 6. Inhale and slowly begin to lower the barbell back to the starting position. | 7. Repeat for the desired number of repetitions."
"EX-2401";"2401";"Rosca de bíceps (com suporte para bíceps) com halteres";"dumbbell biceps curl (with arm blaster)";"Braços";"Haltere";"Bíceps";"antebraços";"Sem sprites; sem mapeamento de animação";"";"2401-dumbbell-biceps-curl-with-arm-blaster";"1. Stand up straight with a dumbbell in each hand, palms facing forward. | 2. Keep your elbows close to your torso and your upper arms stationary. | 3. Exhale and curl the weights while contracting your biceps. | 4. Continue to raise the weights until your biceps are fully contracted and the dumbbells are at shoulder level. | 5. Hold the contracted position for a brief pause as you squeeze your biceps. | 6. Inhale and slowly begin to lower the dumbbells back to the starting position. | 7. Repeat for the desired number of repetitions."
"EX-1655";"1655";"Rosca de bíceps agachamento com halteres";"dumbbell biceps curl squat";"Braços";"Haltere";"Bíceps";"antebraços";"Sem sprites; sem mapeamento de animação";"";"1655-dumbbell-biceps-curl-squat";"1. Stand with your feet shoulder-width apart, holding a dumbbell in each hand with your palms facing forward. | 2. Keeping your back straight and your elbows close to your sides, exhale and curl the dumbbells up towards your shoulders. | 3. Pause for a moment at the top, squeezing your biceps. | 4. Inhale and slowly lower the dumbbells back down to the starting position. | 5. Repeat for the desired number of repetitions."
"EX-1660";"1660";"Rosca de bíceps ajoelhado bola suíça com halteres";"dumbbell kneeling bicep curl exercise ball";"Braços";"Haltere";"Bíceps";"antebraços";"Sem sprites; sem mapeamento de animação";"";"1660-dumbbell-kneeling-bicep-curl-exercise-ball";"1. Kneel on the floor with an exercise ball in front of you. | 2. Place your elbows on top of the exercise ball, holding a dumbbell in each hand with your palms facing up. | 3. Keeping your upper arms stationary, exhale and curl the dumbbells while contracting your biceps. | 4. Continue to raise the dumbbells until your biceps are fully contracted and the dumbbells are at shoulder level. | 5. Hold the contracted position for a brief pause as you squeeze your biceps. | 6. Inhale and slowly begin to lower the dumbbells back to the starting position. | 7. Repeat for the desired number of repetitions."
"EX-0968";"0968";"Rosca de bíceps alternada com faixa elástica";"band alternating biceps curl";"Braços";"Faixa elástica";"Bíceps";"antebraços";"Sem sprites; sem mapeamento de animação";"";"0968-band-alternating-biceps-curl";"1. Stand with your feet shoulder-width apart and hold the band with an underhand grip, palms facing up. | 2. Keep your elbows close to your sides and slowly curl one arm up towards your shoulder, squeezing your biceps at the top. | 3. Lower the arm back down to the starting position and repeat with the other arm. | 4. Continue alternating arms for the desired number of repetitions."
"EX-2403";"2403";"Rosca de bíceps alternado (com suporte para bíceps) com halteres";"dumbbell alternate biceps curl (with arm blaster)";"Braços";"Haltere";"Bíceps";"antebraços";"Sem sprites; sem mapeamento de animação";"";"2403-dumbbell-alternate-biceps-curl-with-arm-blaster";"1. Stand up straight with your feet shoulder-width apart and hold a dumbbell in each hand, palms facing forward. | 2. Place the arm blaster on your upper arms, ensuring a secure fit. | 3. Keeping your upper arms stationary, exhale and curl one dumbbell up towards your shoulder while contracting your biceps. | 4. Continue to raise the dumbbell until your biceps are fully contracted and the dumbbell is at shoulder level. | 5. Hold the contracted position for a brief pause as you squeeze your biceps. | 6. Inhale and slowly lower the dumbbell back to the starting position. | 7. Repeat the movement with the opposite arm. | 8. Continue alternating arms for the desired number of repetitions."
"EX-0023";"0023";"Rosca de bíceps alternado com barra";"barbell alternate biceps curl";"Braços";"Barra";"Bíceps";"antebraços";"Sem sprites; sem mapeamento de animação";"";"0023-barbell-alternate-biceps-curl";"1. Stand up straight with your feet shoulder-width apart and hold a barbell in each hand, palms facing forward. | 2. Keep your upper arms stationary and exhale as you curl the weights while contracting your biceps. | 3. Continue to raise the barbells until your biceps are fully contracted and the barbells are at shoulder level. | 4. Hold the contracted position for a brief pause as you squeeze your biceps. | 5. Inhale as you slowly begin to lower the barbells back to the starting position. | 6. Repeat for the desired number of repetitions, alternating arms."
"EX-0285";"0285";"Rosca de bíceps alternado com halteres";"dumbbell alternate biceps curl";"Braços";"Haltere";"Bíceps";"antebraços";"Sem sprites; sem mapeamento de animação";"";"0285-dumbbell-alternate-biceps-curl";"1. Stand up straight with a dumbbell in each hand, palms facing forward and arms fully extended. | 2. Keeping your upper arms stationary, exhale and curl the weights while contracting your biceps. | 3. Continue to raise the dumbbells until your biceps are fully contracted and the dumbbells are at shoulder level. | 4. Hold the contracted position for a brief pause as you squeeze your biceps. | 5. Inhale and slowly begin to lower the dumbbells back to the starting position. | 6. Repeat for the desired number of repetitions, alternating arms."
"EX-1649";"1649";"Rosca de bíceps alternado com perna elevado no bola suíça com halteres";"dumbbell alternating bicep curl with leg raised on exercise ball";"Braços";"Haltere";"Bíceps";"antebraços, ombros";"Sem sprites; sem mapeamento de animação";"";"1649-dumbbell-alternating-bicep-curl-with-leg-raised-on-exercise-ball";"1. Stand with your feet shoulder-width apart and hold a dumbbell in each hand, palms facing forward. | 2. Place an exercise ball behind you and position one foot on top of it, keeping your balance. | 3. With your arms fully extended and elbows close to your sides, curl one dumbbell towards your shoulder while keeping your upper arm stationary. | 4. Lower the dumbbell back down to the starting position and repeat with the other arm. | 5. Continue alternating arms for the desired number of repetitions."
"EX-1650";"1650";"Rosca de bíceps alternado sentado no bola suíça com halteres";"dumbbell alternating seated bicep curl on exercise ball";"Braços";"Haltere";"Bíceps";"antebraços";"Sem sprites; sem mapeamento de animação";"";"1650-dumbbell-alternating-seated-bicep-curl-on-exercise-ball";"1. Sit on an exercise ball with your feet flat on the ground and your back straight. | 2. Hold a dumbbell in each hand with your palms facing forward and your arms fully extended. | 3. Keeping your upper arms stationary, exhale and curl one dumbbell while rotating your forearm until your palm is facing your shoulder. | 4. Inhale and slowly lower the dumbbell back to the starting position. | 5. Repeat the curl with the other arm. | 6. Continue alternating curls for the desired number of repetitions."
"EX-1651";"1651";"Rosca de bíceps avanço com boliche movimento com halteres";"dumbbell bicep curl lunge with bowling motion";"Braços";"Haltere";"Bíceps";"antebraços, ombros";"Sem sprites; sem mapeamento de animação";"";"1651-dumbbell-bicep-curl-lunge-with-bowling-motion";"1. Stand with your feet shoulder-width apart, holding a dumbbell in each hand with your palms facing forward. | 2. Take a step forward with your right foot, bending your right knee and lowering your body into a lunge position. | 3. As you lunge forward, curl the dumbbells up towards your shoulders, keeping your elbows close to your body. | 4. At the bottom of the lunge, rotate your torso to the right, as if you were bowling a ball. | 5. Reverse the motion, stepping back with your right foot and returning to the starting position while lowering the dumbbells back down. | 6. Repeat the lunge and curl motion, this time rotating your torso to the left. | 7. Continue alternating sides for the desired number of repetitions."
"EX-1658";"1658";"Rosca de bíceps avanço com com halteres";"dumbbell lunge with bicep curl";"Braços";"Haltere";"Bíceps";"quadríceps, isquiotibiais";"Sem sprites; sem mapeamento de animação";"";"1658-dumbbell-lunge-with-bicep-curl";"1. Stand with your feet shoulder-width apart, holding a dumbbell in each hand with your palms facing forward. | 2. Take a step forward with your right foot, lowering your body into a lunge position. Your right knee should be bent at a 90-degree angle and your left knee should be hovering just above the ground. | 3. As you lunge forward, simultaneously curl the dumbbells towards your shoulders, keeping your elbows close to your body. | 4. Pause for a moment at the bottom of the lunge, then push through your right heel to return to the starting position, lowering the dumbbells back down to your sides. | 5. Repeat the lunge and bicep curl on the opposite side, stepping forward with your left foot. | 6. Continue alternating sides for the desired number of repetitions."
"EX-1653";"1653";"Rosca de bíceps com cegonha base com halteres";"dumbbell bicep curl with stork stance";"Braços";"Haltere";"Bíceps";"antebraços";"Sem sprites; sem mapeamento de animação";"";"1653-dumbbell-bicep-curl-with-stork-stance";"1. Stand with your feet shoulder-width apart and hold a dumbbell in each hand, palms facing forward. | 2. Extend one leg behind you, balancing on the toes of that foot. | 3. Keeping your upper arms stationary, exhale and curl the weights while contracting your biceps. | 4. Continue to raise the weights until your biceps are fully contracted and the dumbbells are at shoulder level. | 5. Hold the contracted position for a brief pause as you squeeze your biceps. | 6. Inhale and slowly begin to lower the dumbbells back to the starting position. | 7. Repeat for the desired number of repetitions, then switch legs and repeat."
"EX-1634";"1634";"Rosca de bíceps deitado no cabo";"cable lying bicep curl";"Braços";"Cabo";"Bíceps";"antebraços";"Sem sprites; sem mapeamento de animação";"";"1634-cable-lying-bicep-curl";"1. Attach a straight bar to a low pulley cable machine. | 2. Lie face up on a flat bench with your feet flat on the ground. | 3. Grasp the bar with an underhand grip, hands shoulder-width apart. | 4. Extend your arms fully, keeping your elbows close to your sides. | 5. Keeping your upper arms stationary, exhale and curl the bar up towards your shoulders. | 6. Pause for a moment at the top, squeezing your biceps. | 7. Inhale and slowly lower the bar back to the starting position, fully extending your arms. | 8. Repeat for the desired number of repetitions."
"EX-1661";"1661";"Rosca de bíceps deitado supino com halteres";"dumbbell lying supine biceps curl";"Braços";"Haltere";"Bíceps";"antebraços";"Sem sprites; sem mapeamento de animação";"";"1661-dumbbell-lying-supine-biceps-curl";"1. Lie flat on a bench with your back and head supported, and your feet flat on the ground. | 2. Hold a dumbbell in each hand with your palms facing up and your arms fully extended. | 3. Keeping your upper arms stationary, exhale and curl the weights while contracting your biceps. | 4. Continue to raise the weights until your biceps are fully contracted and the dumbbells are at shoulder level. | 5. Hold the contracted position for a brief pause as you squeeze your biceps. | 6. Inhale and slowly begin to lower the dumbbells back to the starting position. | 7. Repeat for the desired number of repetitions."
"EX-0416";"0416";"Rosca de bíceps em pé com halteres";"dumbbell standing biceps curl";"Braços";"Haltere";"Bíceps";"antebraços";"Sem sprites; sem mapeamento de animação";"";"0416-dumbbell-standing-biceps-curl";"1. Stand up straight with a dumbbell in each hand, palms facing forward and arms fully extended. | 2. Keeping your upper arms stationary, exhale and curl the weights while contracting your biceps. | 3. Continue to raise the dumbbells until your biceps are fully contracted and the dumbbells are at shoulder level. | 4. Hold the contracted position for a brief pause as you squeeze your biceps. | 5. Inhale and slowly begin to lower the dumbbells back to the starting position. | 6. Repeat for the desired number of repetitions."
"EX-1629";"1629";"Rosca de bíceps em pé com pegada aberta com barra";"barbell standing wide grip biceps curl";"Braços";"Barra";"Bíceps";"antebraços";"Sem sprites; sem mapeamento de animação";"";"1629-barbell-standing-wide-grip-biceps-curl";"1. Stand with your feet shoulder-width apart and hold a barbell with an underhand grip, hands wider than shoulder-width apart. | 2. Keep your back straight and your elbows close to your torso. | 3. Exhale and curl the barbell up towards your shoulders, keeping your upper arms stationary. | 4. Pause for a moment at the top, squeezing your biceps. | 5. Inhale and slowly lower the barbell back to the starting position, fully extending your arms. | 6. Repeat for the desired number of repetitions."
"EX-2741";"2741";"Rosca de bíceps em pé com pegada aberta com barra W";"ez-barbell standing wide grip biceps curl";"Braços";"Barra EZ";"Bíceps";"antebraços";"Sem sprites; sem mapeamento de animação";"";"2741-ez-barbell-standing-wide-grip-biceps-curl";"1. Stand up straight with your feet shoulder-width apart and hold the ez barbell with an underhand grip, hands wider than shoulder-width apart. | 2. Keep your elbows close to your torso and your upper arms stationary throughout the movement. | 3. Curl the barbell up towards your shoulders by contracting your biceps. | 4. Pause for a moment at the top, then slowly lower the barbell back to the starting position. | 5. Repeat for the desired number of repetitions."
"EX-2321";"2321";"Rosca de bíceps em pé interno versão 2 com halteres";"dumbbell standing inner biceps curl v. 2";"Braços";"Haltere";"Bíceps";"antebraços";"Sem sprites; sem mapeamento de animação";"";"2321-dumbbell-standing-inner-biceps-curl-v-2";"1. Stand up straight with a dumbbell in each hand, palms facing your torso. | 2. Keep your elbows close to your torso and rotate the palms of your hands until they are facing forward. | 3. While holding your upper arms stationary, curl the weights while contracting your biceps. | 4. Continue to raise the weights until your biceps are fully contracted and the dumbbells are at shoulder level. | 5. Hold the contracted position for a brief pause as you squeeze your biceps. | 6. Slowly begin to bring the dumbbells back to the starting position as your breathe in. | 7. Repeat for the recommended amount of repetitions."
"EX-2404";"2404";"Rosca de bíceps ez barra (com suporte para bíceps)";"ez-bar biceps curl (with arm blaster)";"Braços";"Barra EZ";"Bíceps";"antebraços";"Sem sprites; sem mapeamento de animação";"";"2404-ez-bar-biceps-curl-with-arm-blaster";"1. Stand up straight with your feet shoulder-width apart and hold the ez barbell with an underhand grip, palms facing up. | 2. Place your upper arms against the arm blaster, keeping them stationary throughout the exercise. | 3. Keeping your elbows close to your body, exhale and curl the barbell up towards your shoulders. | 4. Pause for a moment at the top, squeezing your biceps. | 5. Inhale and slowly lower the barbell back to the starting position, fully extending your arms. | 6. Repeat for the desired number of repetitions."
"EX-5201";"5201";"Rosca de bíceps garçom com halteres";"dumbbell waiter biceps curl";"Braços";"Haltere";"Bíceps";"antebraços, ombros";"Sem sprites; sem mapeamento de animação";"";"5201-dumbbell-waiter-biceps-curl";"1. Stand up straight with a dumbbell in each hand, palms facing forward. | 2. Keep your upper arms close to your body and your elbows tucked in. | 3. Slowly curl the dumbbells up towards your shoulders, keeping your wrists straight. | 4. Pause for a moment at the top, then slowly lower the dumbbells back down to the starting position. | 5. Repeat for the desired number of repetitions."
"EX-0315";"0315";"Rosca de bíceps inclinado com halteres";"dumbbell incline biceps curl";"Braços";"Haltere";"Bíceps";"antebraços";"Sem sprites; sem mapeamento de animação";"";"0315-dumbbell-incline-biceps-curl";"1. Sit on an incline bench with a dumbbell in each hand, palms facing forward, and arms fully extended. | 2. Keeping your upper arms stationary, exhale and curl the weights while contracting your biceps. | 3. Continue to raise the dumbbells until your biceps are fully contracted and the dumbbells are at shoulder level. | 4. Hold the contracted position for a brief pause as you squeeze your biceps. | 5. Inhale and slowly begin to lower the dumbbells back to the starting position. | 6. Repeat for the desired number of repetitions."
"EX-0322";"0322";"Rosca de bíceps inclinado interno com halteres";"dumbbell incline inner biceps curl";"Braços";"Haltere";"Bíceps";"antebraços";"Sem sprites; sem mapeamento de animação";"";"0322-dumbbell-incline-inner-biceps-curl";"1. Sit on an incline bench with a dumbbell in each hand, palms facing each other. | 2. Rest your upper arms on the bench, allowing your elbows to hang down and your palms to face forward. | 3. Keeping your upper arms stationary, exhale and curl the weights while contracting your biceps. | 4. Continue to raise the dumbbells until your biceps are fully contracted and the dumbbells are at shoulder level. | 5. Hold the contracted position for a brief pause as you squeeze your biceps. | 6. Inhale and slowly begin to lower the dumbbells back to the starting position. | 7. Repeat for the desired number of repetitions."
"EX-1654";"1654";"Rosca de bíceps invertido com halteres";"dumbbell biceps curl reverse";"Braços";"Haltere";"Bíceps";"antebraços";"Sem sprites; sem mapeamento de animação";"";"1654-dumbbell-biceps-curl-reverse";"1. Stand up straight with a dumbbell in each hand, palms facing down and arms fully extended. | 2. Keeping your upper arms stationary, exhale and curl the weights while contracting your biceps. | 3. Continue to raise the dumbbells until your biceps are fully contracted and the dumbbells are at shoulder level. | 4. Hold the contracted position for a brief pause as you squeeze your biceps. | 5. Inhale and slowly begin to lower the dumbbells back to the starting position. | 6. Repeat for the desired number of repetitions."
"EX-0382";"0382";"Rosca de bíceps invertido pegada com halteres";"dumbbell revers grip biceps curl";"Braços";"Haltere";"Bíceps";"antebraços";"Sem sprites; sem mapeamento de animação";"";"0382-dumbbell-revers-grip-biceps-curl";"1. Stand up straight with a dumbbell in each hand, palms facing down and arms fully extended. | 2. Keeping your upper arms stationary, exhale and curl the weights while contracting your biceps. | 3. Continue to raise the weights until your biceps are fully contracted and the dumbbells are at shoulder level. | 4. Hold the contracted position for a brief pause as you squeeze your biceps. | 5. Inhale and slowly begin to lower the dumbbells back to the starting position. | 6. Repeat for the desired number of repetitions."
"EX-1769";"1769";"Rosca de bíceps lateral deitado com peso corporal";"bodyweight side lying biceps curl";"Braços";"Peso corporal";"Bíceps";"antebraços";"Sem sprites; sem mapeamento de animação";"";"1769-bodyweight-side-lying-biceps-curl";"1. Lie on your side with your legs extended and your head supported by your arm. | 2. Hold your upper arm against your side and bend your elbow to curl your forearm towards your shoulder. | 3. Pause for a moment at the top, then slowly lower your forearm back down to the starting position. | 4. Repeat for the desired number of repetitions."
"EX-0575";"0575";"Rosca de bíceps na máquina articulada";"lever bicep curl";"Braços";"Máquina articulada";"Bíceps";"antebraços";"Sem sprites; sem mapeamento de animação";"";"0575-lever-bicep-curl";"1. Adjust the seat height and position yourself on the machine with your back against the pad. | 2. Grasp the handles with an underhand grip, palms facing up, and keep your elbows close to your sides. | 3. Exhale and curl the handles upward, contracting your biceps. | 4. Pause for a moment at the top of the movement, squeezing your biceps. | 5. Inhale and slowly lower the handles back to the starting position, fully extending your arms. | 6. Repeat for the desired number of repetitions."
"EX-1683";"1683";"Rosca de bíceps no aparelho Smith";"smith machine bicep curl";"Braços";"Máquina Smith";"Bíceps";"antebraços";"Sem sprites; sem mapeamento de animação";"";"1683-smith-machine-bicep-curl";"1. Adjust the height of the smith machine bar to be at waist level. | 2. Stand facing the smith machine with your feet shoulder-width apart. | 3. Grasp the bar with an underhand grip, hands slightly wider than shoulder-width apart. | 4. Keep your elbows close to your sides and your upper arms stationary. | 5. Exhale and curl the bar up towards your shoulders, contracting your biceps. | 6. Pause for a moment at the top of the movement, squeezing your biceps. | 7. Inhale and slowly lower the bar back down to the starting position. | 8. Repeat for the desired number of repetitions."
"EX-1652";"1652";"Rosca de bíceps no bola suíça com perna elevado com halteres";"dumbbell bicep curl on exercise ball with leg raised";"Braços";"Haltere";"Bíceps";"antebraços, ombros";"Sem sprites; sem mapeamento de animação";"";"1652-dumbbell-bicep-curl-on-exercise-ball-with-leg-raised";"1. Sit on an exercise ball with your feet flat on the ground and your back straight. | 2. Hold a dumbbell in each hand with your palms facing forward and your arms fully extended. | 3. Slowly curl the dumbbells towards your shoulders, keeping your elbows close to your sides. | 4. Pause for a moment at the top of the movement, then slowly lower the dumbbells back to the starting position. | 5. While performing the bicep curl, raise one leg off the ground and hold it in the air for the duration of the exercise. | 6. Repeat for the desired number of repetitions, then switch legs and repeat."
"EX-1684";"1684";"Rosca de bíceps passo acima unilateral equilíbrio com com halteres";"dumbbell step up single leg balance with bicep curl";"Braços";"Haltere";"Bíceps";"quadríceps, glúteos, isquiotibiais";"Sem sprites; sem mapeamento de animação";"";"1684-dumbbell-step-up-single-leg-balance-with-bicep-curl";"1. Stand in front of a step or platform with a dumbbell in each hand, palms facing your body. | 2. Place your right foot on the step, ensuring your entire foot is in contact with the surface. | 3. Engage your core and push through your right heel to lift your body up onto the step, bringing your left knee up towards your chest. | 4. At the top of the movement, perform a bicep curl by bending your elbows and bringing the dumbbells towards your shoulders. | 5. Lower the dumbbells back down and simultaneously lower your left foot back to the ground. | 6. Repeat the movement on the opposite side, stepping up with your left foot and curling the dumbbells. | 7. Continue alternating sides for the desired number of repetitions."
"EX-1638";"1638";"Rosca de bíceps puxada alta no cabo";"cable pulldown bicep curl";"Braços";"Cabo";"Bíceps";"antebraços";"Sem sprites; sem mapeamento de animação";"";"1638-cable-pulldown-bicep-curl";"1. Attach a straight bar to the cable machine at the highest setting. | 2. Stand facing the machine with your feet shoulder-width apart. | 3. Grasp the bar with an underhand grip, hands shoulder-width apart. | 4. Keep your elbows close to your sides and your upper arms stationary. | 5. Exhale and slowly curl the bar down towards your thighs, keeping your wrists straight. | 6. Pause for a moment at the bottom of the movement, squeezing your biceps. | 7. Inhale and slowly return the bar to the starting position, fully extending your arms. | 8. Repeat for the desired number of repetitions."
"EX-0390";"0390";"Rosca de bíceps sentado (na bola suíça) com halteres";"dumbbell seated biceps curl (on stability ball)";"Braços";"Haltere";"Bíceps";"antebraços";"Sem sprites; sem mapeamento de animação";"";"0390-dumbbell-seated-biceps-curl-on-stability-ball";"1. Sit on a stability ball with your feet flat on the ground and your back straight. | 2. Hold a dumbbell in each hand with your palms facing forward and your arms fully extended. | 3. Keeping your upper arms stationary, exhale and curl the dumbbells while contracting your biceps. | 4. Continue to raise the dumbbells until your biceps are fully contracted and the dumbbells are at shoulder level. | 5. Hold the contracted position for a brief pause as you squeeze your biceps. | 6. Inhale and slowly begin to lower the dumbbells back to the starting position. | 7. Repeat for the desired number of repetitions."
"EX-0847";"0847";"Rosca de bíceps sentado (na bola suíça) com peso adicional";"weighted seated bicep curl (on stability ball)";"Braços";"Bola medicinal";"Bíceps";"antebraços";"Sem sprites; sem mapeamento de animação";"";"0847-weighted-seated-bicep-curl-on-stability-ball";"1. Sit on a stability ball with your feet flat on the ground and your back straight. | 2. Hold a medicine ball with an underhand grip, palms facing up, and let your arms hang down by your sides. | 3. Keeping your upper arms stationary, exhale and curl the medicine ball up towards your shoulders. | 4. Pause for a moment at the top, squeezing your biceps. | 5. Inhale and slowly lower the medicine ball back down to the starting position. | 6. Repeat for the desired number of repetitions."
"EX-3123";"3123";"Rosca de bíceps sentado com faixa elástica";"resistance band seated biceps curl";"Braços";"Faixa de resistência";"Bíceps";"antebraços";"Sem sprites; sem mapeamento de animação";"";"3123-resistance-band-seated-biceps-curl";"1. Sit on a chair or bench with your back straight and feet flat on the ground. | 2. Hold the resistance band with an underhand grip, palms facing up, and arms extended down by your sides. | 3. Keeping your upper arms stationary, exhale and curl the resistance band up towards your shoulders. | 4. Pause for a moment at the top, squeezing your biceps. | 5. Inhale and slowly lower the resistance band back to the starting position. | 6. Repeat for the desired number of repetitions."
"EX-1677";"1677";"Rosca de bíceps sentado com halteres";"dumbbell seated bicep curl";"Braços";"Haltere";"Bíceps";"antebraços";"Sem sprites; sem mapeamento de animação";"";"1677-dumbbell-seated-bicep-curl";"1. Sit on a bench with your feet flat on the ground and hold a dumbbell in each hand, palms facing up. | 2. Keep your back straight and your elbows close to your torso. | 3. Exhale and curl the dumbbells up towards your shoulders, contracting your biceps. | 4. Pause for a moment at the top, then inhale and slowly lower the dumbbells back down to the starting position. | 5. Repeat for the desired number of repetitions."
"EX-0393";"0393";"Rosca de bíceps sentado interno com halteres";"dumbbell seated inner biceps curl";"Braços";"Haltere";"Bíceps";"antebraços";"Sem sprites; sem mapeamento de animação";"";"0393-dumbbell-seated-inner-biceps-curl";"1. Sit on a bench with your feet flat on the ground and hold a dumbbell in each hand, palms facing up. | 2. Rest your upper arms on your thighs, allowing the dumbbells to hang down. | 3. Keeping your upper arms stationary, curl the dumbbells up towards your shoulders by contracting your biceps. | 4. Pause for a moment at the top, then slowly lower the dumbbells back down to the starting position. | 5. Repeat for the desired number of repetitions."
"EX-1679";"1679";"Rosca de bíceps sentado unilateral no bola suíça com perna elevado com halteres";"dumbbell seated one arm bicep curl on exercise ball with leg raised";"Braços";"Haltere";"Bíceps";"antebraços, ombros";"Sem sprites; sem mapeamento de animação";"";"1679-dumbbell-seated-one-arm-bicep-curl-on-exercise-ball-with-leg-raised";"1. Sit on an exercise ball with your feet flat on the ground and your back straight. | 2. Hold a dumbbell in one hand with your palm facing up and your arm fully extended. | 3. Place your other hand on your hip for stability. | 4. Slowly curl the dumbbell towards your shoulder, keeping your upper arm stationary. | 5. Pause for a moment at the top of the movement, squeezing your bicep. | 6. Slowly lower the dumbbell back to the starting position. | 7. Repeat for the desired number of repetitions. | 8. Switch arms and repeat the exercise."
"EX-0986";"0986";"Rosca de bíceps unilateral acima da cabeça com faixa elástica";"band one arm overhead biceps curl";"Braços";"Faixa elástica";"Bíceps";"antebraços, ombros";"Sem sprites; sem mapeamento de animação";"";"0986-band-one-arm-overhead-biceps-curl";"1. Stand with your feet shoulder-width apart and place one end of the band under your foot. | 2. Hold the other end of the band with your arm fully extended overhead, palm facing forward. | 3. Keeping your upper arm stationary, curl your forearm towards your shoulder, squeezing your biceps. | 4. Pause for a moment at the top, then slowly lower your forearm back to the starting position. | 5. Repeat for the desired number of repetitions, then switch arms."
"EX-1668";"1668";"Rosca de bíceps unilateral sentado no bola suíça com halteres";"dumbbell one arm seated bicep curl on exercise ball";"Braços";"Haltere";"Bíceps";"antebraços";"Sem sprites; sem mapeamento de animação";"";"1668-dumbbell-one-arm-seated-bicep-curl-on-exercise-ball";"1. Sit on an exercise ball with your feet flat on the ground and your back straight. | 2. Hold a dumbbell in one hand with your palm facing up and your arm fully extended. | 3. Keeping your upper arm stationary, curl the dumbbell towards your shoulder by contracting your biceps. | 4. Pause for a moment at the top, then slowly lower the dumbbell back to the starting position. | 5. Repeat for the desired number of repetitions, then switch arms."
"EX-1656";"1656";"Rosca de bíceps v sentado no bosu bola com halteres";"dumbbell biceps curl v sit on bosu ball";"Braços";"Haltere";"Bíceps";"antebraços, ombros";"Sem sprites; sem mapeamento de animação";"";"1656-dumbbell-biceps-curl-v-sit-on-bosu-ball";"1. Sit on a bosu ball with your feet flat on the ground and your knees bent at a 90-degree angle. | 2. Hold a dumbbell in each hand with your palms facing forward and your arms fully extended down by your sides. | 3. Keeping your upper arms stationary, exhale and curl the weights while contracting your biceps. | 4. Continue to raise the dumbbells until your biceps are fully contracted and the dumbbells are at shoulder level. | 5. Hold the contracted position for a brief pause as you squeeze your biceps. | 6. Inhale and slowly begin to lower the dumbbells back to the starting position. | 7. Repeat for the desired number of repetitions."
"EX-1662";"1662";"Rosca deitado aberto com halteres";"dumbbell lying wide curl";"Braços";"Haltere";"Bíceps";"antebraços";"Sem sprites; sem mapeamento de animação";"";"1662-dumbbell-lying-wide-curl";"1. Lie flat on a bench with a dumbbell in each hand, palms facing up and arms fully extended. | 2. Keeping your upper arms stationary, exhale and curl the weights while contracting your biceps. | 3. Continue to raise the weights until your biceps are fully contracted and the dumbbells are at shoulder level. | 4. Hold the contracted position for a brief pause as you squeeze your biceps. | 5. Inhale and slowly begin to lower the dumbbells back to the starting position. | 6. Repeat for the desired number of repetitions."
"EX-0182";"0182";"Rosca deitado com pegada fechada no cabo";"cable lying close-grip curl";"Braços";"Cabo";"Bíceps";"antebraços";"Sem sprites; sem mapeamento de animação";"";"0182-cable-lying-close-grip-curl";"1. Attach a straight bar to a low pulley cable machine. | 2. Lie face up on a flat bench with your feet flat on the ground. | 3. Grasp the bar with an underhand grip, hands shoulder-width apart. | 4. Extend your arms fully, keeping your elbows close to your sides. | 5. Keeping your upper arms stationary, curl the bar towards your chest by contracting your biceps. | 6. Pause for a moment at the top, squeezing your biceps. | 7. Slowly lower the bar back to the starting position, fully extending your arms. | 8. Repeat for the desired number of repetitions."
"EX-0350";"0350";"Rosca deitado supino com halteres";"dumbbell lying supine curl";"Braços";"Haltere";"Bíceps";"antebraços";"Sem sprites; sem mapeamento de animação";"";"0350-dumbbell-lying-supine-curl";"1. Lie flat on a bench with a dumbbell in each hand, palms facing up and arms fully extended. | 2. Keeping your upper arms stationary, exhale and curl the weights while contracting your biceps. | 3. Continue to raise the dumbbells until your biceps are fully contracted and the dumbbells are at shoulder level. | 4. Hold the contracted position for a brief pause as you squeeze your biceps. | 5. Inhale and slowly begin to lower the dumbbells back to the starting position. | 6. Repeat for the desired number of repetitions."
"EX-1645";"1645";"Rosca dois braço no banco inclinado no cabo";"cable two arm curl on incline bench";"Braços";"Cabo";"Bíceps";"antebraços";"Sem sprites; sem mapeamento de animação";"";"1645-cable-two-arm-curl-on-incline-bench";"1. Sit on an incline bench with your back against the pad and your feet flat on the ground. | 2. Grasp the cable handles with an underhand grip, palms facing up, and your arms fully extended. | 3. Keeping your upper arms stationary, exhale and curl the handles towards your shoulders while contracting your biceps. | 4. Pause for a moment at the top of the movement, squeezing your biceps. | 5. Inhale and slowly lower the handles back to the starting position, fully extending your arms. | 6. Repeat for the desired number of repetitions."
"EX-0113";"0113";"Rosca em pé com pegada aberta com barra";"barbell standing wide-grip curl";"Braços";"Barra";"Bíceps";"antebraços, ombros";"Sem sprites; sem mapeamento de animação";"";"0113-barbell-standing-wide-grip-curl";"1. Stand up straight with your feet shoulder-width apart and hold a barbell with an overhand grip, hands wider than shoulder-width apart. | 2. Let the barbell hang at arm's length in front of your thighs, with your palms facing away from your body. | 3. Keeping your upper arms stationary, exhale and curl the barbell upward by contracting your biceps. | 4. Continue to raise the barbell until your biceps are fully contracted and the barbell is at shoulder level. | 5. Hold the contracted position for a brief pause as you squeeze your biceps. | 6. Inhale and slowly begin to lower the barbell back to the starting position. | 7. Repeat for the desired number of repetitions."
"EX-0106";"0106";"Rosca em pé com pegada fechada com barra";"barbell standing close grip curl";"Braços";"Barra";"Bíceps";"antebraços";"Sem sprites; sem mapeamento de animação";"";"0106-barbell-standing-close-grip-curl";"1. Stand up straight with your feet shoulder-width apart and hold a barbell with an underhand grip, hands close together. | 2. Keep your elbows close to your torso and your upper arms stationary throughout the movement. | 3. Exhale as you curl the weights while contracting your biceps. Continue to raise the bar until your biceps are fully contracted and the bar is at shoulder level. | 4. Hold the contracted position for a brief pause as you squeeze your biceps. | 5. Inhale as you slowly begin to bring the barbell back to the starting position. | 6. Repeat for the desired number of repetitions."
"EX-0110";"0110";"Rosca em pé com pegada invertida com barra";"barbell standing reverse grip curl";"Braços";"Barra";"Bíceps";"antebraços";"Sem sprites; sem mapeamento de animação";"";"0110-barbell-standing-reverse-grip-curl";"1. Stand up straight with your feet shoulder-width apart and hold a barbell with an underhand grip, palms facing up. | 2. Keep your elbows close to your torso and your upper arms stationary. | 3. Exhale and curl the weights while contracting your biceps, bringing the barbell as close to your shoulders as possible. | 4. Hold the contracted position for a brief pause as you squeeze your biceps. | 5. Inhale and slowly lower the barbell back to the starting position. | 6. Repeat for the desired number of repetitions."
"EX-0853";"0853";"Rosca em pé com peso adicional";"weighted standing curl";"Braços";"Com carga";"Bíceps";"antebraços";"Sem sprites; sem mapeamento de animação";"";"0853-weighted-standing-curl";"1. Stand with your feet shoulder-width apart and hold a dumbbell in each hand, palms facing forward. | 2. Keep your elbows close to your torso and exhale as you curl the weights up to shoulder level. | 3. Pause for a moment at the top, then inhale as you slowly lower the weights back down to the starting position. | 4. Repeat for the desired number of repetitions."
"EX-0229";"0229";"Rosca em pé interno no cabo";"cable standing inner curl";"Braços";"Cabo";"Bíceps";"antebraços";"Sem sprites; sem mapeamento de animação";"";"0229-cable-standing-inner-curl";"1. Stand facing a cable machine with your feet shoulder-width apart. | 2. Grasp the cable handle with an underhand grip, palms facing up. | 3. Keep your elbows close to your sides and your upper arms stationary. | 4. Exhale and curl the cable handle towards your shoulders, contracting your biceps. | 5. Pause for a moment at the top of the movement, squeezing your biceps. | 6. Inhale and slowly lower the cable handle back to the starting position. | 7. Repeat for the desired number of repetitions."
"EX-0429";"0429";"Rosca em pé invertido com halteres";"dumbbell standing reverse curl";"Braços";"Haltere";"Bíceps";"antebraços";"Sem sprites; sem mapeamento de animação";"";"0429-dumbbell-standing-reverse-curl";"1. Stand up straight with your feet shoulder-width apart and hold a dumbbell in each hand, palms facing your body. | 2. Keeping your upper arms stationary, exhale and curl the weights while contracting your biceps. Continue to raise the weights until your biceps are fully contracted and the dumbbells are at shoulder level. | 3. Hold the contracted position for a brief pause as you squeeze your biceps. | 4. Inhale and slowly begin to lower the dumbbells back to the starting position. | 5. Repeat for the desired number of repetitions."
"EX-0422";"0422";"Rosca em pé unilateral (sobre banco inclinado) com halteres";"dumbbell standing one arm curl (over incline bench)";"Braços";"Haltere";"Bíceps";"antebraços";"Sem sprites; sem mapeamento de animação";"";"0422-dumbbell-standing-one-arm-curl-over-incline-bench";"1. Stand with your feet shoulder-width apart, holding a dumbbell in one hand with your palm facing forward. | 2. Place your other hand on an incline bench for support. | 3. Keeping your upper arm stationary, exhale and curl the dumbbell towards your shoulder by contracting your biceps. | 4. Pause for a moment at the top, then inhale and slowly lower the dumbbell back to the starting position. | 5. Repeat for the desired number of repetitions, then switch arms."
"EX-0425";"0425";"Rosca em pé unilateral invertido com halteres";"dumbbell standing one arm reverse curl";"Braços";"Haltere";"Bíceps";"antebraços";"Sem sprites; sem mapeamento de animação";"";"0425-dumbbell-standing-one-arm-reverse-curl";"1. Stand up straight with your feet shoulder-width apart and hold a dumbbell in one hand with an overhand grip. | 2. Keep your arm fully extended and close to your body, with your palm facing down. | 3. Slowly curl the dumbbell up towards your shoulder, keeping your upper arm stationary. | 4. Pause for a moment at the top, then slowly lower the dumbbell back down to the starting position. | 5. Repeat for the desired number of repetitions, then switch to the other arm."
"EX-1680";"1680";"Rosca em pé unilateral sobre banco inclinado com halteres";"dumbbell standing one arm curl over incline bench";"Braços";"Haltere";"Bíceps";"antebraços";"Sem sprites; sem mapeamento de animação";"";"1680-dumbbell-standing-one-arm-curl-over-incline-bench";"1. Stand with your feet shoulder-width apart, holding a dumbbell in one hand. | 2. Place your other hand on an incline bench for support. | 3. Keeping your upper arm stationary, curl the dumbbell towards your shoulder by contracting your biceps. | 4. Pause for a moment at the top, then slowly lower the dumbbell back to the starting position. | 5. Repeat for the desired number of repetitions, then switch arms."
"EX-0317";"0317";"Rosca inclinado versão 2 com halteres";"dumbbell incline curl v. 2";"Braços";"Haltere";"Bíceps";"antebraços";"Sem sprites; sem mapeamento de animação";"";"0317-dumbbell-incline-curl-v-2";"1. Sit on an incline bench with a dumbbell in each hand, palms facing forward and arms fully extended. | 2. Keeping your upper arms stationary, exhale and curl the weights while contracting your biceps. | 3. Continue to raise the dumbbells until your biceps are fully contracted and the dumbbells are at shoulder level. | 4. Hold the contracted position for a brief pause as you squeeze your biceps. | 5. Inhale and slowly begin to lower the dumbbells back to the starting position. | 6. Repeat for the desired number of repetitions."
"EX-0206";"0206";"Rosca invertido no cabo";"cable reverse curl";"Braços";"Cabo";"Bíceps";"antebraços";"Sem sprites; sem mapeamento de animação";"";"0206-cable-reverse-curl";"1. Attach a straight bar to a low pulley cable machine. | 2. Stand facing the machine with your feet shoulder-width apart and your knees slightly bent. | 3. Grasp the bar with an underhand grip, hands shoulder-width apart. | 4. Keep your elbows close to your sides and your upper arms stationary throughout the exercise. | 5. Exhale and curl the bar up towards your shoulders, contracting your biceps. | 6. Pause for a moment at the top, squeezing your biceps. | 7. Inhale and slowly lower the bar back to the starting position, fully extending your arms. | 8. Repeat for the desired number of repetitions."
"EX-1675";"1675";"Rosca invertido spider com halteres";"dumbbell reverse spider curl";"Braços";"Haltere";"Bíceps";"antebraços";"Sem sprites; sem mapeamento de animação";"";"1675-dumbbell-reverse-spider-curl";"1. Stand up straight with a dumbbell in each hand, palms facing your body and arms fully extended. | 2. Keeping your upper arms stationary, exhale and curl the weights while contracting your biceps. | 3. Continue to raise the dumbbells until your biceps are fully contracted and the dumbbells are at shoulder level. | 4. Hold the contracted position for a brief pause as you squeeze your biceps. | 5. Inhale and slowly begin to lower the dumbbells back to the starting position. | 6. Repeat for the desired number of repetitions."
"EX-1413";"1413";"Rosca invertido unilateral no cabo";"cable reverse one arm curl";"Braços";"Cabo";"Bíceps";"antebraços";"Sem sprites; sem mapeamento de animação";"";"1413-cable-reverse-one-arm-curl";"1. Stand facing a cable machine with your feet shoulder-width apart. | 2. Grasp the cable handle with an underhand grip, palm facing down. | 3. Keep your elbow close to your side and slowly curl your forearm up towards your shoulder. | 4. Pause for a moment at the top, then slowly lower your forearm back down to the starting position. | 5. Repeat for the desired number of repetitions."
"EX-1648";"1648";"Rosca martelo alternado sentado com halteres";"dumbbell alternate seated hammer curl";"Braços";"Haltere";"Bíceps";"antebraços";"Sem sprites; sem mapeamento de animação";"";"1648-dumbbell-alternate-seated-hammer-curl";"1. Sit on a bench with a dumbbell in each hand, palms facing your torso and arms extended down. | 2. Keep your back straight and your elbows close to your torso. | 3. Exhale and curl the dumbbell in your right hand towards your shoulder, keeping your upper arm stationary. | 4. Continue to raise the dumbbell until your biceps are fully contracted and the dumbbell is at shoulder level. | 5. Pause for a brief moment, then inhale and slowly lower the dumbbell back to the starting position. | 6. Repeat the movement with your left arm. | 7. Continue alternating arms for the desired number of repetitions."
"EX-0298";"0298";"Rosca martelo cruzado corpo com halteres";"dumbbell cross body hammer curl";"Braços";"Haltere";"Bíceps";"antebraços";"Sem sprites; sem mapeamento de animação";"";"0298-dumbbell-cross-body-hammer-curl";"1. Stand up straight with a dumbbell in each hand, palms facing your body. | 2. Keep your elbows close to your torso and your upper arms stationary. | 3. Exhale and curl the weights while contracting your biceps, bringing the dumbbells across your body towards your opposite shoulder. | 4. Continue to raise the dumbbells until your biceps are fully contracted and the dumbbells are at shoulder level. | 5. Hold the contracted position for a brief pause as you squeeze your biceps. | 6. Inhale and slowly begin to lower the dumbbells back to the starting position. | 7. Repeat for the desired number of repetitions."
"EX-1657";"1657";"Rosca martelo cruzado corpo versão 2 com halteres";"dumbbell cross body hammer curl v. 2";"Braços";"Haltere";"Bíceps";"antebraços";"Sem sprites; sem mapeamento de animação";"";"1657-dumbbell-cross-body-hammer-curl-v-2";"1. Stand up straight with a dumbbell in each hand, palms facing your body. | 2. Keep your elbows close to your torso and your upper arms stationary. | 3. Exhale and curl the weights while contracting your biceps, bringing the dumbbells as close to your opposite shoulder as possible. | 4. Hold the contracted position for a brief pause as you squeeze your biceps. | 5. Inhale and slowly begin to lower the dumbbells back to the starting position. | 6. Repeat for the desired number of repetitions."
"EX-3560";"3560";"Rosca martelo em pé alternado e desenvolvimento com halteres";"dumbbell standing alternate hammer curl and press";"Braços";"Haltere";"Bíceps";"antebraços, ombros";"Sem sprites; sem mapeamento de animação";"";"3560-dumbbell-standing-alternate-hammer-curl-and-press";"1. Stand up straight with a dumbbell in each hand, palms facing your body. | 2. Keep your elbows close to your torso and your back straight. | 3. Exhale and curl the dumbbell in your right hand towards your shoulder, keeping your upper arm stationary. | 4. Continue to raise the dumbbell until your biceps are fully contracted and the dumbbell is at shoulder level. | 5. Inhale and slowly lower the dumbbell back to the starting position. | 6. Repeat the curl with your left hand. | 7. After completing the curl with your left hand, exhale and press the dumbbell in your right hand overhead. | 8. Extend your arm fully and hold for a moment at the top. | 9. Inhale and slowly lower the dumbbell back to the starting position. | 10. Repeat the press with your left hand. | 11. Continue alternating between curls and presses for the desired number of repetitions."
"EX-0320";"0320";"Rosca martelo inclinado com halteres";"dumbbell incline hammer curl";"Braços";"Haltere";"Bíceps";"antebraços";"Sem sprites; sem mapeamento de animação";"";"0320-dumbbell-incline-hammer-curl";"1. Sit on an incline bench with a dumbbell in each hand, palms facing your torso and arms fully extended. | 2. Keep your back against the bench and your feet flat on the floor. | 3. While keeping your upper arms stationary, exhale and curl the weights while contracting your biceps. | 4. Continue to raise the weights until your biceps are fully contracted and the dumbbells are at shoulder level. | 5. Hold the contracted position for a brief pause as you squeeze your biceps. | 6. Inhale and slowly begin to lower the dumbbells back to the starting position. | 7. Repeat for the desired number of repetitions."
"EX-1659";"1659";"Rosca martelo no bola suíça com halteres";"dumbbell hammer curl on exercise ball";"Braços";"Haltere";"Bíceps";"antebraços";"Sem sprites; sem mapeamento de animação";"";"1659-dumbbell-hammer-curl-on-exercise-ball";"1. Sit on an exercise ball with your feet flat on the ground and your back straight. | 2. Hold a dumbbell in each hand with your palms facing your body and your arms fully extended. | 3. Keeping your upper arms stationary, exhale and curl the dumbbells while contracting your biceps. | 4. Continue to raise the dumbbells until your biceps are fully contracted and the dumbbells are at shoulder level. | 5. Hold the contracted position for a brief pause as you squeeze your biceps. | 6. Inhale and slowly begin to lower the dumbbells back to the starting position. | 7. Repeat for the desired number of repetitions."
"EX-0636";"0636";"Rosca martelo olímpico barra";"olympic barbell hammer curl";"Braços";"Barra olímpica";"Bíceps";"antebraços";"Sem sprites; sem mapeamento de animação";"";"0636-olympic-barbell-hammer-curl";"1. Stand up straight with your feet shoulder-width apart and hold an Olympic barbell with an overhand grip. | 2. Let the barbell hang at arm's length in front of your thighs, with your palms facing your body. | 3. Keeping your upper arms stationary, exhale and curl the weights while contracting your biceps. | 4. Continue to raise the barbell until your biceps are fully contracted and the barbell is at shoulder level. | 5. Hold the contracted position for a brief pause as you squeeze your biceps. | 6. Inhale and slowly begin to lower the barbell back to the starting position. | 7. Repeat for the desired number of repetitions."
"EX-1674";"1674";"Rosca martelo pronado inclinado com halteres";"dumbbell prone incline hammer curl";"Braços";"Haltere";"Bíceps";"antebraços";"Sem sprites; sem mapeamento de animação";"";"1674-dumbbell-prone-incline-hammer-curl";"1. Adjust the bench to a 45-degree incline. | 2. Lie face down on the bench with a dumbbell in each hand, palms facing each other. | 3. Allow your arms to hang straight down towards the floor, keeping your elbows slightly bent. | 4. Keeping your upper arms stationary, exhale and curl the weights while contracting your biceps. | 5. Continue to raise the dumbbells until your biceps are fully contracted and the dumbbells are at shoulder level. | 6. Hold the contracted position for a brief pause as you squeeze your biceps. | 7. Inhale and slowly begin to lower the dumbbells back to the starting position. | 8. Repeat for the desired number of repetitions."
"EX-0370";"0370";"Rosca martelo Scott com halteres";"dumbbell peacher hammer curl";"Braços";"Haltere";"Bíceps";"antebraços";"Sem sprites; sem mapeamento de animação";"";"0370-dumbbell-peacher-hammer-curl";"1. Stand up straight with a dumbbell in each hand, palms facing your torso. | 2. Keep your elbows close to your torso and rotate the palms of your hands until they are facing forward. | 3. This will be your starting position. | 4. Now, keeping the upper arms stationary, exhale and curl the weights while contracting your biceps. | 5. Continue to raise the weights until your biceps are fully contracted and the dumbbells are at shoulder level. | 6. Hold the contracted position for a brief pause as you squeeze your biceps. | 7. Then, inhale and slowly begin to lower the dumbbells back to the starting position. | 8. Repeat for the recommended amount of repetitions."
"EX-1676";"1676";"Rosca martelo sentado alternado no bola suíça com halteres";"dumbbell seated alternate hammer curl on exercise ball";"Braços";"Haltere";"Bíceps";"antebraços";"Sem sprites; sem mapeamento de animação";"";"1676-dumbbell-seated-alternate-hammer-curl-on-exercise-ball";"1. Sit on an exercise ball with your feet flat on the ground and your back straight. | 2. Hold a dumbbell in each hand with your palms facing your body and your arms fully extended. | 3. Keeping your upper arms stationary, exhale and curl one dumbbell up towards your shoulder while keeping your palm facing your body. | 4. Continue to raise the dumbbell until your biceps are fully contracted and the dumbbell is at shoulder level. | 5. Hold the contracted position for a brief pause as you squeeze your biceps. | 6. Inhale and slowly lower the dumbbell back to the starting position. | 7. Repeat the movement with the opposite arm. | 8. Continue alternating arms for the desired number of repetitions."
"EX-1678";"1678";"Rosca martelo sentado com halteres";"dumbbell seated hammer curl";"Braços";"Haltere";"Bíceps";"antebraços";"Sem sprites; sem mapeamento de animação";"";"1678-dumbbell-seated-hammer-curl";"1. Sit on a bench with a dumbbell in each hand, palms facing your torso and arms extended straight down. | 2. Keeping your upper arms stationary, exhale and curl the weights while contracting your biceps. | 3. Continue to raise the dumbbells until your biceps are fully contracted and the dumbbells are at shoulder level. | 4. Hold the contracted position for a brief pause as you squeeze your biceps. | 5. Inhale and slowly begin to lower the dumbbells back to the starting position. | 6. Repeat for the desired number of repetitions."
"EX-1671";"1671";"Rosca martelo unilateral em pé com halteres";"dumbbell one arm standing hammer curl";"Braços";"Haltere";"Bíceps";"antebraços";"Sem sprites; sem mapeamento de animação";"";"1671-dumbbell-one-arm-standing-hammer-curl";"1. Stand up straight with a dumbbell in each hand, palms facing your torso. | 2. Keep your elbows close to your torso and your upper arms stationary. | 3. Exhale and curl the weights while contracting your biceps. | 4. Continue to raise the weights until your biceps are fully contracted and the dumbbells are at shoulder level. | 5. Hold the contracted position for a brief pause as you squeeze your biceps. | 6. Inhale and slowly begin to lower the dumbbells back to the starting position. | 7. Repeat for the desired number of repetitions."
"EX-1666";"1666";"Rosca martelo unilateral pronado com halteres";"dumbbell one arm prone hammer curl";"Braços";"Haltere";"Bíceps";"antebraços";"Sem sprites; sem mapeamento de animação";"";"1666-dumbbell-one-arm-prone-hammer-curl";"1. Lie face down on a flat bench with a dumbbell in one hand, palm facing your body and arm fully extended. | 2. Keep your upper arm stationary and curl the dumbbell towards your shoulder, contracting your biceps. | 3. Pause for a moment at the top, then slowly lower the dumbbell back to the starting position. | 4. Repeat for the desired number of repetitions, then switch arms."
"EX-1669";"1669";"Rosca martelo unilateral sentado com halteres";"dumbbell one arm seated hammer curl";"Braços";"Haltere";"Bíceps";"antebraços";"Sem sprites; sem mapeamento de animação";"";"1669-dumbbell-one-arm-seated-hammer-curl";"1. Sit on a bench with your back straight and feet flat on the ground. | 2. Hold a dumbbell in one hand with a neutral grip (palms facing each other). | 3. Rest your elbow on the inside of your thigh, just above the knee. | 4. Keeping your upper arm stationary, exhale and curl the dumbbell up towards your shoulder. | 5. Pause for a moment at the top, squeezing your biceps. | 6. Inhale and slowly lower the dumbbell back to the starting position. | 7. Repeat for the desired number of repetitions, then switch arms."
"EX-0312";"0312";"Rosca martelo versão 2 com halteres";"dumbbell hammer curl v. 2";"Braços";"Haltere";"Bíceps";"antebraços";"Sem sprites; sem mapeamento de animação";"";"0312-dumbbell-hammer-curl-v-2";"1. Stand up straight with a dumbbell in each hand, palms facing your torso. | 2. Keep your elbows close to your torso and rotate the palms of your hands until they are facing forward. | 3. This will be your starting position. | 4. Now, keeping the upper arms stationary, exhale and curl the weights while contracting your biceps. | 5. Continue to raise the weights until your biceps are fully contracted and the dumbbells are at shoulder level. | 6. Hold the contracted position for a brief pause as you squeeze your biceps. | 7. Then, inhale and slowly begin to lower the dumbbells back to the starting position. | 8. Repeat for the recommended amount of repetitions."
"EX-0072";"0072";"Rosca pronado inclinado com barra";"barbell prone incline curl";"Braços";"Barra";"Bíceps";"antebraços";"Sem sprites; sem mapeamento de animação";"";"0072-barbell-prone-incline-curl";"1. Set up an incline bench at a 45-degree angle. | 2. Lie face down on the bench with your chest and stomach resting against it. | 3. Hold a barbell with an underhand grip, shoulder-width apart. | 4. Extend your arms fully, allowing the barbell to hang down towards the floor. | 5. Keeping your upper arms stationary, exhale and curl the weights while contracting your biceps. | 6. Continue to raise the barbell until your biceps are fully contracted and the bar is at shoulder level. | 7. Hold the contracted position for a brief pause as you squeeze your biceps. | 8. Inhale and slowly begin to lower the barbell back to the starting position. | 9. Repeat for the desired number of repetitions."
"EX-0374";"0374";"Rosca pronado inclinado com halteres";"dumbbell prone incline curl";"Braços";"Haltere";"Bíceps";"antebraços";"Sem sprites; sem mapeamento de animação";"";"0374-dumbbell-prone-incline-curl";"1. Adjust the bench to a 45-degree incline. | 2. Lie face down on the bench with your chest and stomach resting against it. | 3. Hold a dumbbell in each hand with your palms facing down and your arms fully extended. | 4. Keeping your upper arms stationary, exhale and curl the weights while contracting your biceps. | 5. Continue to raise the weights until your biceps are fully contracted and the dumbbells are at shoulder level. | 6. Hold the contracted position for a brief pause as you squeeze your biceps. | 7. Inhale and slowly begin to lower the dumbbells back to the starting position. | 8. Repeat for the desired number of repetitions."
"EX-1647";"1647";"Rosca Scott alternado com halteres";"dumbbell alternate preacher curl";"Braços";"Haltere";"Bíceps";"antebraços";"Sem sprites; sem mapeamento de animação";"";"1647-dumbbell-alternate-preacher-curl";"1. Sit on a preacher bench with a dumbbell in each hand, palms facing up. | 2. Rest your upper arms on the pad of the preacher bench, allowing your arms to fully extend. | 3. Keeping your upper arms stationary, exhale and curl the dumbbell in your right hand as you contract your biceps. | 4. Continue to curl the dumbbell until your biceps are fully contracted and the dumbbell is at shoulder level. | 5. Pause for a moment, then inhale and slowly lower the dumbbell back to the starting position. | 6. Repeat the movement with your left arm. | 7. Continue alternating arms for the desired number of repetitions."
"EX-1646";"1646";"Rosca Scott alternado martelo com halteres";"dumbbell alternate hammer preacher curl";"Braços";"Haltere";"Bíceps";"antebraços";"Sem sprites; sem mapeamento de animação";"";"1646-dumbbell-alternate-hammer-preacher-curl";"1. Sit on a preacher bench with a dumbbell in each hand, palms facing your torso and arms fully extended. | 2. Keep your upper arms stationary and exhale as you curl the weights while contracting your biceps. | 3. Continue to raise the dumbbells until your biceps are fully contracted and the dumbbells are at shoulder level. | 4. Hold the contracted position for a brief pause as you squeeze your biceps. | 5. Inhale and slowly begin to lower the dumbbells back to the starting position. | 6. Repeat for the recommended amount of repetitions."
"EX-0070";"0070";"Rosca Scott com barra";"barbell preacher curl";"Braços";"Barra";"Bíceps";"antebraços";"Sem sprites; sem mapeamento de animação";"";"0070-barbell-preacher-curl";"1. Sit on a preacher bench with your upper arms resting on the pad and your chest against the support. | 2. Grasp the barbell with an underhand grip, slightly wider than shoulder-width apart. | 3. Keeping your upper arms stationary, exhale and curl the barbell up towards your shoulders. | 4. Pause for a moment at the top, squeezing your biceps. | 5. Inhale and slowly lower the barbell back down to the starting position. | 6. Repeat for the desired number of repetitions."
"EX-0372";"0372";"Rosca Scott com halteres";"dumbbell preacher curl";"Braços";"Haltere";"Bíceps";"antebraços";"Sem sprites; sem mapeamento de animação";"";"0372-dumbbell-preacher-curl";"1. Sit on a preacher curl bench with your upper arms resting on the pad and your chest against it. | 2. Hold a dumbbell in each hand with your palms facing up and your arms fully extended. | 3. Keeping your upper arms stationary, exhale and curl the weights while contracting your biceps. | 4. Continue to raise the dumbbells until your biceps are fully contracted and the dumbbells are at shoulder level. | 5. Hold the contracted position for a brief pause as you squeeze your biceps. | 6. Inhale and slowly begin to lower the dumbbells back to the starting position. | 7. Repeat for the desired number of repetitions."
"EX-1627";"1627";"Rosca Scott com pegada fechada com barra W";"ez barbell close grip preacher curl";"Braços";"Barra EZ";"Bíceps";"antebraços";"Sem sprites; sem mapeamento de animação";"";"1627-ez-barbell-close-grip-preacher-curl";"1. Sit on a preacher curl bench and place your upper arms on the pad, gripping the ez barbell with an underhand grip. | 2. Rest your triceps on the pad and fully extend your arms, keeping your back straight. | 3. Slowly curl the barbell towards your shoulders, contracting your biceps. | 4. Pause for a moment at the top, squeezing your biceps. | 5. Lower the barbell back to the starting position, fully extending your arms. | 6. Repeat for the desired number of repetitions."
"EX-0452";"0452";"Rosca Scott com pegada invertida com barra W";"ez barbell reverse grip preacher curl";"Braços";"Barra EZ";"Bíceps";"antebraços";"Sem sprites; sem mapeamento de animação";"";"0452-ez-barbell-reverse-grip-preacher-curl";"1. Sit on a preacher bench with your chest against the pad and your feet flat on the floor. | 2. Grasp the ez barbell with an underhand grip, hands shoulder-width apart. | 3. Rest your upper arms on the pad, allowing your forearms to hang down. | 4. Keeping your upper arms stationary, exhale and curl the barbell up towards your shoulders. | 5. Pause for a moment at the top, then inhale and slowly lower the barbell back down to the starting position. | 6. Repeat for the desired number of repetitions."
"EX-1616";"1616";"Rosca Scott com pegada invertida na máquina articulada";"lever reverse grip preacher curl";"Braços";"Máquina articulada";"Bíceps";"antebraços";"Sem sprites; sem mapeamento de animação";"";"1616-lever-reverse-grip-preacher-curl";"1. Adjust the seat height and position yourself on the leverage machine. | 2. Grasp the handles with an underhand grip, palms facing up. | 3. Rest your upper arms on the preacher pad, ensuring your elbows are fully extended. | 4. Keeping your upper arms stationary, exhale and curl the handles towards your shoulders. | 5. Pause for a moment at the top of the movement, squeezing your biceps. | 6. Inhale and slowly lower the handles back to the starting position, fully extending your elbows. | 7. Repeat for the desired number of repetitions."
"EX-1639";"1639";"Rosca Scott corda martelo no cabo";"cable rope hammer preacher curl";"Braços";"Cabo";"Bíceps";"antebraços";"Sem sprites; sem mapeamento de animação";"";"1639-cable-rope-hammer-preacher-curl";"1. Attach a rope attachment to a low pulley cable machine. | 2. Stand facing the machine with your feet shoulder-width apart. | 3. Grasp the rope with a neutral grip (palms facing each other). | 4. Position your upper arms against the preacher bench pad, keeping your elbows slightly bent. | 5. Keeping your upper arms stationary, exhale and curl the rope towards your shoulders by contracting your biceps. | 6. Hold the contracted position for a brief pause as you squeeze your biceps. | 7. Inhale and slowly lower the rope back to the starting position. | 8. Repeat for the desired number of repetitions."
"EX-1640";"1640";"Rosca Scott corda unilateral martelo no cabo";"cable rope one arm hammer preacher curl";"Braços";"Cabo";"Bíceps";"antebraços";"Sem sprites; sem mapeamento de animação";"";"1640-cable-rope-one-arm-hammer-preacher-curl";"1. Attach a rope handle to a low pulley cable machine. | 2. Stand facing the machine with your feet shoulder-width apart. | 3. Grasp the rope handle with an underhand grip, palms facing up. | 4. Position your upper arm against the preacher bench pad, keeping your elbow slightly bent. | 5. Keep your back straight and your core engaged throughout the exercise. | 6. Slowly curl the rope handle towards your shoulder, keeping your upper arm stationary. | 7. Squeeze your biceps at the top of the movement, then slowly lower the rope handle back to the starting position. | 8. Repeat for the desired number of repetitions, then switch arms."
"EX-0059";"0059";"Rosca Scott deitado com barra";"barbell lying preacher curl";"Braços";"Barra";"Bíceps";"antebraços";"Sem sprites; sem mapeamento de animação";"";"0059-barbell-lying-preacher-curl";"1. Sit on a preacher bench with your chest against the pad and your arms extended over the edge, holding a barbell with an underhand grip. | 2. Keeping your upper arms stationary, exhale and curl the weights while contracting your biceps. | 3. Continue to raise the bar until your biceps are fully contracted and the bar is at shoulder level. | 4. Hold the contracted position for a brief pause as you squeeze your biceps. | 5. Inhale and slowly begin to lower the barbell back to the starting position. | 6. Repeat for the desired number of repetitions."
"EX-0428";"0428";"Rosca Scott em pé com halteres";"dumbbell standing preacher curl";"Braços";"Haltere";"Bíceps";"antebraços";"Sem sprites; sem mapeamento de animação";"";"0428-dumbbell-standing-preacher-curl";"1. Stand upright with your feet shoulder-width apart and hold a dumbbell in each hand, palms facing forward. | 2. Rest the back of your upper arms against the preacher bench or an incline bench, with your elbows slightly bent. | 3. Keeping your upper arms stationary, exhale and curl the weights while contracting your biceps. | 4. Continue to raise the dumbbells until your biceps are fully contracted and the dumbbells are at shoulder level. | 5. Hold the contracted position for a brief pause as you squeeze your biceps. | 6. Inhale and slowly begin to lower the dumbbells back to the starting position. | 7. Repeat for the desired number of repetitions."
"EX-2293";"2293";"Rosca Scott em pé zottman com halteres";"dumbbell standing zottman preacher curl";"Braços";"Haltere";"Bíceps";"antebraços";"Sem sprites; sem mapeamento de animação";"";"2293-dumbbell-standing-zottman-preacher-curl";"1. Stand up straight with a dumbbell in each hand, palms facing forward. | 2. Place your upper arms against the preacher bench and keep your elbows slightly bent. | 3. Curl the dumbbells up towards your shoulders while keeping your upper arms stationary. | 4. At the top of the movement, rotate your wrists so that your palms are facing downward. | 5. Slowly lower the dumbbells back to the starting position, rotating your wrists back to the starting position as well. | 6. Repeat for the desired number of repetitions."
"EX-0081";"0081";"Rosca Scott invertido com barra";"barbell reverse preacher curl";"Braços";"Barra";"Bíceps";"antebraços";"Sem sprites; sem mapeamento de animação";"";"0081-barbell-reverse-preacher-curl";"1. Sit on a preacher bench with your chest against the pad and your arms extended straight down, holding a barbell with an overhand grip. | 2. Keeping your upper arms stationary, exhale and curl the barbell upward while contracting your biceps. | 3. Continue to raise the barbell until your biceps are fully contracted and the barbell is at shoulder level. | 4. Hold the contracted position for a brief pause as you squeeze your biceps. | 5. Inhale and slowly lower the barbell back to the starting position. | 6. Repeat for the desired number of repetitions."
"EX-0384";"0384";"Rosca Scott invertido com halteres";"dumbbell reverse preacher curl";"Braços";"Haltere";"Bíceps";"antebraços";"Sem sprites; sem mapeamento de animação";"";"0384-dumbbell-reverse-preacher-curl";"1. Sit on a preacher bench with your upper arms resting on the pad and your chest against the support. | 2. Hold a dumbbell in each hand with an underhand grip, palms facing up. | 3. Keeping your upper arms stationary, exhale and curl the dumbbells as you contract your biceps. | 4. Continue to curl the dumbbells until your biceps are fully contracted and the dumbbells are at shoulder level. | 5. Hold the contracted position for a brief pause as you squeeze your biceps. | 6. Inhale and slowly lower the dumbbells back to the starting position. | 7. Repeat for the desired number of repetitions."
"EX-0209";"0209";"Rosca Scott invertido no cabo";"cable reverse preacher curl";"Braços";"Cabo";"Bíceps";"antebraços";"Sem sprites; sem mapeamento de animação";"";"0209-cable-reverse-preacher-curl";"1. Adjust the cable machine so that the preacher curl pad is at chest height. | 2. Sit on the preacher curl bench and place your upper arms on the pad, with your palms facing down and your elbows fully extended. | 3. Grab the cable handles with an underhand grip, shoulder-width apart. | 4. Keeping your upper arms stationary, exhale and curl the handles towards your shoulders, contracting your biceps. | 5. Pause for a moment at the top of the movement, squeezing your biceps. | 6. Inhale and slowly lower the handles back to the starting position, fully extending your elbows. | 7. Repeat for the desired number of repetitions."
"EX-1615";"1615";"Rosca Scott martelo pegada na máquina articulada";"lever hammer grip preacher curl";"Braços";"Máquina articulada";"Bíceps";"antebraços";"Sem sprites; sem mapeamento de animação";"";"1615-lever-hammer-grip-preacher-curl";"1. Adjust the seat height and position yourself on the leverage machine. | 2. Place your upper arms on the preacher pad, ensuring your chest is pressed against it. | 3. Grasp the handles with a hammer grip (palms facing each other). | 4. Keeping your upper arms stationary, exhale and curl the handles towards your shoulders. | 5. Pause for a moment at the top, squeezing your biceps. | 6. Inhale and slowly lower the handles back to the starting position. | 7. Repeat for the desired number of repetitions."
"EX-0195";"0195";"Rosca Scott no cabo";"cable preacher curl";"Braços";"Cabo";"Bíceps";"antebraços";"Sem sprites; sem mapeamento de animação";"";"0195-cable-preacher-curl";"1. Adjust the cable machine so that the preacher curl pad is at chest height. | 2. Sit on the preacher curl bench and place your upper arms on the pad, gripping the cable attachment with an underhand grip. | 3. Keep your back straight and your elbows tucked in at your sides. | 4. Slowly curl the cable attachment up towards your shoulders, squeezing your biceps at the top of the movement. | 5. Pause for a moment, then slowly lower the cable attachment back down to the starting position. | 6. Repeat for the desired number of repetitions."
"EX-0402";"0402";"Rosca Scott sentado com halteres";"dumbbell seated preacher curl";"Braços";"Haltere";"Bíceps";"antebraços";"Sem sprites; sem mapeamento de animação";"";"0402-dumbbell-seated-preacher-curl";"1. Sit on a preacher curl bench with your feet flat on the floor. | 2. Hold a dumbbell in one hand with an underhand grip, resting your upper arm against the preacher pad. | 3. Keeping your upper arm stationary, exhale and curl the dumbbell up towards your shoulder. | 4. Pause for a moment at the top, then inhale and slowly lower the dumbbell back down to the starting position. | 5. Repeat for the desired number of repetitions, then switch arms."
"EX-1673";"1673";"Rosca Scott sobre bola suíça com halteres";"dumbbell preacher curl over exercise ball";"Braços";"Haltere";"Bíceps";"antebraços";"Sem sprites; sem mapeamento de animação";"";"1673-dumbbell-preacher-curl-over-exercise-ball";"1. Sit on an exercise ball with your feet flat on the ground and your back straight. | 2. Hold a dumbbell in one hand with an underhand grip, resting your elbow on the exercise ball. | 3. Keeping your upper arm stationary, exhale and curl the dumbbell up towards your shoulder. | 4. Pause for a moment at the top, then inhale and slowly lower the dumbbell back to the starting position. | 5. Repeat for the desired number of repetitions, then switch arms."
"EX-1414";"1414";"Rosca Scott unilateral invertido com halteres";"dumbbell one arm reverse preacher curl";"Braços";"Haltere";"Bíceps";"antebraços";"Sem sprites; sem mapeamento de animação";"";"1414-dumbbell-one-arm-reverse-preacher-curl";"1. Sit on a preacher bench with your chest against the pad and your arm extended over the edge of the bench, holding a dumbbell with an underhand grip. | 2. Lower the dumbbell slowly until your arm is fully extended. | 3. Curl the dumbbell back up towards your shoulder, keeping your upper arm stationary. | 4. Squeeze your biceps at the top of the movement, then slowly lower the dumbbell back down to the starting position. | 5. Repeat for the desired number of repetitions, then switch arms."
"EX-1635";"1635";"Rosca Scott unilateral invertido no cabo";"cable one arm reverse preacher curl";"Braços";"Cabo";"Bíceps";"antebraços";"Sem sprites; sem mapeamento de animação";"";"1635-cable-one-arm-reverse-preacher-curl";"1. Adjust the cable machine so that the pulley is at the lowest position. | 2. Stand facing the cable machine with your feet shoulder-width apart. | 3. Grasp the cable handle with an underhand grip and position your upper arm against the preacher bench pad. | 4. Keep your back straight and your core engaged throughout the exercise. | 5. Slowly curl your forearm towards your bicep, keeping your upper arm stationary against the pad. | 6. Pause for a moment at the top of the movement, squeezing your bicep. | 7. Slowly lower the cable handle back to the starting position. | 8. Repeat for the desired number of repetitions. | 9. Switch arms and repeat the exercise."
"EX-1663";"1663";"Rosca Scott unilateral martelo com halteres";"dumbbell one arm hammer preacher curl";"Braços";"Haltere";"Bíceps";"antebraços";"Sem sprites; sem mapeamento de animação";"";"1663-dumbbell-one-arm-hammer-preacher-curl";"1. Sit on a preacher bench with a dumbbell in one hand and your upper arm resting on the pad. | 2. Hold the dumbbell with a neutral grip (palms facing your body). | 3. Keeping your upper arm stationary, exhale and curl the dumbbell up towards your shoulder. | 4. Pause for a moment at the top, squeezing your biceps. | 5. Inhale and slowly lower the dumbbell back to the starting position. | 6. Repeat for the desired number of repetitions, then switch arms."
"EX-1633";"1633";"Rosca Scott unilateral no cabo";"cable one arm preacher curl";"Braços";"Cabo";"Bíceps";"antebraços";"Sem sprites; sem mapeamento de animação";"";"1633-cable-one-arm-preacher-curl";"1. Adjust the cable machine so that the preacher curl pad is at chest height. | 2. Stand facing the cable machine with your feet shoulder-width apart. | 3. Grasp the cable handle with an underhand grip and position your upper arm against the preacher curl pad. | 4. Keep your back straight and your core engaged. | 5. Slowly curl the cable handle towards your shoulder, keeping your upper arm against the pad. | 6. Pause for a moment at the top of the movement, squeezing your biceps. | 7. Slowly lower the cable handle back to the starting position. | 8. Repeat for the desired number of repetitions. | 9. Switch arms and repeat the exercise."
"EX-1672";"1672";"Rosca Scott unilateral zottman com halteres";"dumbbell one arm zottman preacher curl";"Braços";"Haltere";"Bíceps";"antebraços";"Sem sprites; sem mapeamento de animação";"";"1672-dumbbell-one-arm-zottman-preacher-curl";"1. Sit on a preacher curl bench and hold a dumbbell in one hand with an underhand grip. | 2. Rest your upper arm on the preacher bench pad, allowing your arm to fully extend. | 3. Curl the dumbbell up towards your shoulder, keeping your upper arm stationary. | 4. At the top of the curl, rotate your wrist so that your palm faces up. | 5. Slowly lower the dumbbell back down to the starting position, rotating your wrist back to the starting position. | 6. Repeat for the desired number of repetitions, then switch arms."
"EX-1614";"1614";"Rosca Scott versão 2 na máquina articulada";"lever preacher curl v. 2";"Braços";"Máquina articulada";"Bíceps";"antebraços";"Sem sprites; sem mapeamento de animação";"";"1614-lever-preacher-curl-v-2";"1. Adjust the seat height and position yourself on the machine with your upper arms resting on the pad and your chest against the support. | 2. Grasp the handles with an underhand grip, slightly wider than shoulder-width apart. | 3. Keep your upper arms stationary and exhale as you curl the handles towards your shoulders, contracting your biceps. | 4. Pause for a moment at the top of the movement, squeezing your biceps. | 5. Inhale as you slowly lower the handles back to the starting position, fully extending your arms. | 6. Repeat for the desired number of repetitions."
"EX-2294";"2294";"Rosca Scott zottman com halteres";"dumbbell zottman preacher curl";"Braços";"Haltere";"Bíceps";"antebraços";"Sem sprites; sem mapeamento de animação";"";"2294-dumbbell-zottman-preacher-curl";"1. Sit on a preacher bench with a dumbbell in each hand, palms facing up and elbows resting on the pad. | 2. Curl the dumbbells up towards your shoulders, keeping your upper arms stationary and your palms facing up. | 3. At the top of the curl, rotate your wrists so that your palms are facing down. | 4. Slowly lower the dumbbells back down to the starting position, rotating your wrists back to the starting position as you do so. | 5. Repeat for the desired number of repetitions."
"EX-1643";"1643";"Rosca sentado acima da cabeça no cabo";"cable seated overhead curl";"Braços";"Cabo";"Bíceps";"antebraços, ombros";"Sem sprites; sem mapeamento de animação";"";"1643-cable-seated-overhead-curl";"1. Sit on a bench facing the cable machine with your feet flat on the ground. | 2. Grasp the cable attachment with an underhand grip, palms facing up, and your hands shoulder-width apart. | 3. Keep your upper arms stationary and your elbows close to your sides. | 4. Exhale and curl the cable attachment towards your shoulders, contracting your biceps. | 5. Pause for a moment at the top of the movement, squeezing your biceps. | 6. Inhale and slowly lower the cable attachment back to the starting position, fully extending your arms. | 7. Repeat for the desired number of repetitions."
"EX-0391";"0391";"Rosca sentado com halteres";"dumbbell seated curl";"Braços";"Haltere";"Bíceps";"antebraços";"Sem sprites; sem mapeamento de animação";"";"0391-dumbbell-seated-curl";"1. Sit on a bench with your feet flat on the ground and a dumbbell in each hand, palms facing forward. | 2. Keep your back straight and your elbows close to your torso. | 3. Exhale and curl the dumbbells up towards your shoulders, contracting your biceps. | 4. Pause for a moment at the top, then inhale and slowly lower the dumbbells back down to the starting position. | 5. Repeat for the desired number of repetitions."
"EX-1641";"1641";"Rosca sentado no cabo";"cable seated curl";"Braços";"Cabo";"Bíceps";"antebraços";"Sem sprites; sem mapeamento de animação";"";"1641-cable-seated-curl";"1. Sit on a cable machine with your feet flat on the ground and your back straight. | 2. Grasp the cable attachment with an underhand grip, palms facing up, and your arms fully extended. | 3. Keeping your upper arms stationary, exhale and curl the cable attachment towards your shoulders, contracting your biceps. | 4. Pause for a moment at the top of the movement, squeezing your biceps. | 5. Inhale and slowly lower the cable attachment back to the starting position, fully extending your arms. | 6. Repeat for the desired number of repetitions."
"EX-0454";"0454";"Rosca spider com barra W";"ez barbell spider curl";"Braços";"Barra EZ";"Bíceps";"antebraços";"Sem sprites; sem mapeamento de animação";"";"0454-ez-barbell-spider-curl";"1. Stand with your feet shoulder-width apart and hold the ez barbell with an underhand grip, palms facing up. | 2. Rest your upper arms on a preacher bench or stability ball, allowing your elbows to hang down. | 3. Keeping your upper arms stationary, exhale and curl the barbell up towards your shoulders. | 4. Pause for a moment at the top, squeezing your biceps. | 5. Inhale and slowly lower the barbell back to the starting position. | 6. Repeat for the desired number of repetitions."
"EX-1628";"1628";"Rosca spider com barra W";"ez barbell spider curl";"Braços";"Barra EZ";"Bíceps";"antebraços";"Sem sprites; sem mapeamento de animação";"";"1628-ez-barbell-spider-curl";"1. Stand with your feet shoulder-width apart and hold the ez barbell with an underhand grip, palms facing up. | 2. Rest your upper arms on a preacher bench or stability ball, allowing your elbows to hang down. | 3. Keeping your upper arms stationary, exhale and curl the barbell up towards your shoulders. | 4. Pause for a moment at the top, squeezing your biceps. | 5. Inhale and slowly lower the barbell back to the starting position. | 6. Repeat for the desired number of repetitions."
"EX-1670";"1670";"Rosca unilateral em pé com halteres";"dumbbell one arm standing curl";"Braços";"Haltere";"Bíceps";"antebraços";"Sem sprites; sem mapeamento de animação";"";"1670-dumbbell-one-arm-standing-curl";"1. Stand up straight with a dumbbell in one hand, palm facing forward and arm fully extended. | 2. Keeping your upper arm stationary, exhale and curl the weight upward while contracting your biceps. | 3. Continue to raise the dumbbell until your biceps are fully contracted and the dumbbell is at shoulder level. | 4. Hold the contracted position for a brief pause as you squeeze your biceps. | 5. Inhale and slowly lower the dumbbell back to the starting position. | 6. Repeat for the desired number of repetitions, then switch arms."
"EX-1667";"1667";"Rosca unilateral invertido spider com halteres";"dumbbell one arm reverse spider curl";"Braços";"Haltere";"Bíceps";"antebraços";"Sem sprites; sem mapeamento de animação";"";"1667-dumbbell-one-arm-reverse-spider-curl";"1. Stand up straight with a dumbbell in one hand, palm facing down and arm fully extended. | 2. Keeping your upper arm stationary, curl the dumbbell towards your shoulder by flexing your elbow. | 3. Pause for a moment at the top, then slowly lower the dumbbell back to the starting position. | 4. Repeat for the desired number of repetitions, then switch arms."
"EX-0190";"0190";"Rosca unilateral no cabo";"cable one arm curl";"Braços";"Cabo";"Bíceps";"antebraços";"Sem sprites; sem mapeamento de animação";"";"0190-cable-one-arm-curl";"1. Stand facing the cable machine with your feet shoulder-width apart. | 2. Grasp the cable handle with an underhand grip, palm facing up. | 3. Keep your elbow close to your side and slowly curl your forearm up towards your shoulder. | 4. Pause for a moment at the top, then slowly lower your forearm back down to the starting position. | 5. Repeat for the desired number of repetitions."
"EX-1665";"1665";"Rosca unilateral pronado com halteres";"dumbbell one arm prone curl";"Braços";"Haltere";"Bíceps";"antebraços";"Sem sprites; sem mapeamento de animação";"";"1665-dumbbell-one-arm-prone-curl";"1. Lie face down on a flat bench with a dumbbell in one hand, palm facing down. | 2. Extend your arm fully, letting it hang straight down towards the floor. | 3. Keeping your upper arm stationary, curl the dumbbell up towards your shoulder by contracting your biceps. | 4. Pause for a moment at the top, then slowly lower the dumbbell back down to the starting position. | 5. Repeat for the desired number of repetitions, then switch arms."
"EX-0439";"0439";"Rosca zottman com halteres";"dumbbell zottman curl";"Braços";"Haltere";"Bíceps";"antebraços";"Sem sprites; sem mapeamento de animação";"";"0439-dumbbell-zottman-curl";"1. Stand up straight with a dumbbell in each hand, palms facing your body. | 2. Keep your elbows close to your torso and rotate your palms to face forward. | 3. Curl the dumbbells up to your shoulders while keeping your upper arms stationary. | 4. At the top of the movement, rotate your wrists so that your palms are facing away from your body. | 5. Slowly lower the dumbbells back to the starting position, rotating your palms back to facing your body. | 6. Repeat for the desired number of repetitions."
"EX-1458";"1458";"Sentado roscas com barra W";"ez barbell seated curls";"Braços";"Barra EZ";"Bíceps";"antebraços";"Sem sprites; sem mapeamento de animação";"";"1458-ez-barbell-seated-curls";"1. Sit on a bench with your feet flat on the ground and your back straight. | 2. Hold the ez barbell with an underhand grip, palms facing up, and your hands shoulder-width apart. | 3. Rest your upper arms on your thighs, allowing the ez barbell to hang down in front of you. | 4. Keeping your upper arms stationary, exhale and curl the ez barbell upwards towards your shoulders. | 5. Pause for a moment at the top, squeezing your biceps. | 6. Inhale and slowly lower the ez barbell back to the starting position. | 7. Repeat for the desired number of repetitions."
"EX-0751";"0751";"Supino com pegada fechada no aparelho Smith";"smith close-grip bench press";"Braços";"Máquina Smith";"Tríceps";"peito, ombros";"Sem sprites; sem mapeamento de animação";"";"0751-smith-close-grip-bench-press";"1. Adjust the seat height and position yourself on the bench with your feet flat on the ground. | 2. Grasp the barbell with a close grip, slightly narrower than shoulder-width apart. | 3. Lower the barbell towards your chest, keeping your elbows close to your body. | 4. Pause for a moment at the bottom, then push the barbell back up to the starting position. | 5. Repeat for the desired number of repetitions."
"EX-0352";"0352";"Supino com pegada neutra com halteres";"dumbbell neutral grip bench press";"Braços";"Haltere";"Tríceps";"peito, ombros";"Sem sprites; sem mapeamento de animação";"";"0352-dumbbell-neutral-grip-bench-press";"1. Lie flat on a bench with your feet flat on the ground and your back pressed against the bench. | 2. Hold a dumbbell in each hand with a neutral grip (palms facing each other) and your arms extended straight up over your chest. | 3. Slowly lower the dumbbells down towards your chest, keeping your elbows close to your body. | 4. Pause for a moment at the bottom, then push the dumbbells back up to the starting position, fully extending your arms. | 5. Repeat for the desired number of repetitions."
"EX-1743";"1743";"Supino com rotação com halteres";"dumbbell twisting bench press";"Braços";"Haltere";"Tríceps";"peito, ombros";"Sem sprites; sem mapeamento de animação";"";"1743-dumbbell-twisting-bench-press";"1. Lie flat on a bench with your feet flat on the ground and your back pressed against the bench. | 2. Hold a dumbbell in each hand with an overhand grip, palms facing away from you. | 3. Extend your arms straight up over your chest, keeping a slight bend in your elbows. | 4. Lower the dumbbells down towards your chest, keeping your elbows close to your body. | 5. As you lower the dumbbells, twist your wrists so that your palms face towards you at the bottom of the movement. | 6. Pause for a moment at the bottom, then reverse the movement by pressing the dumbbells back up to the starting position. | 7. As you press the dumbbells up, twist your wrists back to the starting position with palms facing away from you. | 8. Repeat for the desired number of repetitions."
"EX-1625";"1625";"Supino declinado com pegada fechada no aparelho Smith";"smith machine decline close grip bench press";"Braços";"Máquina Smith";"Tríceps";"peito, ombros";"Sem sprites; sem mapeamento de animação";"";"1625-smith-machine-decline-close-grip-bench-press";"1. Adjust the bench on the smith machine to a decline position. | 2. Lie down on the bench with your feet firmly planted on the ground. | 3. Grasp the barbell with a close grip, slightly narrower than shoulder-width apart. | 4. Unrack the barbell and lower it slowly towards your chest, keeping your elbows close to your body. | 5. Pause for a moment when the barbell is just above your chest. | 6. Push the barbell back up to the starting position, fully extending your arms. | 7. Repeat for the desired number of repetitions."
"EX-2432";"2432";"Supino ez barra com pegada fechada";"ez-bar close-grip bench press";"Braços";"Barra EZ";"Tríceps";"peito, ombros";"Sem sprites; sem mapeamento de animação";"";"2432-ez-bar-close-grip-bench-press";"1. Lie flat on a bench with your feet flat on the ground and your back pressed against the bench. | 2. Grasp the ez barbell with a close grip, hands shoulder-width apart, palms facing forward. | 3. Lift the barbell off the rack and hold it directly above your chest with your arms fully extended. | 4. Slowly lower the barbell towards your chest, keeping your elbows close to your body. | 5. Pause for a moment when the barbell touches your chest. | 6. Push the barbell back up to the starting position, fully extending your arms. | 7. Repeat for the desired number of repetitions."
"EX-1719";"1719";"Supino inclinado com pegada fechada com barra";"barbell incline close grip bench press";"Braços";"Barra";"Tríceps";"peito, ombros";"Sem sprites; sem mapeamento de animação";"";"1719-barbell-incline-close-grip-bench-press";"1. Set up an incline bench at a 45-degree angle. | 2. Lie down on the bench with your feet flat on the ground. | 3. Grasp the barbell with a close grip, slightly narrower than shoulder-width apart. | 4. Unrack the barbell and lower it slowly towards your chest, keeping your elbows close to your body. | 5. Pause for a moment when the barbell touches your chest. | 6. Push the barbell back up to the starting position, fully extending your arms. | 7. Repeat for the desired number of repetitions."
"EX-2187";"2187";"Supino invertido com pegada fechada com barra";"barbell reverse close-grip bench press";"Braços";"Barra";"Tríceps";"peito, ombros";"Sem sprites; sem mapeamento de animação";"";"2187-barbell-reverse-close-grip-bench-press";"1. Lie flat on a bench with your feet flat on the ground and your back pressed against the bench. | 2. Grasp the barbell with a reverse grip, hands shoulder-width apart. | 3. Lift the barbell off the rack and hold it directly above your chest with your arms fully extended. | 4. Slowly lower the barbell down towards your chest, keeping your elbows close to your body. | 5. Pause for a moment when the barbell is just above your chest. | 6. Push the barbell back up to the starting position, fully extending your arms. | 7. Repeat for the desired number of repetitions."
"EX-0052";"0052";"Supino jm com barra";"barbell jm bench press";"Braços";"Barra";"Tríceps";"peito, ombros";"Sem sprites; sem mapeamento de animação";"";"0052-barbell-jm-bench-press";"1. Lie flat on a bench with your feet flat on the ground and your back pressed against the bench. | 2. Grasp the barbell with an overhand grip, slightly wider than shoulder-width apart. | 3. Lower the barbell to your chest, keeping your elbows tucked in close to your body. | 4. Push the barbell back up to the starting position, fully extending your arms. | 5. Repeat for the desired number of repetitions."
"EX-0450";"0450";"Supino jm com barra W";"ez barbell jm bench press";"Braços";"Barra EZ";"Tríceps";"peito, ombros";"Sem sprites; sem mapeamento de animação";"";"0450-ez-barbell-jm-bench-press";"1. Lie flat on a bench with your feet flat on the ground and your back pressed against the bench. | 2. Grasp the ez barbell with an overhand grip, slightly wider than shoulder-width apart. | 3. Lower the barbell to your chest, keeping your elbows tucked in close to your body. | 4. Push the barbell back up to the starting position, fully extending your arms. | 5. Repeat for the desired number of repetitions."
"EX-1623";"1623";"Supino palmas em inclinado com halteres";"dumbbell palms in incline bench press";"Braços";"Haltere";"Tríceps";"peito, ombros";"Sem sprites; sem mapeamento de animação";"";"1623-dumbbell-palms-in-incline-bench-press";"1. Set up an incline bench at a 45-degree angle. | 2. Sit on the bench with your back against the backrest and feet flat on the ground. | 3. Hold a dumbbell in each hand with an overhand grip, palms facing inwards. | 4. Extend your arms straight up above your chest, keeping a slight bend in your elbows. | 5. Lower the dumbbells slowly towards your shoulders, keeping your elbows close to your body. | 6. Pause for a moment at the bottom, then press the dumbbells back up to the starting position. | 7. Repeat for the desired number of repetitions."
"EX-1750";"1750";"Supino peitoral arremesso com bola medicinal";"medicine ball supine chest throw";"Braços";"Bola medicinal";"Tríceps";"peito, ombros";"Sem sprites; sem mapeamento de animação";"";"1750-medicine-ball-supine-chest-throw";"1. Lie flat on your back on a bench with your knees bent and feet flat on the ground. | 2. Hold the medicine ball with both hands, extending your arms straight up above your chest. | 3. Lower the medicine ball towards your chest, keeping your elbows close to your body. | 4. Explosively push the medicine ball upwards, extending your arms fully and throwing the ball as high as possible. | 5. Catch the medicine ball and repeat for the desired number of repetitions."
"EX-1754";"1754";"Três banco mergulhos com peso adicional";"weighted three bench dips";"Braços";"Com carga";"Tríceps";"peito, ombros";"Sem sprites; sem mapeamento de animação";"";"1754-weighted-three-bench-dips";"1. Sit on the edge of a bench with your hands gripping the edge, fingers pointing forward. | 2. Walk your feet forward, sliding your butt off the bench and supporting your weight with your arms. | 3. Lower your body by bending your elbows, keeping your back close to the bench. | 4. Pause for a moment at the bottom, then push yourself back up to the starting position. | 5. Repeat for the desired number of repetitions."
"EX-0815";"0815";"Tríceps mergulhos no chão";"triceps dips floor";"Braços";"Peso corporal";"Tríceps";"peito, ombros";"Sem sprites; sem mapeamento de animação";"";"0815-triceps-dips-floor";"1. Sit on the edge of a chair or bench with your hands next to your hips, fingers pointing forward. | 2. Slide your butt off the front of the chair with your legs extended in front of you. | 3. Straighten your arms, keeping a little bend in your elbows to keep tension on your triceps and off your elbow joints. | 4. Slowly bend your elbows to lower your body toward the floor until your elbows are at about a 90-degree angle. | 5. Once you reach the bottom of the movement, press down into the chair to straighten your elbows, returning to the starting position. | 6. Repeat for the desired number of repetitions."
"EX-3222";"3222";"Agachamento semi salto (masculino)";"semi squat jump (male)";"Cardio";"Peso corporal";"Sistema cardiovascular";"quadríceps, isquiotibiais, panturrilhas";"Sem sprites; sem mapeamento de animação";"";"3222-semi-squat-jump-male";"1. Stand with your feet shoulder-width apart. | 2. Bend your knees and lower your body into a squat position. | 3. Jump explosively, extending your hips and knees while swinging your arms for momentum. | 4. Land softly on the balls of your feet and immediately go into the next repetition. | 5. Repeat for the desired number of repetitions."
"EX-3655";"3655";"Avanço caminhando com elevação dos joelhos";"walking high knees lunge";"Cardio";"Peso corporal";"Sistema cardiovascular";"quadríceps, isquiotibiais, glúteos, panturrilhas";"Sem sprites; sem mapeamento de animação";"";"3655-walking-high-knees-lunge";"1. Stand with your feet hip-width apart. | 2. Lift your right knee up towards your chest as high as you can while balancing on your left leg. | 3. Step forward with your right foot and lower your body into a lunge position, bending both knees to a 90-degree angle. | 4. Push off with your right foot and bring your left knee up towards your chest. | 5. Step forward with your left foot and lower your body into a lunge position. | 6. Continue alternating legs and lunging forward, keeping your core engaged and maintaining a steady pace. | 7. Repeat for the desired number of repetitions."
"EX-3318";"3318";"Balanço 360";"swing 360";"Cardio";"Peso corporal";"Sistema cardiovascular";"ombros, core";"Sem sprites; sem mapeamento de animação";"";"3318-swing-360";"1. Stand with your feet shoulder-width apart and knees slightly bent. | 2. Hold your arms straight out in front of you, parallel to the ground. | 3. Engage your core and swing your arms in a circular motion, rotating your torso as you do so. | 4. Continue the circular motion, swinging your arms and rotating your torso for the desired number of repetitions. | 5. Remember to breathe throughout the exercise."
"EX-2331";"2331";"Bicicleta cruzado treinador";"cycle cross trainer";"Cardio";"Máquina articulada";"Sistema cardiovascular";"quadríceps, isquiotibiais, glúteos";"Sem sprites; sem mapeamento de animação";"";"2331-cycle-cross-trainer";"1. Adjust the seat height and position yourself on the cycle cross trainer. | 2. Place your feet on the pedals and grip the handlebars. | 3. Start pedaling in a smooth and controlled motion. | 4. Maintain a steady pace and increase the resistance if desired. | 5. Continue pedaling for the desired duration of your cardio workout."
"EX-1201";"1201";"Burpee com halteres";"dumbbell burpee";"Cardio";"Haltere";"Sistema cardiovascular";"quadríceps, isquiotibiais, panturrilhas, ombros, tríceps, core";"Sem sprites; sem mapeamento de animação";"";"1201-dumbbell-burpee";"1. Start in a standing position with your feet shoulder-width apart and a dumbbell in each hand. | 2. Lower your body into a squat position, placing the dumbbells on the ground in front of you. | 3. Kick your feet back into a push-up position, keeping your body in a straight line. | 4. Perform a push-up, bending your elbows and lowering your chest towards the ground. | 5. Jump your feet back towards your hands, landing in a squat position. | 6. Stand up explosively, lifting the dumbbells off the ground and bringing them to your shoulders. | 7. Press the dumbbells overhead, fully extending your arms. | 8. Lower the dumbbells back to your shoulders and repeat the entire sequence for the desired number of repetitions."
"EX-2141";"2141";"Caminhada elíptico cruzado treinador";"walk elliptical cross trainer";"Cardio";"Elíptica";"Sistema cardiovascular";"quadríceps, isquiotibiais, glúteos, panturrilhas";"Sem sprites; slug já reservado";"elliptical";"2141-elliptical";"1. Adjust the resistance level and incline of the elliptical machine to your desired settings. | 2. Step onto the pedals of the machine and grip the handles lightly. | 3. Begin by pushing down with your feet and pulling the handles towards your body. | 4. Continue this motion, alternating between pushing and pulling, to simulate a walking or running motion. | 5. Maintain a steady pace and keep your core engaged throughout the exercise. | 6. Continue for the desired duration of your cardio workout. | 7. Gradually decrease the intensity and speed of the machine before stepping off."
"EX-3666";"3666";"Caminhando no inclinado esteira";"walking on incline treadmill";"Cardio";"Máquina articulada";"Sistema cardiovascular";"quadríceps, isquiotibiais, panturrilhas";"Sem sprites; sem mapeamento de animação";"";"3666-walking-on-incline-treadmill";"1. Adjust the incline level on the treadmill to your desired intensity. | 2. Stand on the treadmill with your feet shoulder-width apart. | 3. Start walking at a comfortable pace, ensuring that you maintain proper form. | 4. Engage your core muscles and keep your back straight throughout the exercise. | 5. Continue walking on the incline treadmill for the desired duration of your cardio workout. | 6. Gradually decrease the incline and speed of the treadmill to cool down before stopping."
"EX-0685";"0685";"Corrida";"run";"Cardio";"Peso corporal";"Sistema cardiovascular";"quadríceps, isquiotibiais, panturrilhas";"Sem sprites; sem mapeamento de animação";"";"0685-run";"1. Start by standing upright with your feet hip-width apart. | 2. Engage your core and keep your upper body relaxed. | 3. Begin jogging in place, lifting your knees up towards your chest and landing softly on the balls of your feet. | 4. Maintain a steady pace and continue jogging for the desired duration or distance. | 5. Remember to breathe deeply and maintain good posture throughout the exercise."
"EX-0684";"0684";"Corrida (equipamento)";"run (equipment)";"Cardio";"Peso corporal";"Sistema cardiovascular";"quadríceps, isquiotibiais, panturrilhas";"Sem sprites; sem mapeamento de animação";"";"0684-run-equipment";"1. Start by standing upright with your feet hip-width apart. | 2. Engage your core and keep your upper body relaxed. | 3. Begin jogging in place, lifting your knees up towards your chest and landing softly on the balls of your feet. | 4. Maintain a steady pace and continue jogging for the desired duration or distance. | 5. Remember to breathe deeply and maintain good posture throughout the exercise."
"EX-3656";"3656";"Corrida curto passada";"short stride run";"Cardio";"Peso corporal";"Sistema cardiovascular";"quadríceps, isquiotibiais, panturrilhas";"Sem sprites; sem mapeamento de animação";"";"3656-short-stride-run";"1. Find an open space or a treadmill to perform the exercise. | 2. Stand tall with your feet hip-width apart. | 3. Start jogging in place, lifting your knees high and pumping your arms. | 4. After a few seconds, start taking short strides forward, maintaining a quick pace. | 5. Continue running with short strides for the desired duration or distance."
"EX-3637";"3637";"Deslocamento com roda abdominal";"wheel run";"Cardio";"Peso corporal";"Sistema cardiovascular";"quadríceps, isquiotibiais, panturrilhas";"Sem sprites; sem mapeamento de animação";"";"3637-wheel-run";"1. Start in a plank position with your hands on the wheel and your body straight. | 2. Engage your core and start rolling the wheel forward by extending your arms. | 3. Continue rolling until your body is fully extended and your arms are overhead. | 4. Reverse the movement by pulling the wheel back towards your body, using your core and arms. | 5. Repeat for the desired number of repetitions."
"EX-3638";"3638";"Empurrada até corrida";"push to run";"Cardio";"Peso corporal";"Sistema cardiovascular";"quadríceps, isquiotibiais, panturrilhas";"Sem sprites; sem mapeamento de animação";"";"3638-push-to-run";"1. Start in a push-up position with your hands shoulder-width apart and your body in a straight line. | 2. Lower your chest towards the ground by bending your elbows, keeping your body straight. | 3. Push through your hands to extend your arms and return to the starting position. | 4. Quickly bring one knee towards your chest, then quickly switch and bring the other knee towards your chest. | 5. Continue alternating knees as fast as you can while maintaining good form. | 6. Continue for the desired duration or number of repetitions."
"EX-3636";"3636";"Joelhos altos contra a parede";"high knee against wall";"Cardio";"Peso corporal";"Sistema cardiovascular";"quadríceps, isquiotibiais, glúteos, panturrilhas";"Sem sprites; sem mapeamento de animação";"";"3636-high-knee-against-wall";"1. Stand facing a wall with your feet hip-width apart. | 2. Place your hands on the wall for support. | 3. Engage your core and lift your right knee up towards your chest, while keeping your left foot on the ground. | 4. Quickly switch legs, bringing your left knee up towards your chest and lowering your right foot back down. | 5. Continue alternating legs in a running motion, bringing your knees up as high as possible. | 6. Maintain a fast pace and keep your upper body stable throughout the exercise. | 7. Repeat for the desired duration or number of repetitions."
"EX-3221";"3221";"Meio joelho flexões (masculino)";"half knee bends (male)";"Cardio";"Peso corporal";"Sistema cardiovascular";"quadríceps, isquiotibiais, glúteos";"Sem sprites; sem mapeamento de animação";"";"3221-half-knee-bends-male";"1. Stand with your feet shoulder-width apart. | 2. Bend your knees and lower your body down as if you were sitting back into a chair. | 3. Keep your chest up and your weight in your heels. | 4. Pause for a moment at the bottom, then push through your heels to return to the starting position. | 5. Repeat for the desired number of repetitions."
"EX-0798";"0798";"Parado bicicleta caminhada";"stationary bike walk";"Cardio";"Máquina articulada";"Sistema cardiovascular";"quadríceps, isquiotibiais, panturrilhas";"Sem sprites; sem mapeamento de animação";"";"0798-stationary-bike-walk";"1. Adjust the seat height and position on the stationary bike to ensure proper alignment. | 2. Place your feet on the pedals and secure them with the straps if available. | 3. Start pedaling at a comfortable pace, keeping your back straight and core engaged. | 4. Maintain a steady rhythm and increase the resistance level if desired. | 5. Continue pedaling for the desired duration of your cardio workout. | 6. Cool down by gradually reducing your pace and resistance level. | 7. Stretch your leg muscles after the workout to prevent tightness and promote recovery."
"EX-3671";"3671";"Passo do esquiador";"ski step";"Cardio";"Peso corporal";"Sistema cardiovascular";"quadríceps, isquiotibiais, glúteos, panturrilhas";"Sem sprites; sem mapeamento de animação";"";"3671-ski-step";"1. Stand with your feet shoulder-width apart. | 2. Bend your knees slightly and keep your back straight. | 3. Jump to the right, landing on your right foot while swinging your left leg behind your right leg. | 4. Immediately jump to the left, landing on your left foot while swinging your right leg behind your left leg. | 5. Continue alternating jumps from side to side, mimicking a skiing motion. | 6. Repeat for the desired number of repetitions."
"EX-3672";"3672";"Passos para frente e para trás";"back and forth step";"Cardio";"Peso corporal";"Sistema cardiovascular";"quadríceps, isquiotibiais, glúteos, panturrilhas";"Sem sprites; sem mapeamento de animação";"";"3672-back-and-forth-step";"1. Stand with your feet shoulder-width apart. | 2. Step forward with your right foot, bending your knee and lowering your body into a lunge position. | 3. Push off with your right foot and step back to the starting position. | 4. Repeat the movement with your left foot, alternating legs with each step. | 5. Continue stepping back and forth, maintaining a steady pace. | 6. Repeat for the desired duration or number of repetitions."
"EX-3361";"3361";"Patinador saltos";"skater hops";"Cardio";"Peso corporal";"Sistema cardiovascular";"quadríceps, isquiotibiais, glúteos, panturrilhas";"Sem sprites; slug já reservado";"skater-hop";"3361-skater-hop";"1. Stand with your feet shoulder-width apart. | 2. Bend your knees slightly and jump to the right, landing on your right foot. | 3. As you land, swing your left leg behind your right leg and tap the ground with your left toes. | 4. Immediately jump to the left, landing on your left foot. | 5. As you land, swing your right leg behind your left leg and tap the ground with your right toes. | 6. Continue alternating sides, jumping and tapping the ground with each leg. | 7. Repeat for the desired number of repetitions."
"EX-0501";"0501";"Polichinelo burpee";"jack burpee";"Cardio";"Peso corporal";"Sistema cardiovascular";"quadríceps, isquiotibiais, panturrilhas, ombros, tríceps, core";"Sem sprites; sem mapeamento de animação";"";"0501-jack-burpee";"1. Start in a standing position with your feet shoulder-width apart. | 2. Lower your body into a squat position, placing your hands on the ground in front of you. | 3. Kick your feet back, landing in a push-up position. | 4. Perform a push-up, lowering your chest to the ground and then pushing back up. | 5. Jump your feet forward, landing in a squat position. | 6. Jump up explosively, reaching your arms overhead. | 7. Land softly and immediately lower back into the squat position to begin the next repetition."
"EX-3223";"3223";"Salto estrela (masculino)";"star jump (male)";"Cardio";"Peso corporal";"Sistema cardiovascular";"quadríceps, isquiotibiais, panturrilhas";"Sem sprites; sem mapeamento de animação";"";"3223-star-jump-male";"1. Stand with your feet shoulder-width apart and your arms by your sides. | 2. Bend your knees slightly and jump up explosively. | 3. As you jump, spread your legs and extend your arms out to the sides, forming a star shape with your body. | 4. Land softly on the balls of your feet with your knees slightly bent. | 5. Repeat for the desired number of repetitions."
"EX-3220";"3220";"Saltos com pernas afastadas (masculino)";"astride jumps (male)";"Cardio";"Peso corporal";"Sistema cardiovascular";"quadríceps, isquiotibiais, panturrilhas";"Sem sprites; sem mapeamento de animação";"";"3220-astride-jumps-male";"1. Stand with your feet shoulder-width apart. | 2. Bend your knees and lower your body into a squat position. | 3. Jump explosively upwards, extending your legs and arms. | 4. While in the air, spread your legs apart and bring your arms out to the sides. | 5. Land softly with your feet shoulder-width apart, bending your knees to absorb the impact. | 6. Repeat for the desired number of repetitions."
"EX-3219";"3219";"Tesoura saltos (masculino)";"scissor jumps (male)";"Cardio";"Peso corporal";"Sistema cardiovascular";"quadríceps, isquiotibiais, panturrilhas";"Sem sprites; sem mapeamento de animação";"";"3219-scissor-jumps-male";"1. Stand with your feet shoulder-width apart. | 2. Jump off the ground and simultaneously cross your right leg in front of your left leg. | 3. As you land, quickly switch legs, crossing your left leg in front of your right leg. | 4. Continue alternating legs and jumping as quickly as possible. | 5. Repeat for the desired number of repetitions."
"EX-1338";"1338";"Abraço na bola suíça";"exercise ball hug";"Costas";"Bola de estabilidade";"Coluna";"ombros, peito";"Sem sprites; sem mapeamento de animação";"";"1338-exercise-ball-hug";"1. Sit on the stability ball with your feet flat on the ground and your back straight. | 2. Hold the stability ball with both hands, hugging it close to your chest. | 3. Engage your core muscles and slowly lean back, keeping your back straight and your feet planted on the ground. | 4. Continue leaning back until you feel a stretch in your back muscles. | 5. Hold the position for a few seconds, then slowly return to the starting position. | 6. Repeat for the desired number of repetitions."
"EX-1354";"1354";"Acima da cabeça arremesso ao chão com bola medicinal";"medicine ball overhead slam";"Costas";"Bola medicinal";"Costas superiores";"ombros, core";"Sem sprites; sem mapeamento de animação";"";"1354-medicine-ball-overhead-slam";"1. Stand with your feet shoulder-width apart, holding a medicine ball with both hands above your head. | 2. Engage your core and keep your back straight. | 3. Bend your knees slightly and forcefully slam the medicine ball down to the ground in front of you. | 4. As you slam the ball down, use your entire body to generate power, including your shoulders and core. | 5. Catch the ball on the bounce and repeat for the desired number of repetitions."
"EX-1717";"1717";"Agachamento remada (com corda) no cabo";"cable squat row (with rope attachment)";"Costas";"Cabo";"Dorsais";"bíceps, romboides, deltoides posteriores";"Sem sprites; sem mapeamento de animação";"";"1717-cable-squat-row-with-rope-attachment";"1. Attach a rope to a cable machine at waist height. | 2. Stand facing the cable machine with your feet shoulder-width apart. | 3. Bend your knees and lower your body into a squat position, keeping your back straight and chest up. | 4. Grasp the rope with an overhand grip, with your hands shoulder-width apart. | 5. Engage your core and pull the rope towards your body, squeezing your shoulder blades together. | 6. Keep your elbows close to your body and continue pulling until your hands reach your chest. | 7. Pause for a moment at the top of the movement, then slowly release the rope and extend your arms back to the starting position. | 8. Repeat for the desired number of repetitions."
"EX-1346";"1346";"Alongamento ajoelhado dorsal";"kneeling lat stretch";"Costas";"Peso corporal";"Dorsais";"ombros, tríceps";"Sem sprites; sem mapeamento de animação";"";"1346-kneeling-lat-stretch";"1. Kneel on the ground with your knees hip-width apart and your toes pointing back. | 2. Extend your arms overhead and interlace your fingers. | 3. Keeping your back straight, slowly lean to the right side, feeling a stretch in your left lat muscle. | 4. Hold the stretch for 20-30 seconds, then return to the starting position. | 5. Repeat the stretch on the left side, leaning to the left and feeling a stretch in your right lat muscle. | 6. Continue alternating sides for the desired number of repetitions."
"EX-1363";"1363";"Alongamento coluna";"spine stretch";"Costas";"Peso corporal";"Coluna";"isquiotibiais, glúteos";"Sem sprites; sem mapeamento de animação";"";"1363-spine-stretch";"1. Sit on the ground with your legs extended in front of you. | 2. Place your hands on the ground behind you, fingers pointing towards your body. | 3. Engage your core and slowly lean back, keeping your back straight. | 4. Continue leaning back until you feel a stretch in your spine. | 5. Hold the stretch for a few seconds, then slowly return to the starting position. | 6. Repeat for the desired number of repetitions."
"EX-1405";"1405";"Alongamento de costas e peitoral";"back pec stretch";"Costas";"Peso corporal";"Dorsais";"ombros, peito";"Sem sprites; sem mapeamento de animação";"";"1405-back-pec-stretch";"1. Stand tall with your feet shoulder-width apart. | 2. Extend your arms straight out in front of you, parallel to the ground. | 3. Cross your arms in front of your body, with your right arm over your left arm. | 4. Interlock your fingers and rotate your palms away from your body. | 5. Slowly raise your arms up and away from your body, feeling a stretch in your back and chest. | 6. Hold the stretch for 15-30 seconds, then release. | 7. Repeat on the opposite side."
"EX-1342";"1342";"Alongamento deitado lateral dorsal na bola suíça";"exercise ball lying side lat stretch";"Costas";"Bola de estabilidade";"Dorsais";"ombros, tríceps";"Sem sprites; sem mapeamento de animação";"";"1342-exercise-ball-lying-side-lat-stretch";"1. Lie on your side with your legs extended and your head supported by the stability ball. | 2. Place your top arm on the ball for stability. | 3. Reach your top arm overhead and allow your torso to rotate slightly. | 4. Feel the stretch in your lat muscles on the side of your body. | 5. Hold the stretch for 20-30 seconds, then switch sides and repeat."
"EX-1339";"1339";"Alongamento dorsal na bola suíça";"exercise ball lat stretch";"Costas";"Bola de estabilidade";"Dorsais";"ombros, tríceps";"Sem sprites; sem mapeamento de animação";"";"1339-exercise-ball-lat-stretch";"1. Sit on a stability ball with your feet flat on the ground and your back straight. | 2. Hold a dumbbell in one hand and extend your arm straight up overhead. | 3. Slowly lean to the opposite side, feeling a stretch in your lat muscle. | 4. Hold the stretch for 20-30 seconds, then return to the starting position. | 5. Repeat on the other side."
"EX-0794";"0794";"Alongamento em pé lateral";"standing lateral stretch";"Costas";"Peso corporal";"Dorsais";"ombros, oblíquos";"Sem sprites; sem mapeamento de animação";"";"0794-standing-lateral-stretch";"1. Stand with your feet shoulder-width apart and your knees slightly bent. | 2. Extend your arms straight out to the sides, parallel to the ground. | 3. Slowly lean your upper body to one side, feeling a stretch in your side and lats. | 4. Hold the stretch for 15-30 seconds. | 5. Return to the starting position and repeat on the other side. | 6. Repeat for the desired number of repetitions."
"EX-1358";"1358";"Alongamento lateral deitado no chão";"side lying floor stretch";"Costas";"Peso corporal";"Dorsais";"oblíquos, glúteos";"Sem sprites; sem mapeamento de animação";"";"1358-side-lying-floor-stretch";"1. Lie on your side with your legs straight and your bottom arm extended straight overhead. | 2. Bend your top knee and place your foot on the ground in front of your bottom leg. | 3. Reach your top arm over your head and grab onto something stable, like a wall or a piece of furniture. | 4. Slowly lift your bottom leg off the ground, keeping it straight, until you feel a stretch in your side. | 5. Hold the stretch for 20-30 seconds, then slowly lower your leg back down. | 6. Repeat on the other side."
"EX-1365";"1365";"Alongamento parte superior das costas";"upper back stretch";"Costas";"Peso corporal";"Costas superiores";"ombros";"Sem sprites; sem mapeamento de animação";"";"1365-upper-back-stretch";"1. Stand up straight with your feet shoulder-width apart. | 2. Extend your arms straight in front of you, parallel to the ground. | 3. Interlace your fingers and rotate your palms away from your body. | 4. Slowly raise your arms overhead, keeping them straight and parallel to each other. | 5. As you raise your arms, squeeze your shoulder blades together. | 6. Hold the stretch for 15-30 seconds, then release and repeat."
"EX-1341";"1341";"Alongamento região lombar (pirâmide) na bola suíça";"exercise ball lower back stretch (pyramid)";"Costas";"Bola de estabilidade";"Dorsais";"glúteos, isquiotibiais";"Sem sprites; sem mapeamento de animação";"";"1341-exercise-ball-lower-back-stretch-pyramid";"1. Sit on the stability ball with your feet flat on the ground and your knees bent at a 90-degree angle. | 2. Slowly walk your feet forward, rolling the ball down your back until your lower back is resting on the ball. | 3. Place your hands behind your head or cross them over your chest. | 4. Engage your core and slowly lower your upper body towards the ground, allowing your lower back to stretch over the ball. | 5. Hold the stretch for a few seconds, then slowly return to the starting position. | 6. Repeat for the desired number of repetitions."
"EX-2208";"2208";"Alongamento rolo costas";"roller back stretch";"Costas";"Rolo";"Coluna";"isquiotibiais, glúteos";"Sem sprites; sem mapeamento de animação";"";"2208-roller-back-stretch";"1. Start by sitting on the ground with your legs extended in front of you. | 2. Place the roller perpendicular to your body, just below your glutes. | 3. Slowly roll your body backwards, allowing the roller to move up your back. | 4. Continue rolling until the roller reaches your upper back. | 5. Pause for a moment, then slowly roll back to the starting position. | 6. Repeat for the desired number of repetitions."
"EX-2207";"2207";"Alongamento rolo lateral dorsal";"roller side lat stretch";"Costas";"Rolo";"Dorsais";"ombros, tríceps";"Sem sprites; sem mapeamento de animação";"";"2207-roller-side-lat-stretch";"1. Stand with your feet shoulder-width apart and hold the roller with both hands in front of your body. | 2. Bend your knees slightly and hinge forward at the hips, keeping your back straight. | 3. Extend your arms forward and roll the roller down towards your feet, feeling a stretch in your lats. | 4. Hold the stretch for a few seconds, then slowly roll the roller back up to the starting position. | 5. Repeat for the desired number of repetitions."
"EX-0690";"0690";"Alongamento sentado região lombar";"seated lower back stretch";"Costas";"Peso corporal";"Dorsais";"glúteos, isquiotibiais";"Sem sprites; sem mapeamento de animação";"";"0690-seated-lower-back-stretch";"1. Sit on the edge of a chair with your feet flat on the ground. | 2. Place your hands on your thighs or on the sides of the chair for support. | 3. Slowly lean forward from your hips, keeping your back straight. | 4. Feel the stretch in your lower back and hold for 20-30 seconds. | 5. Slowly return to the starting position and repeat for the desired number of repetitions."
"EX-1332";"1332";"Alternado braço elevações na bola suíça";"exercise ball alternating arm ups";"Costas";"Bola de estabilidade";"Dorsais";"ombros, core";"Sem sprites; sem mapeamento de animação";"";"1332-exercise-ball-alternating-arm-ups";"1. Sit on the stability ball with your feet flat on the ground and your back straight. | 2. Hold a dumbbell in each hand with your palms facing inwards and your arms extended down by your sides. | 3. Engage your core and slowly lift one arm up towards your shoulder, keeping your elbow slightly bent. | 4. Pause for a moment at the top, then slowly lower your arm back down to the starting position. | 5. Repeat the movement with the other arm. | 6. Continue alternating arms for the desired number of repetitions."
"EX-3297";"3297";"Back lever";"back lever";"Costas";"Peso corporal";"Costas superiores";"bíceps, antebraços, core";"Sem sprites; sem mapeamento de animação";"";"3297-back-lever";"1. Start by hanging from a pull-up bar with an overhand grip, hands slightly wider than shoulder-width apart. | 2. Engage your core and pull your shoulder blades down and back. | 3. Bend your knees and tuck them towards your chest. | 4. Slowly lift your legs up, keeping them straight, until your body is parallel to the ground. | 5. Hold this position for a few seconds, then slowly lower your legs back down to the starting position. | 6. Repeat for the desired number of repetitions."
"EX-0015";"0015";"Barra fixa assistida com pegada paralela fechada";"assisted parallel close grip pull-up";"Costas";"Máquina articulada";"Dorsais";"bíceps, antebraços";"Sem sprites; sem mapeamento de animação";"";"0015-assisted-parallel-close-grip-pull-up";"1. Adjust the machine to your desired weight and height. | 2. Place your hands on the parallel bars with a close grip, palms facing each other. | 3. Hang from the bars with your arms fully extended and your feet off the ground. | 4. Engage your back muscles and pull your body up towards the bars, keeping your elbows close to your body. | 5. Continue pulling until your chin is above the bars. | 6. Pause for a moment at the top, then slowly lower your body back down to the starting position. | 7. Repeat for the desired number of repetitions."
"EX-1432";"1432";"Barra fixa assistida em pé";"assisted standing pull-up";"Costas";"Máquina articulada";"Dorsais";"bíceps, antebraços";"Sem sprites; sem mapeamento de animação";"";"1432-assisted-standing-pull-up";"1. Adjust the machine to your desired weight and height settings. | 2. Stand facing the machine with your feet shoulder-width apart. | 3. Grasp the handles with an overhand grip, slightly wider than shoulder-width apart. | 4. Engage your lats and biceps, and pull yourself up towards the handles. | 5. Pause for a moment at the top, squeezing your back muscles. | 6. Slowly lower yourself back down to the starting position. | 7. Repeat for the desired number of repetitions."
"EX-0970";"0970";"Barra fixa assistida por faixa elástica";"band assisted pull-up";"Costas";"Faixa elástica";"Dorsais";"bíceps, antebraços";"Sem sprites; sem mapeamento de animação";"";"0970-band-assisted-pull-up";"1. Attach the band to a pull-up bar or sturdy anchor point. | 2. Step onto the band and grip the bar with your palms facing away from you, hands slightly wider than shoulder-width apart. | 3. Hang with your arms fully extended, keeping your core engaged and your shoulders down and back. | 4. Pull your body up towards the bar by squeezing your shoulder blades together and driving your elbows down towards your hips. | 5. Continue pulling until your chin is above the bar, then slowly lower yourself back down to the starting position. | 6. Repeat for the desired number of repetitions."
"EX-1429";"1429";"Barra fixa com pegada aberta";"wide grip pull-up";"Costas";"Peso corporal";"Dorsais";"bíceps, antebraços";"Sem sprites; sem mapeamento de animação";"";"1429-wide-grip-pull-up";"1. Hang from a pull-up bar with your palms facing away from you and your hands wider than shoulder-width apart. | 2. Engage your core and squeeze your shoulder blades together. | 3. Pull your body up towards the bar until your chin is above the bar. | 4. Lower your body back down to the starting position with control. | 5. Repeat for the desired number of repetitions."
"EX-1367";"1367";"Barra fixa com pegada aberta posterior";"wide grip rear pull-up";"Costas";"Peso corporal";"Dorsais";"bíceps, antebraços";"Sem sprites; sem mapeamento de animação";"";"1367-wide-grip-rear-pull-up";"1. Grab the pull-up bar with a wide overhand grip, hands slightly wider than shoulder-width apart. | 2. Hang from the bar with your arms fully extended and your body straight. | 3. Engage your back muscles and pull your body up towards the bar, leading with your chest. | 4. Continue pulling until your chin is above the bar. | 5. Pause for a moment at the top, then slowly lower your body back down to the starting position. | 6. Repeat for the desired number of repetitions."
"EX-0674";"0674";"Barra fixa com pegada invertida";"reverse grip pull-up";"Costas";"Peso corporal";"Dorsais";"bíceps, antebraços";"Sem sprites; sem mapeamento de animação";"";"0674-reverse-grip-pull-up";"1. Grab the pull-up bar with an underhand grip, hands shoulder-width apart. | 2. Hang from the bar with your arms fully extended and your body straight. | 3. Engage your back muscles and pull your body up towards the bar, leading with your chest. | 4. Continue pulling until your chin is above the bar. | 5. Pause for a moment at the top, then slowly lower your body back down to the starting position. | 6. Repeat for the desired number of repetitions."
"EX-3293";"3293";"Barra fixa do arqueiro";"archer pull up";"Costas";"Peso corporal";"Dorsais";"bíceps, antebraços";"Sem sprites; sem mapeamento de animação";"";"3293-archer-pull-up";"1. Start by hanging from a pull-up bar with an overhand grip, slightly wider than shoulder-width apart. | 2. Engage your core and pull your shoulder blades down and back. | 3. As you pull yourself up, bend one arm and bring your elbow towards your side, while keeping the other arm straight. | 4. Continue pulling until your chin is above the bar and your bent arm is fully flexed. | 5. Lower yourself back down with control, straightening the bent arm and repeating the movement on the other side. | 6. Alternate sides with each repetition."
"EX-1763";"1763";"Barra fixa ombro pegada";"shoulder grip pull-up";"Costas";"Peso corporal";"Dorsais";"bíceps, antebraços";"Sem sprites; sem mapeamento de animação";"";"1763-shoulder-grip-pull-up";"1. Grab the pull-up bar with a shoulder-width grip, palms facing away from you. | 2. Hang freely with your arms fully extended. | 3. Engage your back muscles and pull your body up towards the bar until your chin is above the bar. | 4. Pause for a moment at the top, then slowly lower your body back down to the starting position. | 5. Repeat for the desired number of repetitions."
"EX-0670";"0670";"Barra fixa posterior";"rear pull-up";"Costas";"Peso corporal";"Dorsais";"bíceps, antebraços";"Sem sprites; sem mapeamento de animação";"";"0670-rear-pull-up";"1. Grab the pull-up bar with an overhand grip, slightly wider than shoulder-width apart. | 2. Hang from the bar with your arms fully extended and your body straight. | 3. Engage your back muscles and pull your body up towards the bar, keeping your elbows close to your body. | 4. Continue pulling until your chin is above the bar. | 5. Pause for a moment at the top, then slowly lower your body back down to the starting position. | 6. Repeat for the desired number of repetitions."
"EX-1326";"1326";"Barra fixa supinada";"chin-up";"Costas";"Peso corporal";"Dorsais";"bíceps, antebraços";"Sem sprites; slug já reservado";"chin-up";"1326-chin-up";"1. Hang from a pull-up bar with your palms facing towards you and your hands shoulder-width apart. | 2. Engage your core and pull your body up towards the bar, leading with your chest. | 3. Continue pulling until your chin is above the bar. | 4. Pause for a moment at the top, then slowly lower your body back down to the starting position. | 5. Repeat for the desired number of repetitions."
"EX-1431";"1431";"Barra fixa supinada assistida em pé";"assisted standing chin-up";"Costas";"Máquina articulada";"Dorsais";"bíceps, antebraços";"Sem sprites; sem mapeamento de animação";"";"1431-assisted-standing-chin-up";"1. Adjust the machine to your desired assistance level. | 2. Stand on the foot platform and grip the handles with an overhand grip, slightly wider than shoulder-width apart. | 3. Keep your chest up and shoulders back, engage your core, and slightly bend your knees. | 4. Pull your body up by flexing your elbows and driving your elbows down towards your sides. | 5. Continue pulling until your chin is above the bar. | 6. Pause for a moment at the top, then slowly lower your body back down to the starting position. | 7. Repeat for the desired number of repetitions."
"EX-1327";"1327";"Barra fixa supinada com pegada fechada";"close grip chin-up";"Costas";"Peso corporal";"Dorsais";"bíceps, antebraços";"Sem sprites; sem mapeamento de animação";"";"1327-close-grip-chin-up";"1. Grab the pull-up bar with your palms facing towards you and your hands shoulder-width apart. | 2. Hang from the bar with your arms fully extended and your feet off the ground. | 3. Engage your back muscles and pull your body up towards the bar, keeping your elbows close to your body. | 4. Continue pulling until your chin is above the bar. | 5. Pause for a moment at the top, then slowly lower your body back down to the starting position. | 6. Repeat for the desired number of repetitions."
"EX-2987";"2987";"Barra fixa supinada com pegada fechada no mergulho gaiola com peso adicional";"weighted close grip chin-up on dip cage";"Costas";"Com carga";"Dorsais";"bíceps, antebraços";"Sem sprites; sem mapeamento de animação";"";"2987-weighted-close-grip-chin-up-on-dip-cage";"1. Stand in front of the dip cage and grab the parallel bars with an underhand grip, hands shoulder-width apart. | 2. Hang from the bars with your arms fully extended, feet off the ground, and body straight. | 3. Engage your back muscles and pull your body up towards the bars, keeping your elbows close to your sides. | 4. Continue pulling until your chin is above the bars, then pause for a moment. | 5. Slowly lower your body back down to the starting position, fully extending your arms. | 6. Repeat for the desired number of repetitions."
"EX-0627";"0627";"Barra fixa supinada misto pegada";"mixed grip chin-up";"Costas";"Peso corporal";"Dorsais";"bíceps, antebraços";"Sem sprites; sem mapeamento de animação";"";"0627-mixed-grip-chin-up";"1. Grab the pull-up bar with an underhand grip (palms facing towards you) and your hands slightly wider than shoulder-width apart. | 2. Hang from the bar with your arms fully extended and your feet off the ground. | 3. Engage your back muscles and pull your body up towards the bar, leading with your chest. | 4. Continue pulling until your chin is above the bar. | 5. Pause for a moment at the top, then slowly lower your body back down to the starting position with control. | 6. Repeat for the desired number of repetitions."
"EX-0638";"0638";"Barra fixa supinada unilateral";"one arm chin-up";"Costas";"Peso corporal";"Dorsais";"bíceps, antebraços";"Sem sprites; sem mapeamento de animação";"";"0638-one-arm-chin-up";"1. Stand facing a pull-up bar with your feet shoulder-width apart. | 2. Reach up and grab the bar with an underhand grip, with one hand gripping the bar and the other hand holding your wrist for support. | 3. Hang from the bar with your arm fully extended, keeping your body straight and your core engaged. | 4. Pull yourself up towards the bar by bending your elbow and squeezing your back muscles. | 5. Continue pulling until your chin is above the bar, then slowly lower yourself back down to the starting position. | 6. Repeat for the desired number of repetitions, then switch arms and repeat."
"EX-3290";"3290";"Barra fixa unilateral com peso adicional";"weighted one hand pull up";"Costas";"Com carga";"Dorsais";"bíceps, antebraços";"Sem sprites; sem mapeamento de animação";"";"3290-weighted-one-hand-pull-up";"1. Grab the pull-up bar with an overhand grip, slightly wider than shoulder-width apart. | 2. Hang from the bar with your arm fully extended and your body straight. | 3. Engage your core and pull your body up towards the bar by bending your elbow and squeezing your back muscles. | 4. Continue pulling until your chin is above the bar. | 5. Lower your body back down to the starting position with control. | 6. Repeat for the desired number of repetitions."
"EX-0253";"0253";"Chin elevações (fechado com pegada paralela)";"chin-ups (narrow parallel grip)";"Costas";"Peso corporal";"Costas superiores";"bíceps, antebraços";"Sem sprites; sem mapeamento de animação";"";"0253-chin-ups-narrow-parallel-grip";"1. Hang from a pull-up bar with a narrow parallel grip, palms facing towards you. | 2. Engage your back muscles and pull your body up towards the bar, keeping your elbows close to your body. | 3. Continue pulling until your chin is above the bar. | 4. Pause for a moment at the top, then slowly lower your body back down to the starting position. | 5. Repeat for the desired number of repetitions."
"EX-0680";"0680";"Corda escalada";"rope climb";"Costas";"Corda";"Costas superiores";"antebraços, bíceps, ombros";"Sem sprites; sem mapeamento de animação";"";"0680-rope-climb";"1. Stand facing the rope with your feet shoulder-width apart. | 2. Grab the rope with both hands, palms facing towards you. | 3. Bend your knees slightly and engage your core. | 4. Begin pulling yourself up the rope by alternating hand-over-hand movements. | 5. Use your legs to assist in the upward movement. | 6. Continue climbing until you reach the desired height or the top of the rope. | 7. To descend, reverse the hand-over-hand movement while controlling your descent. | 8. Repeat for the desired number of repetitions."
"EX-1320";"1320";"Cruzamento corda sentado remada no cabo";"cable rope crossover seated row";"Costas";"Cabo";"Costas superiores";"bíceps, antebraços";"Sem sprites; sem mapeamento de animação";"";"1320-cable-rope-crossover-seated-row";"1. Sit on the rowing machine with your feet flat on the footrests and your knees slightly bent. | 2. Grasp the cable ropes with an overhand grip, palms facing each other. | 3. Lean back slightly, keeping your back straight and your core engaged. | 4. Pull the cable ropes towards your chest, squeezing your shoulder blades together. | 5. Pause for a moment at the peak of the movement, then slowly release the tension and return to the starting position. | 6. Repeat for the desired number of repetitions."
"EX-3231";"3231";"Dois toque nos pés (masculino)";"two toe touch (male)";"Costas";"Peso corporal";"Coluna";"isquiotibiais, glúteos";"Sem sprites; sem mapeamento de animação";"";"3231-two-toe-touch-male";"1. Stand with your feet shoulder-width apart and your arms extended out to the sides. | 2. Bend forward at the waist, keeping your back straight and your knees slightly bent. | 3. Reach down towards your toes with both hands, keeping your legs straight. | 4. Pause for a moment at the bottom, then slowly return to the starting position. | 5. Repeat for the desired number of repetitions."
"EX-1343";"1343";"Elevação de pernas pronado na bola suíça";"exercise ball prone leg raise";"Costas";"Bola de estabilidade";"Coluna";"abdominais, glúteos";"Sem sprites; sem mapeamento de animação";"";"1343-exercise-ball-prone-leg-raise";"1. Lie face down on a mat with your legs extended and your toes resting on top of the stability ball. | 2. Place your hands on the ground, shoulder-width apart, and engage your core muscles. | 3. Keeping your legs straight, slowly lift them off the ground, using your lower back and glutes to raise them as high as possible. | 4. Pause for a moment at the top, then slowly lower your legs back down to the starting position. | 5. Repeat for the desired number of repetitions."
"EX-3541";"3541";"Elevação inclinado y com halteres";"dumbbell incline y-raise";"Costas";"Haltere";"Costas superiores";"ombros, deltoides posteriores";"Sem sprites; sem mapeamento de animação";"";"3541-dumbbell-incline-y-raise";"1. Set an incline bench to a 45-degree angle and sit on it with a dumbbell in each hand, palms facing inwards. | 2. Lean forward slightly and let your arms hang straight down, keeping a slight bend in your elbows. | 3. Raise your arms out to the sides and up in a Y shape until they are parallel to the ground. | 4. Pause for a moment at the top, then slowly lower your arms back down to the starting position. | 5. Repeat for the desired number of repetitions."
"EX-3292";"3292";"Elevador";"elevator";"Costas";"Peso corporal";"Costas superiores";"ombros, trapézio";"Sem sprites; sem mapeamento de animação";"";"3292-elevator";"1. Stand with your feet shoulder-width apart and your knees slightly bent. | 2. Place your hands on your hips or cross them in front of your chest. | 3. Keeping your back straight, slowly bend forward at the waist, lowering your upper body towards the ground. | 4. Pause for a moment at the bottom, then slowly raise your upper body back up to the starting position. | 5. Repeat for the desired number of repetitions."
"EX-3669";"3669";"Em pé arqueiro";"standing archer";"Costas";"Peso corporal";"Costas superiores";"ombros, bíceps, antebraços";"Sem sprites; sem mapeamento de animação";"";"3669-standing-archer";"1. Stand with your feet shoulder-width apart and your knees slightly bent. | 2. Extend your arms straight out in front of you at shoulder height, parallel to the ground. | 3. Rotate your torso to the right, keeping your arms extended and your back straight. | 4. As you rotate, extend your right arm forward and your left arm back, mimicking the motion of drawing a bowstring. | 5. Hold the position for a moment, then return to the starting position. | 6. Repeat the motion, this time rotating your torso to the left and extending your left arm forward and your right arm back. | 7. Continue alternating sides for the desired number of repetitions."
"EX-1364";"1364";"Em pé pélvica inclinação";"standing pelvic tilt";"Costas";"Peso corporal";"Coluna";"abdominais";"Sem sprites; sem mapeamento de animação";"";"1364-standing-pelvic-tilt";"1. Stand with your feet shoulder-width apart and your knees slightly bent. | 2. Place your hands on your hips or let them hang by your sides. | 3. Engage your core muscles and tilt your pelvis forward, pushing your lower back towards the wall behind you. | 4. Hold the position for a few seconds, then release and return to the starting position. | 5. Repeat for the desired number of repetitions."
"EX-1018";"1018";"Encolhimento com faixa elástica";"band shrug";"Costas";"Faixa elástica";"Trapézios";"ombros";"Sem sprites; sem mapeamento de animação";"";"1018-band-shrug";"1. Stand with your feet shoulder-width apart and place the band under your feet, holding the ends with your hands. | 2. Keep your arms straight and relaxed, and let the band hang in front of your thighs. | 3. Engage your traps by shrugging your shoulders upward, lifting the band as high as possible. | 4. Hold the contraction for a moment, then slowly lower your shoulders back down to the starting position. | 5. Repeat for the desired number of repetitions."
"EX-0746";"0746";"Encolhimento costas no aparelho Smith";"smith back shrug";"Costas";"Máquina Smith";"Trapézios";"ombros";"Sem sprites; sem mapeamento de animação";"";"0746-smith-back-shrug";"1. Stand with your feet shoulder-width apart and your knees slightly bent. | 2. Grasp the barbell with an overhand grip, hands slightly wider than shoulder-width apart. | 3. Keep your arms straight and allow the barbell to hang in front of your thighs. | 4. Lift your shoulders straight up towards your ears, squeezing your traps at the top. | 5. Hold for a moment, then lower your shoulders back down to the starting position. | 6. Repeat for the desired number of repetitions."
"EX-0305";"0305";"Encolhimento declinado com halteres";"dumbbell decline shrug";"Costas";"Haltere";"Trapézios";"ombros, romboides";"Sem sprites; sem mapeamento de animação";"";"0305-dumbbell-decline-shrug";"1. Set up a decline bench at a 45-degree angle. | 2. Lie face down on the bench with your chest and stomach resting against it. | 3. Hold a dumbbell in each hand with your arms fully extended towards the floor. | 4. Keeping your arms straight, raise your shoulders towards your ears as high as possible. | 5. Hold the contraction for a moment, then slowly lower the dumbbells back to the starting position. | 6. Repeat for the desired number of repetitions."
"EX-0304";"0304";"Encolhimento declinado versão 2 com halteres";"dumbbell decline shrug v. 2";"Costas";"Haltere";"Trapézios";"ombros, romboides";"Sem sprites; sem mapeamento de animação";"";"0304-dumbbell-decline-shrug-v-2";"1. Set up a decline bench at a 45-degree angle. | 2. Lie face down on the bench with your chest and stomach resting on it. | 3. Hold a dumbbell in each hand with your palms facing each other and your arms fully extended. | 4. Keeping your arms straight, raise your shoulders as high as possible while squeezing your shoulder blades together. | 5. Hold the contraction for a brief pause, then lower the dumbbells back to the starting position. | 6. Repeat for the desired number of repetitions."
"EX-0329";"0329";"Encolhimento inclinado com halteres";"dumbbell incline shrug";"Costas";"Haltere";"Trapézios";"ombros";"Sem sprites; sem mapeamento de animação";"";"0329-dumbbell-incline-shrug";"1. Set an incline bench to a 45-degree angle and sit on it with a dumbbell in each hand. | 2. Place your feet flat on the ground and let your arms hang straight down with your palms facing your body. | 3. Keeping your arms straight, shrug your shoulders up towards your ears as high as possible. | 4. Hold the contraction for a moment, then slowly lower your shoulders back down to the starting position. | 5. Repeat for the desired number of repetitions."
"EX-0604";"0604";"Encolhimento na máquina articulada";"lever shrug";"Costas";"Máquina articulada";"Trapézios";"ombros";"Sem sprites; sem mapeamento de animação";"";"0604-lever-shrug";"1. Adjust the seat height and position yourself on the leverage machine with your back against the pad. | 2. Grasp the handles with an overhand grip and keep your arms straight. | 3. Keeping your back straight, lift your shoulders up towards your ears as high as possible. | 4. Hold the contraction for a moment, then slowly lower your shoulders back down to the starting position. | 5. Repeat for the desired number of repetitions."
"EX-0767";"0767";"Encolhimento no aparelho Smith";"smith shrug";"Costas";"Máquina Smith";"Trapézios";"ombros";"Sem sprites; sem mapeamento de animação";"";"0767-smith-shrug";"1. Stand with your feet shoulder-width apart and your knees slightly bent. | 2. Grasp the barbell with an overhand grip, hands slightly wider than shoulder-width apart. | 3. Keep your arms straight and your shoulders relaxed. | 4. Lift your shoulders up towards your ears, squeezing your traps at the top. | 5. Hold for a moment, then slowly lower your shoulders back down to the starting position. | 6. Repeat for the desired number of repetitions."
"EX-0220";"0220";"Encolhimento no cabo";"cable shrug";"Costas";"Cabo";"Trapézios";"ombros";"Sem sprites; sem mapeamento de animação";"";"0220-cable-shrug";"1. Stand facing the cable machine with your feet shoulder-width apart. | 2. Grasp the cable handles with an overhand grip and let your arms hang down in front of you. | 3. Keeping your arms straight, shrug your shoulders up towards your ears. | 4. Hold the contraction for a moment, then slowly lower your shoulders back down to the starting position. | 5. Repeat for the desired number of repetitions."
"EX-0580";"0580";"Encolhimento sem pegada na máquina articulada";"lever gripless shrug";"Costas";"Máquina articulada";"Trapézios";"ombros, antebraços";"Sem sprites; sem mapeamento de animação";"";"0580-lever-gripless-shrug";"1. Adjust the seat height and position yourself on the leverage machine. | 2. Grasp the handles with your palms facing inwards and your arms fully extended. | 3. Keeping your back straight, exhale and elevate your shoulders as high as possible. | 4. Hold the contraction for a brief moment, then inhale and slowly lower your shoulders back down to the starting position. | 5. Repeat for the desired number of repetitions."
"EX-1439";"1439";"Encolhimento sem pegada versão 2 na máquina articulada";"lever gripless shrug v. 2";"Costas";"Máquina articulada";"Trapézios";"ombros, antebraços";"Sem sprites; sem mapeamento de animação";"";"1439-lever-gripless-shrug-v-2";"1. Adjust the seat height and position yourself on the machine with your back against the pad. | 2. Grasp the handles or bars with an overhand grip, keeping your arms straight. | 3. Keeping your back straight, lift your shoulders up towards your ears as high as possible. | 4. Hold the contraction for a moment, then slowly lower your shoulders back down to the starting position. | 5. Repeat for the desired number of repetitions."
"EX-3012";"3012";"Escápula mergulhos";"scapula dips";"Costas";"Peso corporal";"Trapézios";"romboides, deltoides";"Sem sprites; sem mapeamento de animação";"";"3012-scapula-dips";"1. Start by standing with your feet shoulder-width apart and your arms extended in front of you. | 2. Bend your knees slightly and hinge forward at the hips, keeping your back straight. | 3. Lower your body by bending your elbows and retracting your shoulder blades, as if you are trying to squeeze a pencil between them. | 4. Pause for a moment at the bottom, then push through your hands to extend your elbows and return to the starting position. | 5. Repeat for the desired number of repetitions."
"EX-1362";"1362";"Esfinge";"sphinx";"Costas";"Peso corporal";"Coluna";"glúteos, isquiotibiais";"Sem sprites; sem mapeamento de animação";"";"1362-sphinx";"1. Lie face down on the ground with your forearms flat on the floor, elbows directly under your shoulders. | 2. Engage your core and lift your chest off the ground, keeping your forearms and toes on the floor. | 3. Hold this position for a few seconds, making sure to keep your neck in a neutral position. | 4. Slowly lower your chest back down to the starting position. | 5. Repeat for the desired number of repetitions."
"EX-1322";"1322";"Extensão corda banco inclinado remada no cabo";"cable rope extension incline bench row";"Costas";"Cabo";"Costas superiores";"bíceps, ombros";"Sem sprites; sem mapeamento de animação";"";"1322-cable-rope-extension-incline-bench-row";"1. Set up an incline bench at a 45-degree angle and attach a cable machine to the low pulley. | 2. Attach a rope handle to the cable machine and sit on the incline bench facing the machine. | 3. Grab the rope handle with an overhand grip and lean forward, keeping your back straight. | 4. Extend your arms fully, pulling the rope towards your upper chest while keeping your elbows close to your body. | 5. Squeeze your shoulder blades together at the end of the movement. | 6. Slowly release the tension and return to the starting position. | 7. Repeat for the desired number of repetitions."
"EX-1333";"1333";"Extensão costas com braços estendido na bola suíça";"exercise ball back extension with arms extended";"Costas";"Bola de estabilidade";"Coluna";"glúteos, isquiotibiais";"Sem sprites; sem mapeamento de animação";"";"1333-exercise-ball-back-extension-with-arms-extended";"1. Place the stability ball on the ground and lie face down on top of it, with your hips resting on the ball and your feet against a wall for stability. | 2. Extend your arms straight out in front of you, with your palms facing down. | 3. Engage your core and slowly lift your upper body off the ball, keeping your back straight and your neck in line with your spine. | 4. Pause for a moment at the top, then slowly lower your upper body back down to the starting position. | 5. Repeat for the desired number of repetitions."
"EX-1335";"1335";"Extensão costas com joelhos fora chão na bola suíça";"exercise ball back extension with knees off ground";"Costas";"Bola de estabilidade";"Coluna";"glúteos, isquiotibiais";"Sem sprites; sem mapeamento de animação";"";"1335-exercise-ball-back-extension-with-knees-off-ground";"1. Place the stability ball on the ground and lie face down on top of it, with your hips resting on the ball and your feet against a wall for stability. | 2. Position your hands behind your head or crossed over your chest. | 3. Engage your core and slowly lift your upper body off the ball, extending your back until your body forms a straight line from your head to your heels. | 4. Pause for a moment at the top, then slowly lower your upper body back down to the starting position. | 5. Repeat for the desired number of repetitions."
"EX-1334";"1334";"Extensão costas com mãos atrás cabeça na bola suíça";"exercise ball back extension with hands behind head";"Costas";"Bola de estabilidade";"Coluna";"glúteos, isquiotibiais";"Sem sprites; sem mapeamento de animação";"";"1334-exercise-ball-back-extension-with-hands-behind-head";"1. Place the stability ball on the ground and lie face down on top of it with your hips resting on the ball. | 2. Position your feet against a wall or other stable surface for support. | 3. Cross your arms behind your head, with your hands touching the back of your head. | 4. Engage your core and slowly lift your upper body off the ball, extending your back until your body forms a straight line from your head to your hips. | 5. Pause for a moment at the top of the movement, then slowly lower your upper body back down to the starting position. | 6. Repeat for the desired number of repetitions."
"EX-1336";"1336";"Extensão costas com rotação na bola suíça";"exercise ball back extension with rotation";"Costas";"Bola de estabilidade";"Coluna";"glúteos, isquiotibiais";"Sem sprites; sem mapeamento de animação";"";"1336-exercise-ball-back-extension-with-rotation";"1. Start by lying face down on the stability ball with your hips resting on the ball and your feet firmly planted on the ground. | 2. Place your hands behind your head or cross them over your chest. | 3. Engage your core and slowly lift your upper body off the ball, extending your back until your body forms a straight line from your head to your heels. | 4. Pause for a moment at the top, then slowly rotate your torso to one side, keeping your hips and legs stable. | 5. Return to the center and repeat the rotation to the other side. | 6. Lower your upper body back down to the starting position and repeat for the desired number of repetitions."
"EX-0573";"0573";"Extensão costas na máquina articulada";"lever back extension";"Costas";"Máquina articulada";"Coluna";"glúteos, isquiotibiais";"Sem sprites; sem mapeamento de animação";"";"0573-lever-back-extension";"1. Adjust the machine to fit your body size and range of motion. | 2. Sit on the machine with your back against the pad and your feet secured. | 3. Place your hands on the handles or grip bars. | 4. Engage your core and slowly lean forward, allowing your back to round slightly. | 5. Pause for a moment at the bottom position, feeling a stretch in your lower back. | 6. Using your back muscles, slowly raise your torso back to the starting position. | 7. Repeat for the desired number of repetitions."
"EX-0184";"0184";"Extensão deitado pulôver (com corda) no cabo";"cable lying extension pullover (with rope attachment)";"Costas";"Cabo";"Dorsais";"tríceps, ombros";"Sem sprites; sem mapeamento de animação";"";"0184-cable-lying-extension-pullover-with-rope-attachment";"1. Attach a rope to a cable machine and set the pulley at the highest position. | 2. Lie down on a bench with your head towards the cable machine. | 3. Hold the rope with both hands and extend your arms straight up above your chest. | 4. Keeping your arms straight, slowly lower the rope behind your head while maintaining control. | 5. Pause for a moment at the bottom, then slowly raise the rope back to the starting position. | 6. Repeat for the desired number of repetitions."
"EX-1314";"1314";"Extensão lombar na bola suíça";"back extension on exercise ball";"Costas";"Bola de estabilidade";"Coluna";"glúteos, isquiotibiais";"Sem sprites; sem mapeamento de animação";"";"1314-back-extension-on-exercise-ball";"1. Place the stability ball on the ground and lie face down on top of it, with your hips resting on the ball and your feet against a wall or other stable surface. | 2. Position your hands behind your head or crossed over your chest. | 3. Engage your core and slowly lift your upper body off the ball, extending your back until your body forms a straight line from your head to your heels. | 4. Pause for a moment at the top, then slowly lower your upper body back down to the starting position. | 5. Repeat for the desired number of repetitions."
"EX-1772";"1772";"Flexão de braços invertida com apoio nos cotovelos";"elbow lift - reverse push-up";"Costas";"Peso corporal";"Costas superiores";"tríceps, ombros";"Sem sprites; sem mapeamento de animação";"";"1772-elbow-lift-reverse-push-up";"1. Start by lying face down on the ground with your legs extended and your hands placed directly under your shoulders. | 2. Engage your core and press through your palms to lift your upper body off the ground, keeping your elbows close to your sides. | 3. Pause at the top for a moment, squeezing your upper back muscles. | 4. Slowly lower your body back down to the starting position. | 5. Repeat for the desired number of repetitions."
"EX-3295";"3295";"Frontal alavanca repetições";"front lever reps";"Costas";"Peso corporal";"Costas superiores";"core, ombros";"Sem sprites; sem mapeamento de animação";"";"3295-front-lever-reps";"1. Hang from a pull-up bar with an overhand grip, palms facing away from you. | 2. Engage your core and pull your shoulder blades down and back. | 3. Keeping your body straight, lift your legs up until they are parallel to the ground. | 4. Hold this position for as long as you can, aiming for 10-20 seconds. | 5. Slowly lower your legs back down to the starting position. | 6. Repeat for the desired number of repetitions."
"EX-0466";"0466";"Gironda esterno chin";"gironda sternum chin";"Costas";"Peso corporal";"Dorsais";"bíceps, romboides, deltoides posteriores";"Sem sprites; sem mapeamento de animação";"";"0466-gironda-sternum-chin";"1. Stand facing a high bar with your feet shoulder-width apart. | 2. Reach up and grab the bar with an overhand grip, slightly wider than shoulder-width apart. | 3. Hang from the bar with your arms fully extended and your body straight. | 4. Engage your lats and biceps to pull your chest up towards the bar, leading with your sternum. | 5. Pause for a moment at the top, then slowly lower yourself back down to the starting position. | 6. Repeat for the desired number of repetitions."
"EX-0835";"0835";"Hiperextensão (na bola suíça) com peso adicional";"weighted hyperextension (on stability ball)";"Costas";"Com carga";"Coluna";"glúteos, isquiotibiais";"Sem sprites; sem mapeamento de animação";"";"0835-weighted-hyperextension-on-stability-ball";"1. Position yourself face down on a stability ball with your hips resting on the ball and your feet against a wall for stability. | 2. Place your hands behind your head or cross them over your chest. | 3. Engage your core and slowly lift your upper body off the ball, extending your back until your body forms a straight line. | 4. Pause for a moment at the top, then slowly lower your upper body back down to the starting position. | 5. Repeat for the desired number of repetitions."
"EX-0488";"0488";"Hiperextensão (no banco)";"hyperextension (on bench)";"Costas";"Peso corporal";"Coluna";"glúteos, isquiotibiais";"Sem sprites; sem mapeamento de animação";"";"0488-hyperextension-on-bench";"1. Adjust the hyperextension bench so that your hips are resting comfortably on the pad and your feet are secured. | 2. Cross your arms over your chest or place your hands behind your head. | 3. Slowly lower your upper body towards the ground while keeping your back straight. | 4. Pause for a moment at the bottom, then raise your upper body back up until it is in line with your legs. | 5. Repeat for the desired number of repetitions."
"EX-0172";"0172";"Inclinado tríceps na polia no cabo";"cable incline pushdown";"Costas";"Cabo";"Dorsais";"tríceps, ombros";"Sem sprites; sem mapeamento de animação";"";"0172-cable-incline-pushdown";"1. Attach a straight bar to a high pulley cable machine. | 2. Stand facing away from the machine with your feet shoulder-width apart. | 3. Grasp the bar with an overhand grip, hands slightly wider than shoulder-width apart. | 4. Lean forward slightly and keep your back straight. | 5. Pull the bar down towards your thighs by extending your elbows. | 6. Pause for a moment at the bottom, then slowly return the bar to the starting position. | 7. Repeat for the desired number of repetitions."
"EX-0720";"0720";"Lateral até lateral chin";"side-to-side chin";"Costas";"Peso corporal";"Dorsais";"bíceps, antebraços";"Sem sprites; sem mapeamento de animação";"";"0720-side-to-side-chin";"1. Stand with your feet shoulder-width apart and your knees slightly bent. | 2. Grasp a pull-up bar with an overhand grip, hands slightly wider than shoulder-width apart. | 3. Hang from the bar with your arms fully extended and your body relaxed. | 4. Pull yourself up by bending your elbows and bringing your chin towards the bar, while keeping your body straight. | 5. Once your chin is above the bar, lower yourself back down to the starting position. | 6. Repeat for the desired number of repetitions."
"EX-1010";"1010";"Levantamento terra com pernas estendidas com faixa elástica";"band straight leg deadlift";"Costas";"Faixa elástica";"Coluna";"isquiotibiais, glúteos";"Sem sprites; sem mapeamento de animação";"";"1010-band-straight-leg-deadlift";"1. Stand with your feet shoulder-width apart and place the band around your feet. | 2. Hold the band with both hands, palms facing your body, and keep your arms straight. | 3. Engage your core and maintain a slight bend in your knees. | 4. Slowly hinge forward at your hips, keeping your back straight and chest lifted. | 5. Lower the band towards the ground while keeping your legs straight. | 6. Pause for a moment at the bottom, then squeeze your glutes and hamstrings to return to the starting position. | 7. Repeat for the desired number of repetitions."
"EX-0609";"0609";"Londres ponte";"london bridge";"Costas";"Corda";"Costas superiores";"ombros, bíceps, antebraços";"Sem sprites; sem mapeamento de animação";"";"0609-london-bridge";"1. Attach the rope to a high anchor point. | 2. Stand facing away from the anchor point with your feet shoulder-width apart. | 3. Grasp the rope with an overhand grip, palms facing down. | 4. Lean forward slightly, keeping your back straight and core engaged. | 5. Pull the rope towards your body, squeezing your shoulder blades together. | 6. Pause for a moment at the peak of the movement, then slowly release the tension and return to the starting position. | 7. Repeat for the desired number of repetitions."
"EX-0631";"0631";"Muscle-up";"muscle up";"Costas";"Peso corporal";"Dorsais";"bíceps, tríceps, ombros, peito";"Sem sprites; sem mapeamento de animação";"";"0631-muscle-up";"1. Start by hanging from a pull-up bar with your palms facing away from you and your arms fully extended. | 2. Engage your core and pull your body up towards the bar, leading with your chest. | 3. As you reach the top of the movement, transition your grip so that your palms are facing towards you. | 4. Continue pulling yourself up until your chest is above the bar and your arms are fully flexed. | 5. Reverse the movement by slowly lowering yourself back down to the starting position. | 6. Repeat for the desired number of repetitions."
"EX-3312";"3312";"Muscle-up (no barra) com peso adicional";"weighted muscle up (on bar)";"Costas";"Com carga";"Dorsais";"bíceps, tríceps, ombros, antebraços";"Sem sprites; sem mapeamento de animação";"";"3312-weighted-muscle-up-on-bar";"1. Start by hanging from a pull-up bar with your palms facing away from you and your hands slightly wider than shoulder-width apart. | 2. Engage your core and pull your shoulder blades down and back. | 3. Bend your elbows and pull your chest towards the bar, keeping your body straight. | 4. Once your chest reaches the bar, push down with your hands and drive your elbows back, lifting your body above the bar. | 5. Pause at the top of the movement, then slowly lower yourself back down to the starting position. | 6. Repeat for the desired number of repetitions."
"EX-1401";"1401";"Muscle-up (no vertical barra)";"muscle-up (on vertical bar)";"Costas";"Peso corporal";"Dorsais";"bíceps, tríceps, antebraços";"Sem sprites; sem mapeamento de animação";"";"1401-muscle-up-on-vertical-bar";"1. Start by hanging from a vertical bar with your palms facing away from you and your arms fully extended. | 2. Engage your core and pull your body up towards the bar, leading with your chest. | 3. As you pull yourself up, lean back slightly and bring your elbows towards your sides. | 4. Continue pulling until your chest reaches the bar and your elbows are fully bent. | 5. Pause for a moment at the top, then slowly lower yourself back down to the starting position. | 6. Repeat for the desired number of repetitions."
"EX-0558";"0558";"Muscle-up com balanço";"kipping muscle up";"Costas";"Peso corporal";"Dorsais";"bíceps, tríceps, ombros, core";"Sem sprites; sem mapeamento de animação";"";"0558-kipping-muscle-up";"1. Start by hanging from a pull-up bar with an overhand grip, hands slightly wider than shoulder-width apart. | 2. Engage your core and use a swinging motion to generate momentum. | 3. As you swing forward, pull your chest towards the bar, using your lats and biceps to initiate the movement. | 4. Continue the upward motion until your chest reaches the bar, then transition into a dip position by pushing down on the bar and extending your arms. | 5. Lower yourself back down to the starting position by bending your arms and controlling the descent. | 6. Repeat for the desired number of repetitions."
"EX-3286";"3286";"Muscle-up com peso adicional";"weighted muscle up";"Costas";"Com carga";"Dorsais";"bíceps, tríceps, ombros, peito";"Sem sprites; sem mapeamento de animação";"";"3286-weighted-muscle-up";"1. Start by hanging from a pull-up bar with your palms facing away from you and your hands slightly wider than shoulder-width apart. | 2. Engage your core and pull your body up towards the bar, leading with your chest. | 3. As you reach the top of the movement, transition your grip so that your palms are facing towards you. | 4. Continue pulling yourself up until your chest reaches the bar, then pause for a moment. | 5. Slowly lower yourself back down to the starting position, maintaining control throughout the movement. | 6. Repeat for the desired number of repetitions."
"EX-1366";"1366";"Para cima voltado cachorro";"upward facing dog";"Costas";"Peso corporal";"Coluna";"ombros, peito";"Sem sprites; sem mapeamento de animação";"";"1366-upward-facing-dog";"1. Lie face down on the floor with your legs extended behind you. | 2. Place your hands on the floor next to your lower ribs, fingers pointing forward. | 3. Press your hands firmly into the floor and straighten your arms, lifting your torso and thighs off the ground. | 4. Roll your shoulders back and down, opening your chest and lifting your gaze towards the ceiling. | 5. Hold this position for a few breaths, then slowly lower your body back down to the starting position. | 6. Repeat for the desired number of repetitions."
"EX-3304";"3304";"Pele o gato";"skin the cat";"Costas";"Peso corporal";"Costas superiores";"ombros, core";"Sem sprites; sem mapeamento de animação";"";"3304-skin-the-cat";"1. Start by hanging from a bar with your arms fully extended and your body relaxed. | 2. Engage your core and lift your legs up, bringing your knees towards your chest. | 3. Continue to lift your legs up and over your head, allowing your body to pass through the arms. | 4. Once your legs are fully extended over your head, begin to lower them back down towards the starting position. | 5. As you lower your legs, allow your body to pass back through the arms until you are hanging with your arms fully extended again. | 6. Repeat for the desired number of repetitions."
"EX-3664";"3664";"Prancha lateral com posterior crucifixo com halteres";"dumbbell side plank with rear fly";"Costas";"Haltere";"Costas superiores";"ombros, core";"Sem sprites; sem mapeamento de animação";"";"3664-dumbbell-side-plank-with-rear-fly";"1. Start by lying on your side with your legs extended and stacked on top of each other. | 2. Place your forearm on the ground directly below your shoulder, keeping your elbow bent at a 90-degree angle. | 3. Hold a dumbbell in your top hand, with your arm extended straight down towards the ground. | 4. Engage your core and lift your hips off the ground, creating a straight line from your head to your heels. | 5. While maintaining the side plank position, lift the dumbbell up towards the ceiling, squeezing your shoulder blades together. | 6. Lower the dumbbell back down to the starting position. | 7. Repeat for the desired number of repetitions, then switch sides."
"EX-0022";"0022";"Pulôver até desenvolvimento com barra";"barbell pullover to press";"Costas";"Barra";"Dorsais";"tríceps, peito, ombros";"Sem sprites; sem mapeamento de animação";"";"0022-barbell-pullover-to-press";"1. Lie flat on a bench with your head at one end and your feet on the ground. | 2. Hold the barbell with a pronated grip (palms facing away from you) and extend your arms straight above your chest. | 3. Keeping your arms straight, lower the barbell behind your head in an arc-like motion until you feel a stretch in your lats. | 4. Pause for a moment, then reverse the motion and press the barbell back to the starting position above your chest. | 5. Repeat for the desired number of repetitions."
"EX-0073";"0073";"Pulôver com barra";"barbell pullover";"Costas";"Barra";"Dorsais";"peito, tríceps";"Sem sprites; sem mapeamento de animação";"";"0073-barbell-pullover";"1. Lie flat on a bench with your head at one end and your feet on the floor. | 2. Hold a barbell with a shoulder-width grip and extend your arms straight above your chest. | 3. Keeping your arms straight, lower the barbell behind your head in a controlled manner until you feel a stretch in your lats. | 4. Pause for a moment, then raise the barbell back to the starting position. | 5. Repeat for the desired number of repetitions."
"EX-1316";"1316";"Pulôver com braços flexionados com barra";"barbell bent arm pullover";"Costas";"Barra";"Dorsais";"tríceps, peito";"Sem sprites; sem mapeamento de animação";"";"1316-barbell-bent-arm-pullover";"1. Lie flat on a bench with your head at one end and your feet on the floor. | 2. Hold a barbell with a shoulder-width grip and extend your arms straight above your chest. | 3. Lower the barbell behind your head while keeping your arms slightly bent. | 4. Pause for a moment, then raise the barbell back to the starting position. | 5. Repeat for the desired number of repetitions."
"EX-0034";"0034";"Pulôver declinado com braços flexionados com barra";"barbell decline bent arm pullover";"Costas";"Barra";"Dorsais";"tríceps, peito";"Sem sprites; sem mapeamento de animação";"";"0034-barbell-decline-bent-arm-pullover";"1. Lie down on a decline bench with your head lower than your hips and your feet secured. | 2. Hold a barbell with a pronated grip (palms facing away from you) and extend your arms straight above your chest. | 3. Lower the barbell behind your head in a controlled manner, keeping your arms slightly bent. | 4. Pause for a moment, then raise the barbell back to the starting position by contracting your lats. | 5. Repeat for the desired number of repetitions."
"EX-0037";"0037";"Pulôver declinado com pegada aberta com barra";"barbell decline wide-grip pullover";"Costas";"Barra";"Dorsais";"tríceps, peito";"Sem sprites; sem mapeamento de animação";"";"0037-barbell-decline-wide-grip-pullover";"1. Lie on a decline bench with your head lower than your hips and your feet secured. | 2. Hold a barbell with a wide grip and extend your arms straight above your chest. | 3. Lower the barbell behind your head in a controlled manner, keeping your arms straight. | 4. Pause for a moment, then raise the barbell back to the starting position. | 5. Repeat for the desired number of repetitions."
"EX-3010";"3010";"Pulôver ez barra deitado com braços flexionados";"ez bar lying bent arms pullover";"Costas";"Barra EZ";"Dorsais";"tríceps, peito";"Sem sprites; sem mapeamento de animação";"";"3010-ez-bar-lying-bent-arms-pullover";"1. Lie flat on a bench with your head at one end and your feet on the floor. | 2. Hold the EZ barbell with a pronated grip (palms facing away from you) and your hands shoulder-width apart. | 3. Extend your arms straight above your chest, keeping a slight bend in your elbows. | 4. Lower the barbell in an arc motion behind your head, maintaining the slight bend in your elbows. | 5. Pause for a moment, then return the barbell to the starting position by reversing the arc motion. | 6. Repeat for the desired number of repetitions."
"EX-2285";"2285";"Pulôver na máquina articulada";"lever pullover";"Costas";"Máquina articulada";"Dorsais";"tríceps, ombros";"Sem sprites; sem mapeamento de animação";"";"2285-lever-pullover";"1. Adjust the seat and handles of the leverage machine to a comfortable position. | 2. Sit on the machine with your back against the pad and grasp the handles with an overhand grip. | 3. Keep your arms slightly bent and your core engaged. | 4. Slowly pull the handles towards your chest, squeezing your lats. | 5. Pause for a moment at the peak contraction, then slowly return to the starting position. | 6. Repeat for the desired number of repetitions."
"EX-0983";"0983";"Puxada alta ajoelhado unilateral com faixa elástica";"band kneeling one arm pulldown";"Costas";"Faixa elástica";"Dorsais";"bíceps, romboides";"Sem sprites; sem mapeamento de animação";"";"0983-band-kneeling-one-arm-pulldown";"1. Attach the band to a sturdy anchor point above your head. | 2. Kneel down and hold the band with one hand, palm facing down. | 3. Extend your arm fully overhead, keeping your elbow slightly bent. | 4. Engage your lat muscles and pull the band down towards your side, bringing your elbow towards your ribcage. | 5. Pause for a moment at the bottom, then slowly release the tension and return to the starting position. | 6. Repeat for the desired number of repetitions, then switch sides."
"EX-2330";"2330";"Puxada alta com amplitude completa no cabo";"cable lat pulldown full range of motion";"Costas";"Cabo";"Dorsais";"bíceps, romboides, deltoides posteriores";"Sem sprites; sem mapeamento de animação";"";"2330-cable-lat-pulldown-full-range-of-motion";"1. Sit on the lat pulldown machine with your knees positioned under the pads. | 2. Grasp the cable bar with an overhand grip, slightly wider than shoulder-width apart. | 3. Lean back slightly and keep your chest up, maintaining a slight arch in your lower back. | 4. Pull the bar down towards your upper chest, squeezing your shoulder blades together. | 5. Pause for a moment at the bottom of the movement, then slowly release the bar back to the starting position. | 6. Repeat for the desired number of repetitions."
"EX-0237";"0237";"Puxada alta com braços estendidos (com corda) no cabo";"cable straight arm pulldown (with rope)";"Costas";"Cabo";"Dorsais";"bíceps, antebraços";"Sem sprites; sem mapeamento de animação";"";"0237-cable-straight-arm-pulldown-with-rope";"1. Attach a rope to the cable machine at the highest setting. | 2. Stand facing the machine with your feet shoulder-width apart. | 3. Grasp the rope with both hands, palms facing down. | 4. Extend your arms fully in front of you, keeping your elbows slightly bent. | 5. Engage your lats and slowly pull the rope down towards your thighs, keeping your arms straight. | 6. Pause for a moment at the bottom, then slowly release the tension and return to the starting position. | 7. Repeat for the desired number of repetitions."
"EX-3117";"3117";"Puxada alta com costas apoiadas, pegada fechada e faixa elástica";"band fixed back close grip pulldown";"Costas";"Faixa elástica";"Dorsais";"bíceps, antebraços";"Sem sprites; sem mapeamento de animação";"";"3117-band-fixed-back-close-grip-pulldown";"1. Attach the band to a fixed point above you, such as a pull-up bar or sturdy beam. | 2. Sit down on a bench or chair facing the band, with your feet flat on the ground and your knees bent. | 3. Grasp the band with a close grip, palms facing towards you. | 4. Keep your back straight and engage your core. | 5. Pull the band down towards your chest, squeezing your shoulder blades together. | 6. Pause for a moment at the bottom of the movement, feeling the contraction in your lats. | 7. Slowly release the band back to the starting position, maintaining control throughout the movement. | 8. Repeat for the desired number of repetitions."
"EX-1325";"1325";"Puxada alta com pegada aberta posterior atrás da cabeça no cabo";"cable wide grip rear pulldown behind neck";"Costas";"Cabo";"Dorsais";"bíceps, romboides, deltoides posteriores";"Sem sprites; sem mapeamento de animação";"";"1325-cable-wide-grip-rear-pulldown-behind-neck";"1. Adjust the cable machine so that the pulldown bar is at a height above your head. | 2. Sit down on the seat and grab the pulldown bar with a wide overhand grip. | 3. Keep your back straight and your chest up as you lean back slightly. | 4. Pull the bar down towards your upper chest, squeezing your shoulder blades together. | 5. Pause for a moment at the bottom of the movement, then slowly release the bar back up to the starting position. | 6. Repeat for the desired number of repetitions."
"EX-0974";"0974";"Puxada alta com pegada fechada com faixa elástica";"band close-grip pulldown";"Costas";"Faixa elástica";"Dorsais";"bíceps, antebraços";"Sem sprites; sem mapeamento de animação";"";"0974-band-close-grip-pulldown";"1. Attach the band to a high anchor point, such as a pull-up bar or sturdy beam. | 2. Stand facing the anchor point and grab the band with an underhand grip, hands shoulder-width apart. | 3. Step back to create tension in the band, keeping your feet hip-width apart. | 4. Engage your core and keep your back straight as you pull the band down towards your chest, squeezing your shoulder blades together. | 5. Pause for a moment at the bottom of the movement, then slowly release the band back to the starting position. | 6. Repeat for the desired number of repetitions."
"EX-0673";"0673";"Puxada alta com pegada invertida máquina";"reverse grip machine lat pulldown";"Costas";"Máquina articulada";"Dorsais";"bíceps, antebraços";"Sem sprites; sem mapeamento de animação";"";"0673-reverse-grip-machine-lat-pulldown";"1. Adjust the seat height and position yourself on the machine with your knees under the pads and your feet flat on the ground. | 2. Grasp the handles with an underhand grip, slightly wider than shoulder-width apart. | 3. Sit upright with your chest out and shoulders back, maintaining a slight arch in your lower back. | 4. Pull the handles down towards your chest, squeezing your shoulder blades together. | 5. Pause for a moment at the bottom of the movement, then slowly release the handles back to the starting position. | 6. Repeat for the desired number of repetitions."
"EX-0579";"0579";"Puxada alta frontal na máquina articulada";"lever front pulldown";"Costas";"Máquina articulada";"Dorsais";"bíceps, romboides, deltoides posteriores";"Sem sprites; sem mapeamento de animação";"";"0579-lever-front-pulldown";"1. Adjust the seat height and position yourself on the machine with your knees under the pads and your feet flat on the ground. | 2. Grasp the handles with an overhand grip, slightly wider than shoulder-width apart. | 3. Sit upright with your chest lifted and your shoulders back, maintaining a slight arch in your lower back. | 4. Engage your lats and pull the handles down towards your chest, squeezing your shoulder blades together. | 5. Pause for a moment at the bottom of the movement, then slowly release the handles back to the starting position. | 6. Repeat for the desired number of repetitions."
"EX-0205";"0205";"Puxada alta posterior no cabo";"cable rear pulldown";"Costas";"Cabo";"Dorsais";"bíceps, romboides, deltoides posteriores";"Sem sprites; sem mapeamento de animação";"";"0205-cable-rear-pulldown";"1. Adjust the cable machine so that the pulley is at the highest position. | 2. Sit facing the machine with your feet flat on the ground and your knees slightly bent. | 3. Grasp the cable attachment with an overhand grip, hands slightly wider than shoulder-width apart. | 4. Lean back slightly, keeping your back straight and your chest up. | 5. Pull the cable attachment down towards your chest, squeezing your shoulder blades together. | 6. Pause for a moment at the bottom of the movement, then slowly release the cable back up to the starting position. | 7. Repeat for the desired number of repetitions."
"EX-0678";"0678";"Puxada alta rocky barra fixa";"rocky pull-up pulldown";"Costas";"Peso corporal";"Dorsais";"bíceps, antebraços";"Sem sprites; sem mapeamento de animação";"";"0678-rocky-pull-up-pulldown";"1. Stand in front of a pull-up bar with your feet shoulder-width apart. | 2. Reach up and grab the bar with an overhand grip, slightly wider than shoulder-width apart. | 3. Hang from the bar with your arms fully extended and your body straight. | 4. Engage your back muscles and pull your body up towards the bar, leading with your chest. | 5. Pause for a moment at the top, then slowly lower your body back down to the starting position. | 6. Repeat for the desired number of repetitions."
"EX-3116";"3116";"Puxada alta supinada com costas apoiadas e faixa elástica";"band fixed back underhand pulldown";"Costas";"Faixa elástica";"Dorsais";"bíceps, romboides, deltoides posteriores";"Sem sprites; sem mapeamento de animação";"";"3116-band-fixed-back-underhand-pulldown";"1. Attach the band to a sturdy anchor point above your head. | 2. Stand facing the anchor point with your feet shoulder-width apart. | 3. Grasp the band with an underhand grip, hands slightly wider than shoulder-width apart. | 4. Step back to create tension in the band, keeping your arms fully extended. | 5. Engage your core and squeeze your shoulder blades together. | 6. Pull the band down towards your chest, leading with your elbows. | 7. Pause for a moment at the bottom of the movement, feeling the contraction in your lats. | 8. Slowly release the tension in the band and return to the starting position. | 9. Repeat for the desired number of repetitions."
"EX-1013";"1013";"Puxada alta supinado com faixa elástica";"band underhand pulldown";"Costas";"Faixa elástica";"Dorsais";"bíceps, antebraços";"Sem sprites; sem mapeamento de animação";"";"1013-band-underhand-pulldown";"1. Attach the band to a high anchor point, such as a pull-up bar or sturdy beam. | 2. Stand facing the anchor point with your feet shoulder-width apart. | 3. Grasp the band with an underhand grip, hands slightly wider than shoulder-width apart. | 4. Extend your arms fully overhead, keeping your elbows slightly bent. | 5. Engage your lats and pull the band down towards your chest, squeezing your shoulder blades together. | 6. Pause for a moment at the bottom of the movement, then slowly release the tension and return to the starting position. | 7. Repeat for the desired number of repetitions."
"EX-0245";"0245";"Puxada alta supinado no cabo";"cable underhand pulldown";"Costas";"Cabo";"Dorsais";"bíceps, antebraços";"Sem sprites; sem mapeamento de animação";"";"0245-cable-underhand-pulldown";"1. Adjust the cable machine so that the pulldown bar is at a height above your head. | 2. Sit down on the seat and grab the pulldown bar with an underhand grip, hands slightly wider than shoulder-width apart. | 3. Keep your back straight and lean back slightly. | 4. Pull the bar down towards your chest, squeezing your shoulder blades together. | 5. Pause for a moment at the bottom of the movement, then slowly release the bar back up to the starting position. | 6. Repeat for the desired number of repetitions."
"EX-1347";"1347";"Puxada alta unilateral lateral aberto na máquina articulada";"lever one arm lateral wide pulldown";"Costas";"Máquina articulada";"Dorsais";"bíceps, romboides, deltoides posteriores";"Sem sprites; sem mapeamento de animação";"";"1347-lever-one-arm-lateral-wide-pulldown";"1. Adjust the seat height and position yourself on the machine with your chest against the pad and your feet flat on the floor. | 2. Grasp the handle with an overhand grip and fully extend your arm, keeping a slight bend in your elbow. | 3. Pull the handle down and across your body towards your opposite hip, squeezing your lat muscle at the bottom of the movement. | 4. Slowly return the handle to the starting position, fully extending your arm. | 5. Repeat for the desired number of repetitions, then switch sides."
"EX-3563";"3563";"Puxada alta unilateral no cabo";"cable one arm pulldown";"Costas";"Cabo";"Dorsais";"bíceps, antebraços";"Sem sprites; sem mapeamento de animação";"";"3563-cable-one-arm-pulldown";"1. Attach a single handle to a high pulley cable machine. | 2. Stand facing the machine with your feet shoulder-width apart. | 3. Grasp the handle with an overhand grip and extend your arm fully. | 4. Keep your back straight and your core engaged. | 5. Pull the handle down towards your side while keeping your elbow close to your body. | 6. Pause for a moment at the bottom of the movement, squeezing your lat muscle. | 7. Slowly release the handle back to the starting position. | 8. Repeat for the desired number of repetitions. | 9. Switch sides and repeat the exercise with the other arm."
"EX-3019";"3019";"Puxada banco elevações";"bench pull-ups";"Costas";"Peso corporal";"Dorsais";"bíceps, antebraços";"Sem sprites; sem mapeamento de animação";"";"3019-bench-pull-ups";"1. Position yourself under a bar or a sturdy horizontal surface that is at chest height. | 2. Grab the bar or surface with an overhand grip, slightly wider than shoulder-width apart. | 3. Hang with your arms fully extended and your body straight. | 4. Pull your chest towards the bar or surface by squeezing your shoulder blades together and bending your elbows. | 5. Continue pulling until your chin is above the bar or surface. | 6. Lower yourself back down to the starting position with control. | 7. Repeat for the desired number of repetitions."
"EX-0244";"0244";"Puxada com rotação no cabo";"cable twisting pull";"Costas";"Cabo";"Dorsais";"ombros, bíceps";"Sem sprites; sem mapeamento de animação";"";"0244-cable-twisting-pull";"1. Attach a cable handle to a low pulley and stand facing the machine. | 2. Grasp the handle with your left hand and step away from the machine, extending your arm fully. | 3. Position your feet shoulder-width apart, with your knees slightly bent. | 4. Keep your back straight and your core engaged throughout the exercise. | 5. Pull the handle towards your body, rotating your torso to the right as you do so. | 6. Squeeze your back muscles at the end of the movement. | 7. Slowly return to the starting position, keeping tension on the cable. | 8. Repeat for the desired number of repetitions, then switch sides and perform with your right hand."
"EX-0177";"0177";"Puxada lateral (com corda) no cabo";"cable lateral pulldown (with rope attachment)";"Costas";"Cabo";"Dorsais";"bíceps, antebraços";"Sem sprites; sem mapeamento de animação";"";"0177-cable-lateral-pulldown-with-rope-attachment";"1. Attach a rope attachment to the cable machine at a high position. | 2. Stand facing the machine with your feet shoulder-width apart. | 3. Grasp the rope with an overhand grip, palms facing each other. | 4. Keep your back straight and lean slightly back. | 5. Pull the rope down towards your sides, squeezing your shoulder blades together. | 6. Pause for a moment at the bottom of the movement. | 7. Slowly release the tension and allow the rope to return to the starting position. | 8. Repeat for the desired number of repetitions."
"EX-0007";"0007";"Puxada lateral alternada";"alternate lateral pulldown";"Costas";"Cabo";"Dorsais";"bíceps, romboides";"Sem sprites; sem mapeamento de animação";"";"0007-alternate-lateral-pulldown";"1. Sit on the cable machine with your back straight and feet flat on the ground. | 2. Grasp the handles with an overhand grip, slightly wider than shoulder-width apart. | 3. Lean back slightly and pull the handles towards your chest, squeezing your shoulder blades together. | 4. Pause for a moment at the peak of the movement, then slowly release the handles back to the starting position. | 5. Repeat for the desired number of repetitions."
"EX-2736";"2736";"Puxada lateral com pegada invertida na máquina articulada";"lever reverse grip lateral pulldown";"Costas";"Máquina articulada";"Dorsais";"bíceps, romboides, deltoides posteriores";"Sem sprites; sem mapeamento de animação";"";"2736-lever-reverse-grip-lateral-pulldown";"1. Adjust the seat height and position yourself on the machine with your knees under the pads and your feet flat on the ground. | 2. Grasp the handles with an overhand grip, slightly wider than shoulder-width apart. | 3. Sit upright with your chest out and shoulders back, maintaining a slight arch in your lower back. | 4. Pull the handles down towards your chest, leading with your elbows and squeezing your shoulder blades together. | 5. Pause for a moment at the bottom of the movement, then slowly release the handles back to the starting position. | 6. Repeat for the desired number of repetitions."
"EX-2616";"2616";"Puxada lateral com v barra no cabo";"cable lateral pulldown with v-bar";"Costas";"Cabo";"Dorsais";"bíceps, antebraços";"Sem sprites; sem mapeamento de animação";"";"2616-cable-lateral-pulldown-with-v-bar";"1. Sit down on the cable pulldown machine and grab the v-bar attachment with an overhand grip. | 2. Adjust the knee pad so that your thighs are secured under it. | 3. Keep your back straight and lean back slightly. | 4. Pull the v-bar down towards your upper chest while keeping your elbows close to your body. | 5. Squeeze your back muscles at the bottom of the movement. | 6. Slowly return the v-bar to the starting position and repeat for the desired number of repetitions."
"EX-0153";"0153";"Puxada lateral cruzado sobre no cabo";"cable cross-over lateral pulldown";"Costas";"Cabo";"Dorsais";"bíceps, romboides, deltoides posteriores";"Sem sprites; sem mapeamento de animação";"";"0153-cable-cross-over-lateral-pulldown";"1. Attach a cable handle to each side of a cable machine at shoulder height. | 2. Stand in the middle of the machine with your feet shoulder-width apart. | 3. Grasp the handles with an overhand grip and step back to create tension in the cables. | 4. Lean forward slightly from the hips, keeping your back straight and your chest up. | 5. Pull the handles down and across your body, squeezing your shoulder blades together. | 6. Pause for a moment at the bottom of the movement, then slowly return to the starting position. | 7. Repeat for the desired number of repetitions."
"EX-0150";"0150";"Puxada lateral na polia com barra";"cable bar lateral pulldown";"Costas";"Cabo";"Dorsais";"bíceps, romboides, deltoides posteriores";"Sem sprites; sem mapeamento de animação";"";"0150-cable-bar-lateral-pulldown";"1. Adjust the cable pulley to a high position and attach a straight bar. | 2. Sit facing the cable machine with your feet flat on the ground and your knees slightly bent. | 3. Grasp the bar with an overhand grip, slightly wider than shoulder-width apart. | 4. Lean back slightly and keep your chest up, maintaining a slight arch in your lower back. | 5. Pull the bar down towards your chest, leading with your elbows and squeezing your shoulder blades together. | 6. Pause for a moment at the bottom of the movement, then slowly return the bar to the starting position. | 7. Repeat for the desired number of repetitions."
"EX-0548";"0548";"Puxada sumô alto com kettlebell";"kettlebell sumo high pull";"Costas";"Kettlebell";"Trapézios";"ombros, glúteos, isquiotibiais";"Sem sprites; sem mapeamento de animação";"";"0548-kettlebell-sumo-high-pull";"1. Stand with your feet wider than shoulder-width apart, toes pointing outwards. | 2. Hold a kettlebell with both hands in front of your body, arms extended downwards. | 3. Bend your knees and lower your hips into a squat position, keeping your back straight. | 4. Drive through your heels and explosively extend your hips and knees, pulling the kettlebell up towards your chin. | 5. As you pull the kettlebell up, keep your elbows high and wide, and squeeze your shoulder blades together. | 6. Lower the kettlebell back down to the starting position and repeat for the desired number of repetitions."
"EX-1353";"1353";"Recepção e acima da cabeça arremesso com bola medicinal";"medicine ball catch and overhead throw";"Costas";"Bola medicinal";"Dorsais";"ombros, core";"Sem sprites; sem mapeamento de animação";"";"1353-medicine-ball-catch-and-overhead-throw";"1. Stand with your feet shoulder-width apart, holding a medicine ball in both hands at chest level. | 2. Bend your knees slightly and engage your core. | 3. Lower your body into a squat position, keeping your back straight and chest up. | 4. Explosively extend your hips and legs, while simultaneously throwing the medicine ball overhead. | 5. Release the ball at the top of the movement and catch it on the way down. | 6. Lower your body back into the squat position and repeat for the desired number of repetitions."
"EX-3168";"3168";"Remada agachado com peso corporal";"bodyweight squatting row";"Costas";"Peso corporal";"Costas superiores";"bíceps, ombros";"Sem sprites; sem mapeamento de animação";"";"3168-bodyweight-squatting-row";"1. Stand with your feet shoulder-width apart, holding onto a sturdy object or suspension trainer with your arms extended. | 2. Lower your body into a squat position, keeping your back straight and your knees behind your toes. | 3. From the squat position, pull your body up towards the object or suspension trainer, squeezing your shoulder blades together. | 4. Pause for a moment at the top, then slowly lower your body back down to the starting position. | 5. Repeat for the desired number of repetitions."
"EX-0167";"0167";"Remada alta (ajoelhado) no cabo";"cable high row (kneeling)";"Costas";"Cabo";"Costas superiores";"bíceps, ombros";"Sem sprites; sem mapeamento de animação";"";"0167-cable-high-row-kneeling";"1. Attach a straight bar to a cable machine at chest height. | 2. Kneel down in front of the cable machine and grab the bar with an overhand grip, hands shoulder-width apart. | 3. Sit back on your heels, keeping your back straight and your core engaged. | 4. Pull the bar towards your upper abdomen, squeezing your shoulder blades together. | 5. Pause for a moment at the top of the movement, then slowly release the bar back to the starting position. | 6. Repeat for the desired number of repetitions."
"EX-0581";"0581";"Remada alta na máquina articulada";"lever high row";"Costas";"Máquina articulada";"Costas superiores";"bíceps, deltoides posteriores";"Sem sprites; sem mapeamento de animação";"";"0581-lever-high-row";"1. Adjust the seat height and foot platform to a comfortable position. | 2. Sit on the machine with your chest against the pad and your feet flat on the foot platform. | 3. Grasp the handles with an overhand grip, slightly wider than shoulder-width apart. | 4. Keep your back straight and engage your core. | 5. Pull the handles towards your body, squeezing your shoulder blades together. | 6. Pause for a moment at the peak of the movement, then slowly release the handles back to the starting position. | 7. Repeat for the desired number of repetitions."
"EX-0208";"0208";"Remada alta sentada, com costas retas e pegada invertida, na polia";"cable reverse-grip straight back seated high row";"Costas";"Cabo";"Costas superiores";"bíceps, antebraços";"Sem sprites; sem mapeamento de animação";"";"0208-cable-reverse-grip-straight-back-seated-high-row";"1. Sit on the seat facing the cable machine with your feet flat on the floor. | 2. Grasp the cable attachment with an underhand grip, palms facing up, and your hands shoulder-width apart. | 3. Keep your back straight and lean slightly forward from your hips. | 4. Pull the cable towards your torso by retracting your shoulder blades and squeezing your back muscles. | 5. Pause for a moment at the peak of the contraction, then slowly release the cable back to the starting position. | 6. Repeat for the desired number of repetitions."
"EX-0213";"0213";"Remada alta sentado (v barra) no cabo";"cable seated high row (v-bar)";"Costas";"Cabo";"Dorsais";"bíceps, romboides, deltoides posteriores";"Sem sprites; sem mapeamento de animação";"";"0213-cable-seated-high-row-v-bar";"1. Sit on the cable machine with your feet flat on the floor and your knees slightly bent. | 2. Grasp the v-bar attachment with an overhand grip, palms facing each other, and your hands shoulder-width apart. | 3. Keep your back straight and lean slightly forward from the hips. | 4. Pull the v-bar towards your torso by retracting your shoulder blades and squeezing your back muscles. | 5. Pause for a moment at the peak of the contraction, then slowly release the tension and return to the starting position. | 6. Repeat for the desired number of repetitions."
"EX-0193";"0193";"Remada alta unilateral estendido costas (ajoelhado) no cabo";"cable one arm straight back high row (kneeling)";"Costas";"Cabo";"Costas superiores";"bíceps, ombros";"Sem sprites; sem mapeamento de animação";"";"0193-cable-one-arm-straight-back-high-row-kneeling";"1. Attach a handle to a cable machine at waist height. | 2. Kneel down facing the cable machine and grab the handle with one hand. | 3. Keep your back straight and your core engaged. | 4. Pull the handle towards your chest, squeezing your shoulder blades together. | 5. Pause for a moment at the top of the movement. | 6. Slowly release the handle back to the starting position. | 7. Repeat for the desired number of repetitions. | 8. Switch sides and repeat the exercise with the other arm."
"EX-1356";"1356";"Remada alta unilateral lateral na máquina articulada";"lever one arm lateral high row";"Costas";"Máquina articulada";"Costas superiores";"bíceps, ombros";"Sem sprites; sem mapeamento de animação";"";"1356-lever-one-arm-lateral-high-row";"1. Adjust the seat height and position yourself facing the machine. | 2. Grasp the handle with one hand and keep your back straight. | 3. Pull the handle towards your body, keeping your elbow close to your side. | 4. Squeeze your back muscles at the top of the movement. | 5. Slowly release the handle back to the starting position. | 6. Repeat for the desired number of repetitions."
"EX-0522";"0522";"Remada alternado com kettlebell";"kettlebell alternating row";"Costas";"Kettlebell";"Costas superiores";"bíceps, antebraços";"Sem sprites; sem mapeamento de animação";"";"0522-kettlebell-alternating-row";"1. Stand with your feet shoulder-width apart, knees slightly bent, and hold a kettlebell in each hand with your palms facing your body. | 2. Bend forward at the hips, keeping your back straight and your core engaged. | 3. Pull one kettlebell up towards your chest, keeping your elbow close to your body and squeezing your shoulder blades together. | 4. Lower the kettlebell back down to the starting position and repeat with the other arm. | 5. Continue alternating arms for the desired number of repetitions."
"EX-0571";"0571";"Remada alternado fechado pegada sentado na máquina articulada";"lever alternating narrow grip seated row";"Costas";"Máquina articulada";"Costas superiores";"bíceps, antebraços";"Sem sprites; sem mapeamento de animação";"";"0571-lever-alternating-narrow-grip-seated-row";"1. Adjust the seat height and footplate position to ensure proper alignment. | 2. Sit on the machine with your back straight and feet flat on the footplate. | 3. Grasp the handles with a narrow grip, palms facing each other. | 4. Keep your chest up and shoulders back throughout the exercise. | 5. Pull one handle towards your torso while keeping the other handle stationary. | 6. Squeeze your shoulder blades together at the end of the movement. | 7. Slowly return the handle to the starting position and repeat with the other side. | 8. Continue alternating sides for the desired number of repetitions."
"EX-0521";"0521";"Remada alternado renegada com kettlebell";"kettlebell alternating renegade row";"Costas";"Kettlebell";"Costas superiores";"core, ombros";"Sem sprites; sem mapeamento de animação";"";"0521-kettlebell-alternating-renegade-row";"1. Start in a high plank position with your hands gripping the kettlebells and your feet hip-width apart. | 2. Engage your core and keep your body in a straight line from head to heels. | 3. Pull one kettlebell up towards your chest, keeping your elbow close to your body. | 4. Lower the kettlebell back down to the starting position and repeat with the other arm. | 5. Continue alternating arms for the desired number of repetitions."
"EX-0180";"0180";"Remada baixo sentado no cabo";"cable low seated row";"Costas";"Cabo";"Costas superiores";"bíceps, antebraços";"Sem sprites; sem mapeamento de animação";"";"0180-cable-low-seated-row";"1. Sit on the machine with your feet flat on the footrests and your knees slightly bent. | 2. Grasp the handles with an overhand grip, palms facing down. | 3. Keep your back straight and lean slightly forward, maintaining a slight bend in your elbows. | 4. Pull the handles towards your body, squeezing your shoulder blades together. | 5. Pause for a moment at the peak of the movement, then slowly release the handles back to the starting position. | 6. Repeat for the desired number of repetitions."
"EX-1318";"1318";"Remada banco inclinado no cabo";"cable incline bench row";"Costas";"Cabo";"Costas superiores";"bíceps, deltoides posteriores";"Sem sprites; sem mapeamento de animação";"";"1318-cable-incline-bench-row";"1. Set up an incline bench at a 45-degree angle and attach a cable handle to the low pulley. | 2. Sit on the bench facing the cable machine with your feet flat on the floor and your knees slightly bent. | 3. Grasp the cable handle with an overhand grip and extend your arms fully in front of you. | 4. Lean forward from your hips while keeping your back straight and your core engaged. | 5. Pull the cable handle towards your chest by retracting your shoulder blades and bending your elbows. | 6. Squeeze your back muscles at the top of the movement, then slowly extend your arms back to the starting position. | 7. Repeat for the desired number of repetitions."
"EX-3167";"3167";"Remada com agachamento e toalha usando o peso corporal";"bodyweight squatting row (with towel)";"Costas";"Peso corporal";"Costas superiores";"bíceps, ombros";"Sem sprites; sem mapeamento de animação";"";"3167-bodyweight-squatting-row-with-towel";"1. Stand with your feet shoulder-width apart, holding a towel in front of you with your palms facing down. | 2. Bend your knees and lower your body into a squat position, keeping your back straight and your chest up. | 3. As you lower into the squat, simultaneously pull the towel towards your chest, squeezing your shoulder blades together. | 4. Pause for a moment at the bottom of the squat, then slowly return to the starting position while extending your arms. | 5. Repeat for the desired number of repetitions."
"EX-2327";"2327";"Remada com pegada invertida (feminino) com halteres";"dumbbell reverse grip row (female)";"Costas";"Haltere";"Costas superiores";"bíceps, antebraços";"Sem sprites; sem mapeamento de animação";"";"2327-dumbbell-reverse-grip-row-female";"1. Stand with your feet shoulder-width apart and knees slightly bent. | 2. Hold a dumbbell in each hand with an overhand grip, palms facing your body. | 3. Bend forward at the waist, keeping your back straight and your core engaged. | 4. Let your arms hang straight down, fully extended, with a slight bend in your elbows. | 5. Pull the dumbbells up towards your chest, squeezing your shoulder blades together. | 6. Pause for a moment at the top, then slowly lower the dumbbells back down to the starting position. | 7. Repeat for the desired number of repetitions."
"EX-1317";"1317";"Remada com pegada invertida banco inclinado com barra";"barbell reverse grip incline bench row";"Costas";"Barra";"Costas superiores";"bíceps, antebraços";"Sem sprites; sem mapeamento de animação";"";"1317-barbell-reverse-grip-incline-bench-row";"1. Set up an incline bench at a 45-degree angle. | 2. Sit on the bench facing the backrest with your chest against it. | 3. Grab the barbell with a reverse grip (palms facing down) and hands slightly wider than shoulder-width apart. | 4. Keep your back straight and core engaged. | 5. Pull the barbell towards your upper abdomen, squeezing your shoulder blades together. | 6. Pause for a moment at the top of the movement. | 7. Slowly lower the barbell back to the starting position. | 8. Repeat for the desired number of repetitions."
"EX-1331";"1331";"Remada com pegada invertida banco inclinado dois braço com halteres";"dumbbell reverse grip incline bench two arm row";"Costas";"Haltere";"Costas superiores";"bíceps, antebraços";"Sem sprites; sem mapeamento de animação";"";"1331-dumbbell-reverse-grip-incline-bench-two-arm-row";"1. Set up an incline bench at a 45-degree angle. | 2. Sit on the bench with your chest against the backrest and your feet flat on the ground. | 3. Hold a dumbbell in each hand with an underhand grip. | 4. Lean forward and let your arms hang straight down, fully extended. | 5. Pull the dumbbells up towards your chest, squeezing your shoulder blades together. | 6. Pause for a moment at the top, then slowly lower the dumbbells back down to the starting position. | 7. Repeat for the desired number of repetitions."
"EX-1330";"1330";"Remada com pegada invertida banco inclinado unilateral com halteres";"dumbbell reverse grip incline bench one arm row";"Costas";"Haltere";"Costas superiores";"bíceps, ombros";"Sem sprites; sem mapeamento de animação";"";"1330-dumbbell-reverse-grip-incline-bench-one-arm-row";"1. Set up an incline bench at a 45-degree angle. | 2. Place a dumbbell on the floor next to the bench. | 3. Stand facing the bench with your feet shoulder-width apart. | 4. Bend at the waist and place your left knee and left hand on the bench for support. | 5. Pick up the dumbbell with your right hand using a reverse grip (palm facing down). | 6. Keep your back straight and your core engaged. | 7. Pull the dumbbell up towards your chest, keeping your elbow close to your body. | 8. Squeeze your back muscles at the top of the movement. | 9. Lower the dumbbell back down to the starting position in a controlled manner. | 10. Repeat for the desired number of repetitions. | 11. Switch sides and repeat the exercise with your left arm."
"EX-1321";"1321";"Remada corda elevado sentado no cabo";"cable rope elevated seated row";"Costas";"Cabo";"Costas superiores";"bíceps, antebraços";"Sem sprites; sem mapeamento de animação";"";"1321-cable-rope-elevated-seated-row";"1. Sit on the elevated seat facing the cable machine. | 2. Grab the cable rope handles with an overhand grip, palms facing each other. | 3. Keep your back straight and lean slightly back, maintaining a slight bend in your knees. | 4. Pull the cable towards your body by retracting your shoulder blades and squeezing your back muscles. | 5. Pause for a moment at the fully contracted position. | 6. Slowly release the tension and extend your arms back to the starting position. | 7. Repeat for the desired number of repetitions."
"EX-1323";"1323";"Remada corda sentado no cabo";"cable rope seated row";"Costas";"Cabo";"Costas superiores";"bíceps, antebraços";"Sem sprites; sem mapeamento de animação";"";"1323-cable-rope-seated-row";"1. Sit on the rowing machine with your feet flat on the footrests and knees slightly bent. | 2. Grasp the cable ropes with an overhand grip, palms facing each other. | 3. Keep your back straight and lean slightly forward, maintaining a slight bend in your elbows. | 4. Pull the cable ropes towards your body, squeezing your shoulder blades together. | 5. Pause for a moment at the peak of the movement, then slowly release the tension and return to the starting position. | 6. Repeat for the desired number of repetitions."
"EX-0248";"0248";"Remada curvada barra deitado";"cambered bar lying row";"Costas";"Barra";"Costas superiores";"bíceps, antebraços";"Sem sprites; sem mapeamento de animação";"";"0248-cambered-bar-lying-row";"1. Set up a barbell on the floor and lie face down on a bench with your chest just off the edge. | 2. Reach down and grab the barbell with an overhand grip, slightly wider than shoulder-width apart. | 3. With your legs straight and feet on the ground, lift the barbell off the floor by extending your arms. | 4. Pull the barbell towards your chest, squeezing your shoulder blades together. | 5. Lower the barbell back down to the starting position and repeat for the desired number of repetitions."
"EX-0118";"0118";"Remada curvada com pegada invertida com barra";"barbell reverse grip bent over row";"Costas";"Barra";"Costas superiores";"bíceps, antebraços";"Sem sprites; sem mapeamento de animação";"";"0118-barbell-reverse-grip-bent-over-row";"1. Stand with your feet shoulder-width apart and knees slightly bent. | 2. Hold a barbell with an overhand grip, palms facing down, and hands slightly wider than shoulder-width apart. | 3. Bend forward at the hips, keeping your back straight and chest up, until your torso is almost parallel to the floor. | 4. Pull the barbell towards your lower chest, squeezing your shoulder blades together. | 5. Pause for a moment at the top, then slowly lower the barbell back to the starting position. | 6. Repeat for the desired number of repetitions."
"EX-1361";"1361";"Remada curvada com pegada invertida no aparelho Smith";"smith reverse grip bent over row";"Costas";"Máquina Smith";"Costas superiores";"bíceps, antebraços";"Sem sprites; sem mapeamento de animação";"";"1361-smith-reverse-grip-bent-over-row";"1. Set up the smith machine with the bar at hip height. | 2. Stand facing the bar with your feet shoulder-width apart. | 3. Bend your knees slightly and hinge forward at the hips, keeping your back straight. | 4. Grasp the bar with an underhand grip, hands shoulder-width apart. | 5. Pull the bar towards your lower chest, squeezing your shoulder blades together. | 6. Pause for a moment at the top, then slowly lower the bar back down to the starting position. | 7. Repeat for the desired number of repetitions."
"EX-3200";"3200";"Remada curvada com v barra na máquina articulada";"lever bent-over row with v-bar";"Costas";"Máquina articulada";"Costas superiores";"bíceps, antebraços";"Sem sprites; sem mapeamento de animação";"";"3200-lever-bent-over-row-with-v-bar";"1. Adjust the seat height and position yourself facing the machine. | 2. Grasp the v-bar with an overhand grip, keeping your back straight and your knees slightly bent. | 3. Pull the v-bar towards your abdomen, squeezing your shoulder blades together. | 4. Pause for a moment at the top of the movement, then slowly release the weight back to the starting position. | 5. Repeat for the desired number of repetitions."
"EX-1344";"1344";"Remada curvada ez barra com pegada invertida";"ez bar reverse grip bent over row";"Costas";"Barra EZ";"Costas superiores";"bíceps, antebraços";"Sem sprites; sem mapeamento de animação";"";"1344-ez-bar-reverse-grip-bent-over-row";"1. Stand with your feet shoulder-width apart and knees slightly bent. | 2. Hold the ez barbell with an underhand grip, palms facing up, and hands shoulder-width apart. | 3. Bend forward at the hips, keeping your back straight and chest up, until your torso is almost parallel to the floor. | 4. Pull the ez barbell towards your lower chest, squeezing your shoulder blades together. | 5. Pause for a moment at the top, then slowly lower the ez barbell back to the starting position. | 6. Repeat for the desired number of repetitions."
"EX-0574";"0574";"Remada curvada na máquina articulada";"lever bent over row";"Costas";"Barra";"Costas superiores";"bíceps, antebraços";"Sem sprites; sem mapeamento de animação";"";"0574-lever-bent-over-row";"1. Stand with your feet shoulder-width apart and knees slightly bent. | 2. Hold the barbell with an overhand grip, hands slightly wider than shoulder-width apart. | 3. Bend forward at the hips, keeping your back straight and chest up. | 4. Pull the barbell towards your lower chest, squeezing your shoulder blades together. | 5. Pause for a moment at the top, then slowly lower the barbell back to the starting position. | 6. Repeat for the desired number of repetitions."
"EX-1359";"1359";"Remada curvada no aparelho Smith";"smith bent over row";"Costas";"Máquina Smith";"Costas superiores";"bíceps, antebraços";"Sem sprites; sem mapeamento de animação";"";"1359-smith-bent-over-row";"1. Set up the smith machine with the bar at hip height. | 2. Stand facing the bar with your feet shoulder-width apart. | 3. Bend your knees slightly and hinge forward at the hips, keeping your back straight. | 4. Grasp the bar with an overhand grip, hands slightly wider than shoulder-width apart. | 5. Pull the bar towards your lower chest, squeezing your shoulder blades together. | 6. Pause for a moment at the top, then slowly lower the bar back down to the starting position. | 7. Repeat for the desired number of repetitions."
"EX-1329";"1329";"Remada curvada palma rotacional com halteres";"dumbbell palm rotational bent over row";"Costas";"Haltere";"Costas superiores";"bíceps, antebraços";"Sem sprites; sem mapeamento de animação";"";"1329-dumbbell-palm-rotational-bent-over-row";"1. Stand with your feet shoulder-width apart, holding a dumbbell in each hand with an overhand grip. | 2. Bend forward at the hips, keeping your back straight and your knees slightly bent. | 3. Let your arms hang straight down, palms facing your body. | 4. Engage your core and pull the dumbbells up towards your chest, keeping your elbows close to your body. | 5. As you pull the dumbbells up, rotate your palms so they face away from your body. | 6. Squeeze your shoulder blades together at the top of the movement. | 7. Slowly lower the dumbbells back down to the starting position, rotating your palms back to the starting position. | 8. Repeat for the desired number of repetitions."
"EX-0064";"0064";"Remada curvada unilateral com barra";"barbell one arm bent over row";"Costas";"Barra";"Costas superiores";"bíceps, antebraços";"Sem sprites; sem mapeamento de animação";"";"0064-barbell-one-arm-bent-over-row";"1. Stand with your feet shoulder-width apart, knees slightly bent, and hold a barbell with one hand using an overhand grip. | 2. Bend forward at the hips, keeping your back straight and your head in a neutral position. | 3. Pull the barbell up towards your chest, keeping your elbow close to your body and squeezing your shoulder blades together. | 4. Lower the barbell back down to the starting position in a controlled manner. | 5. Repeat for the desired number of repetitions, then switch to the other arm."
"EX-0589";"0589";"Remada curvada unilateral na máquina articulada";"lever one arm bent over row";"Costas";"Barra";"Costas superiores";"bíceps, antebraços";"Sem sprites; sem mapeamento de animação";"";"0589-lever-one-arm-bent-over-row";"1. Stand with your feet shoulder-width apart, knees slightly bent, and hold a barbell with an overhand grip. | 2. Bend forward at the hips, keeping your back straight and your head up. | 3. Let the barbell hang in front of you with your arms fully extended. | 4. Pull the barbell up towards your chest, keeping your elbows close to your body. | 5. Squeeze your shoulder blades together at the top of the movement. | 6. Lower the barbell back down to the starting position. | 7. Repeat for the desired number of repetitions."
"EX-0189";"0189";"Remada curvada unilateral no cabo";"cable one arm bent over row";"Costas";"Cabo";"Costas superiores";"bíceps, antebraços";"Sem sprites; slug já reservado";"single-arm-cable-row";"0189-single-arm-cable-row";"1. Stand facing a cable machine with your feet shoulder-width apart. | 2. Bend your knees slightly and hinge forward at the hips, keeping your back straight. | 3. Grasp the cable handle with one hand, palm facing inward, and extend your arm fully. | 4. Pull the cable handle towards your body, keeping your elbow close to your side, until your hand reaches your lower chest. | 5. Pause for a moment, then slowly extend your arm back to the starting position. | 6. Repeat for the desired number of repetitions, then switch sides."
"EX-0159";"0159";"Remada declinado sentado com pegada aberta no cabo";"cable decline seated wide-grip row";"Costas";"Cabo";"Costas superiores";"bíceps, antebraços";"Sem sprites; sem mapeamento de animação";"";"0159-cable-decline-seated-wide-grip-row";"1. Sit on the decline bench facing the cable machine with your feet securely placed on the footrests. | 2. Grasp the cable attachment with a wide overhand grip, palms facing down. | 3. Lean back slightly, keeping your back straight and your core engaged. | 4. Pull the cable towards your lower chest, squeezing your shoulder blades together. | 5. Pause for a moment at the peak of the contraction, then slowly release the cable back to the starting position. | 6. Repeat for the desired number of repetitions."
"EX-1328";"1328";"Remada deitado deltoide posterior com halteres";"dumbbell lying rear delt row";"Costas";"Haltere";"Costas superiores";"ombros, bíceps";"Sem sprites; sem mapeamento de animação";"";"1328-dumbbell-lying-rear-delt-row";"1. Lie face down on a flat bench with a dumbbell in each hand, palms facing inwards. | 2. Extend your arms straight down towards the floor, keeping a slight bend in your elbows. | 3. Engaging your back muscles, lift the dumbbells up towards your chest, squeezing your shoulder blades together. | 4. Pause for a moment at the top, then slowly lower the dumbbells back down to the starting position. | 5. Repeat for the desired number of repetitions."
"EX-1345";"1345";"Remada dois braço com kettlebell";"kettlebell two arm row";"Costas";"Kettlebell";"Costas superiores";"bíceps, antebraços";"Sem sprites; sem mapeamento de animação";"";"1345-kettlebell-two-arm-row";"1. Stand with your feet shoulder-width apart, knees slightly bent, and hold a kettlebell in each hand with your palms facing your body. | 2. Bend forward at the hips, keeping your back straight and your core engaged. | 3. Pull the kettlebells up towards your chest, squeezing your shoulder blades together. | 4. Pause for a moment at the top, then slowly lower the kettlebells back down to the starting position. | 5. Repeat for the desired number of repetitions."
"EX-0234";"0234";"Remada em pé (v barra) no cabo";"cable standing row (v-bar)";"Costas";"Cabo";"Costas superiores";"bíceps, ombros";"Sem sprites; sem mapeamento de animação";"";"0234-cable-standing-row-v-bar";"1. Stand facing the cable machine with your feet shoulder-width apart. | 2. Grasp the v-bar attachment with an overhand grip, palms facing down. | 3. Keep your back straight and your core engaged. | 4. Pull the v-bar towards your body, squeezing your shoulder blades together. | 5. Pause for a moment at the peak of the movement, then slowly release the tension and return to the starting position. | 6. Repeat for the desired number of repetitions."
"EX-3158";"3158";"Remada em pé com pegada fechada com peso corporal";"bodyweight standing close-grip row";"Costas";"Peso corporal";"Costas superiores";"bíceps, antebraços";"Sem sprites; sem mapeamento de animação";"";"3158-bodyweight-standing-close-grip-row";"1. Stand with your feet shoulder-width apart and knees slightly bent. | 2. Bend forward at the waist, keeping your back straight and your core engaged. | 3. Extend your arms straight in front of you, gripping the bar or handles with a close grip. | 4. Pull the bar or handles towards your body, squeezing your shoulder blades together. | 5. Pause for a moment at the top of the movement, then slowly release and return to the starting position. | 6. Repeat for the desired number of repetitions."
"EX-3156";"3156";"Remada em pé com pegada fechada unilateral com peso corporal";"bodyweight standing close-grip one arm row";"Costas";"Peso corporal";"Costas superiores";"bíceps, antebraços";"Sem sprites; sem mapeamento de animação";"";"3156-bodyweight-standing-close-grip-one-arm-row";"1. Stand with your feet shoulder-width apart, knees slightly bent, and hold a dumbbell in one hand with a neutral grip. | 2. Bend forward at the hips, keeping your back straight and your core engaged. | 3. Pull the dumbbell up towards your chest, keeping your elbow close to your body and squeezing your shoulder blades together. | 4. Pause for a moment at the top, then slowly lower the dumbbell back down to the starting position. | 5. Repeat for the desired number of repetitions, then switch sides."
"EX-3166";"3166";"Remada em pé com peso corporal";"bodyweight standing row";"Costas";"Peso corporal";"Costas superiores";"bíceps, ombros";"Sem sprites; sem mapeamento de animação";"";"3166-bodyweight-standing-row";"1. Stand with your feet shoulder-width apart and knees slightly bent. | 2. Grasp a bar or handles with an overhand grip, palms facing down. | 3. Keep your back straight and core engaged. | 4. Pull the bar or handles towards your body, squeezing your shoulder blades together. | 5. Pause for a moment at the top of the movement. | 6. Slowly release and extend your arms back to the starting position. | 7. Repeat for the desired number of repetitions."
"EX-3161";"3161";"Remada em pé unilateral (com toalha) com peso corporal";"bodyweight standing one arm row (with towel)";"Costas";"Peso corporal";"Costas superiores";"bíceps, antebraços";"Sem sprites; sem mapeamento de animação";"";"3161-bodyweight-standing-one-arm-row-with-towel";"1. Stand with your feet shoulder-width apart, knees slightly bent, and hold a towel with one hand. | 2. Bend forward at the hips, keeping your back straight and your core engaged. | 3. Pull the towel towards your chest, squeezing your shoulder blades together. | 4. Pause for a moment at the top, then slowly lower the towel back to the starting position. | 5. Repeat for the desired number of repetitions, then switch to the other arm."
"EX-3162";"3162";"Remada em pé unilateral com peso corporal";"bodyweight standing one arm row";"Costas";"Peso corporal";"Costas superiores";"bíceps, antebraços";"Sem sprites; sem mapeamento de animação";"";"3162-bodyweight-standing-one-arm-row";"1. Stand with your feet shoulder-width apart, knees slightly bent, and hold a dumbbell in one hand. | 2. Bend forward at the hips, keeping your back straight and your core engaged. | 3. Let the dumbbell hang straight down in front of you, with your arm fully extended. | 4. Pull the dumbbell up towards your chest, keeping your elbow close to your body. | 5. Squeeze your shoulder blades together at the top of the movement. | 6. Lower the dumbbell back down to the starting position. | 7. Repeat for the desired number of repetitions, then switch sides."
"EX-0239";"0239";"Remada estendido costas sentado no cabo";"cable straight back seated row";"Costas";"Cabo";"Costas superiores";"bíceps, antebraços, ombros";"Sem sprites; sem mapeamento de animação";"";"0239-cable-straight-back-seated-row";"1. Sit on the cable row machine with your feet flat on the footrests and your knees slightly bent. | 2. Grasp the cable handles with an overhand grip, palms facing down. | 3. Keep your back straight and lean slightly forward from the hips. | 4. Pull the cable handles towards your body, squeezing your shoulder blades together. | 5. Pause for a moment at the peak of the movement, then slowly release the handles back to the starting position. | 6. Repeat for the desired number of repetitions."
"EX-0761";"0761";"Remada fechado no aparelho Smith";"smith narrow row";"Costas";"Máquina Smith";"Costas superiores";"bíceps, deltoides posteriores";"Sem sprites; sem mapeamento de animação";"";"0761-smith-narrow-row";"1. Adjust the seat height and position yourself on the machine with your feet flat on the floor. | 2. Grasp the handles with an overhand grip, slightly narrower than shoulder-width apart. | 3. Keep your back straight and your chest up as you pull the handles towards your body, squeezing your shoulder blades together. | 4. Pause for a moment at the peak of the movement, then slowly release the handles back to the starting position. | 5. Repeat for the desired number of repetitions."
"EX-0588";"0588";"Remada fechado pegada sentado na máquina articulada";"lever narrow grip seated row";"Costas";"Máquina articulada";"Costas superiores";"bíceps, antebraços";"Sem sprites; sem mapeamento de animação";"";"0588-lever-narrow-grip-seated-row";"1. Adjust the seat height and footrests to ensure proper form. | 2. Sit on the machine with your feet flat on the footrests and your knees slightly bent. | 3. Grasp the handles with a narrow grip, palms facing each other. | 4. Keep your back straight and lean slightly forward. | 5. Pull the handles towards your torso, squeezing your shoulder blades together. | 6. Pause for a moment at the peak of the movement. | 7. Slowly release the handles and return to the starting position. | 8. Repeat for the desired number of repetitions."
"EX-0049";"0049";"Remada inclinado com barra";"barbell incline row";"Costas";"Barra";"Costas superiores";"bíceps, antebraços";"Sem sprites; sem mapeamento de animação";"";"0049-barbell-incline-row";"1. Set up an incline bench at a 45-degree angle. | 2. Lie face down on the bench with your chest against the pad and your feet flat on the ground. | 3. Grasp the barbell with an overhand grip, slightly wider than shoulder-width apart. | 4. Keep your back straight and your core engaged. | 5. Pull the barbell towards your chest, squeezing your shoulder blades together. | 6. Pause for a moment at the top, then slowly lower the barbell back to the starting position. | 7. Repeat for the desired number of repetitions."
"EX-0327";"0327";"Remada inclinado com halteres";"dumbbell incline row";"Costas";"Haltere";"Costas superiores";"bíceps, ombros";"Sem sprites; sem mapeamento de animação";"";"0327-dumbbell-incline-row";"1. Set up an incline bench at a 45-degree angle. | 2. Grab a dumbbell in each hand and sit on the bench with your chest against the incline. | 3. Extend your arms fully, allowing the dumbbells to hang straight down from your shoulders. | 4. Pull the dumbbells up towards your chest, squeezing your shoulder blades together. | 5. Pause for a moment at the top, then slowly lower the dumbbells back to the starting position. | 6. Repeat for the desired number of repetitions."
"EX-0499";"0499";"Remada invertido";"inverted row";"Costas";"Peso corporal";"Costas superiores";"bíceps, antebraços";"Sem sprites; slug já reservado";"inverted-row";"0499-inverted-row";"1. Set up a bar at waist height or use a suspension trainer. | 2. Stand facing the bar or suspension trainer, with your feet shoulder-width apart. | 3. Grab the bar or handles with an overhand grip, slightly wider than shoulder-width apart. | 4. Lean back, keeping your body straight and your heels on the ground. | 5. Pull your chest towards the bar or handles, squeezing your shoulder blades together. | 6. Pause for a moment at the top, then slowly lower yourself back to the starting position. | 7. Repeat for the desired number of repetitions."
"EX-0498";"0498";"Remada invertido com faixas";"inverted row with straps";"Costas";"Peso corporal";"Costas superiores";"bíceps, antebraços";"Sem sprites; sem mapeamento de animação";"";"0498-inverted-row-with-straps";"1. Set up a suspension trainer or straps at chest height. | 2. Stand facing the anchor point and grab the handles with an overhand grip. | 3. Walk your feet forward, leaning back until your body is at an angle. | 4. Keep your body straight and engage your core. | 5. Pull your chest towards the handles, squeezing your shoulder blades together. | 6. Pause for a moment at the top, then slowly lower yourself back to the starting position. | 7. Repeat for the desired number of repetitions."
"EX-2300";"2300";"Remada invertido flexionado joelhos";"inverted row bent knees";"Costas";"Peso corporal";"Costas superiores";"bíceps, antebraços";"Sem sprites; sem mapeamento de animação";"";"2300-inverted-row-bent-knees";"1. Set up a bar at waist height and lie underneath it. | 2. Grab the bar with an overhand grip, slightly wider than shoulder-width apart. | 3. Position your body so that your heels are on the ground and your body is straight. | 4. Pull your chest up towards the bar by squeezing your shoulder blades together. | 5. Pause for a moment at the top, then slowly lower your body back down to the starting position. | 6. Repeat for the desired number of repetitions."
"EX-2298";"2298";"Remada invertido no banco";"inverted row on bench";"Costas";"Peso corporal";"Costas superiores";"bíceps, antebraços";"Sem sprites; sem mapeamento de animação";"";"2298-inverted-row-on-bench";"1. Set up a bench at a height that allows your body to hang freely underneath it. | 2. Lie face up on the ground with your head towards the bench. | 3. Reach up and grab the bench with an overhand grip, slightly wider than shoulder-width apart. | 4. Position your body so that your heels are on the ground and your arms are fully extended. | 5. Engage your core and squeeze your shoulder blades together as you pull your chest up towards the bench. | 6. Pause for a moment at the top of the movement, then slowly lower your body back down to the starting position. | 7. Repeat for the desired number of repetitions."
"EX-1349";"1349";"Remada invertido t barra na máquina articulada";"lever reverse t-bar row";"Costas";"Máquina articulada";"Costas superiores";"bíceps, antebraços";"Sem sprites; sem mapeamento de animação";"";"1349-lever-reverse-t-bar-row";"1. Adjust the seat height and footplate position on the leverage machine. | 2. Sit on the machine with your chest against the pad and your feet flat on the footplate. | 3. Grasp the handles with an overhand grip, slightly wider than shoulder-width apart. | 4. Keep your back straight and engage your core. | 5. Pull the handles towards your chest, squeezing your shoulder blades together. | 6. Pause for a moment at the top of the movement, then slowly release and extend your arms back to the starting position. | 7. Repeat for the desired number of repetitions."
"EX-0497";"0497";"Remada invertido versão 2";"inverted row v. 2";"Costas";"Peso corporal";"Costas superiores";"bíceps, antebraços";"Sem sprites; sem mapeamento de animação";"";"0497-inverted-row-v-2";"1. Set up a bar at waist height on a Smith machine or use a suspension trainer. | 2. Stand facing the bar or suspension trainer and grab it with an overhand grip, hands shoulder-width apart. | 3. Walk your feet forward, leaning back until your body is at a slight angle. | 4. Keep your body straight and pull your chest up towards the bar or handles, squeezing your shoulder blades together. | 5. Pause for a moment at the top, then slowly lower yourself back down to the starting position. | 6. Repeat for the desired number of repetitions."
"EX-0160";"0160";"Remada no chão sentado com pegada aberta no cabo";"cable floor seated wide-grip row";"Costas";"Cabo";"Costas superiores";"bíceps, antebraços";"Sem sprites; sem mapeamento de animação";"";"0160-cable-floor-seated-wide-grip-row";"1. Sit on the floor with your legs extended and your back straight. | 2. Attach a cable handle to a low pulley and position the cable machine behind you. | 3. Grasp the handle with a wide overhand grip, palms facing down. | 4. Lean back slightly, keeping your back straight and your chest lifted. | 5. Pull the handle towards your waist, squeezing your shoulder blades together. | 6. Pause for a moment at the top of the movement, then slowly release the handle back to the starting position. | 7. Repeat for the desired number of repetitions."
"EX-1319";"1319";"Remada palma rotacional no cabo";"cable palm rotational row";"Costas";"Cabo";"Costas superiores";"bíceps, antebraços";"Sem sprites; sem mapeamento de animação";"";"1319-cable-palm-rotational-row";"1. Attach a handle to a cable machine at waist height. | 2. Stand facing the machine with your feet shoulder-width apart. | 3. Grasp the handle with an overhand grip, palms facing down. | 4. Step back to create tension on the cable, keeping your back straight and knees slightly bent. | 5. Pull the handle towards your body, rotating your palms to face upwards as you do so. | 6. Squeeze your shoulder blades together at the end of the movement. | 7. Slowly release the handle back to the starting position. | 8. Repeat for the desired number of repetitions."
"EX-0218";"0218";"Remada sentado com pegada aberta no cabo";"cable seated wide-grip row";"Costas";"Cabo";"Costas superiores";"bíceps, antebraços";"Sem sprites; sem mapeamento de animação";"";"0218-cable-seated-wide-grip-row";"1. Sit on the cable row machine with your feet flat on the footrests and your knees slightly bent. | 2. Grasp the handle with a wide overhand grip, palms facing down. | 3. Keep your back straight and lean slightly forward from the hips. | 4. Pull the handle towards your lower chest, squeezing your shoulder blades together. | 5. Pause for a moment at the peak of the contraction. | 6. Slowly release the handle back to the starting position, fully extending your arms. | 7. Repeat for the desired number of repetitions."
"EX-3144";"3144";"Remada sentado estendido costas com faixa elástica";"resistance band seated straight back row";"Costas";"Faixa de resistência";"Costas superiores";"bíceps, ombros";"Sem sprites; sem mapeamento de animação";"";"3144-resistance-band-seated-straight-back-row";"1. Sit on the floor with your legs extended and loop the resistance band around your feet. | 2. Hold the ends of the resistance band with your hands, palms facing each other. | 3. Keep your back straight and lean slightly back, engaging your core. | 4. Pull the resistance band towards your chest, squeezing your shoulder blades together. | 5. Pause for a moment at the top, then slowly release the tension and return to the starting position. | 6. Repeat for the desired number of repetitions."
"EX-1350";"1350";"Remada sentado na máquina articulada";"lever seated row";"Costas";"Máquina articulada";"Costas superiores";"bíceps, antebraços";"Sem sprites; slug já reservado";"machine-row";"1350-machine-row";"1. Adjust the seat height and footrests to a comfortable position. | 2. Sit on the machine with your chest against the pad and your feet on the footrests. | 3. Grasp the handles with an overhand grip, shoulder-width apart. | 4. Keep your back straight and your core engaged. | 5. Pull the handles towards your body, squeezing your shoulder blades together. | 6. Pause for a moment at the peak of the movement. | 7. Slowly release the handles and return to the starting position. | 8. Repeat for the desired number of repetitions."
"EX-0214";"0214";"Remada sentado unilateral alternado no cabo";"cable seated one arm alternate row";"Costas";"Cabo";"Costas superiores";"bíceps, antebraços";"Sem sprites; sem mapeamento de animação";"";"0214-cable-seated-one-arm-alternate-row";"1. Sit on a bench facing a cable machine with your feet flat on the ground and knees slightly bent. | 2. Grasp the handle with one hand and keep your arm fully extended in front of you. | 3. Pull the handle towards your body, retracting your shoulder blade and keeping your elbow close to your side. | 4. Pause for a moment at the top of the movement, squeezing your back muscles. | 5. Slowly release the handle back to the starting position. | 6. Repeat with the other arm. | 7. Alternate between arms for the desired number of repetitions."
"EX-1324";"1324";"Remada superior no cabo";"cable upper row";"Costas";"Cabo";"Costas superiores";"bíceps, ombros";"Sem sprites; sem mapeamento de animação";"";"1324-cable-upper-row";"1. Attach a straight bar to a cable machine at chest height. | 2. Stand facing the machine with your feet shoulder-width apart. | 3. Grasp the bar with an overhand grip, hands slightly wider than shoulder-width apart. | 4. Keep your back straight and your core engaged. | 5. Pull the bar towards your upper chest, squeezing your shoulder blades together. | 6. Pause for a moment at the top of the movement. | 7. Slowly release the bar back to the starting position. | 8. Repeat for the desired number of repetitions."
"EX-0808";"0808";"Remada suspenso";"suspended row";"Costas";"Peso corporal";"Costas superiores";"bíceps, ombros";"Sem sprites; sem mapeamento de animação";"";"0808-suspended-row";"1. Set up a suspension trainer at an appropriate height. | 2. Stand facing the anchor point with your feet shoulder-width apart. | 3. Hold the handles with an overhand grip, palms facing each other. | 4. Lean back, keeping your body straight and your heels on the ground. | 5. Pull your chest towards the handles, squeezing your shoulder blades together. | 6. Pause for a moment at the top, then slowly lower yourself back to the starting position. | 7. Repeat for the desired number of repetitions."
"EX-1351";"1351";"Remada t barra com pegada invertida na máquina articulada";"lever t-bar reverse grip row";"Costas";"Máquina articulada";"Costas superiores";"bíceps, antebraços";"Sem sprites; sem mapeamento de animação";"";"1351-lever-t-bar-reverse-grip-row";"1. Adjust the seat height and position yourself on the machine with your chest against the pad and your feet flat on the floor. | 2. Grasp the handles with an overhand grip, slightly wider than shoulder-width apart. | 3. Keep your back straight and engage your core. | 4. Pull the handles towards your chest, squeezing your shoulder blades together. | 5. Pause for a moment at the top of the movement, then slowly release and extend your arms back to the starting position. | 6. Repeat for the desired number of repetitions."
"EX-2464";"2464";"Remada thibaudeau caiaque no cabo";"cable thibaudeau kayak row";"Costas";"Cabo";"Dorsais";"bíceps, romboides, deltoides posteriores";"Sem sprites; sem mapeamento de animação";"";"2464-cable-thibaudeau-kayak-row";"1. Attach a cable handle to a low pulley and sit facing the machine with your feet flat on the floor. | 2. Grasp the handle with your right hand and extend your arm fully, keeping a slight bend in your elbow. | 3. Lean forward from your hips, keeping your back straight and your abs engaged. | 4. Pull the handle towards your torso by retracting your shoulder blade and bending your elbow, keeping your arm close to your body. | 5. Squeeze your back muscles at the top of the movement, then slowly return to the starting position. | 6. Repeat for the desired number of repetitions, then switch sides and perform with your left arm."
"EX-0541";"0541";"Remada unilateral com kettlebell";"kettlebell one arm row";"Costas";"Kettlebell";"Costas superiores";"bíceps, antebraços";"Sem sprites; sem mapeamento de animação";"";"0541-kettlebell-one-arm-row";"1. Stand with your feet shoulder-width apart, holding a kettlebell in one hand with an overhand grip. | 2. Bend your knees slightly and hinge forward at the hips, keeping your back straight and your core engaged. | 3. Pull the kettlebell up towards your chest, keeping your elbow close to your body and squeezing your shoulder blades together. | 4. Pause for a moment at the top, then slowly lower the kettlebell back down to the starting position. | 5. Repeat for the desired number of repetitions, then switch sides and repeat with the other arm."
"EX-0990";"0990";"Remada unilateral com rotação sentado com faixa elástica";"band one arm twisting seated row";"Costas";"Faixa elástica";"Costas superiores";"bíceps, ombros";"Sem sprites; sem mapeamento de animação";"";"0990-band-one-arm-twisting-seated-row";"1. Sit on a bench or chair with your feet flat on the ground and your back straight. | 2. Hold the band with one hand and extend your arm fully in front of you. | 3. Keeping your back straight, pull the band towards your body by bending your elbow and squeezing your shoulder blades together. | 4. At the same time, twist your torso towards the side of the pulling arm. | 5. Pause for a moment at the top, then slowly release the tension in the band and return to the starting position. | 6. Repeat for the desired number of repetitions, then switch to the other arm."
"EX-1773";"1773";"Remada unilateral com toalha";"one arm towel row";"Costas";"Peso corporal";"Costas superiores";"bíceps, antebraços";"Sem sprites; sem mapeamento de animação";"";"1773-one-arm-towel-row";"1. Stand with your feet shoulder-width apart, knees slightly bent, and hold a towel with one hand. | 2. Bend forward at the waist, keeping your back straight and your core engaged. | 3. Extend your arm fully, allowing the towel to hang in front of you. | 4. Pull the towel towards your chest, squeezing your shoulder blades together. | 5. Pause for a moment at the top, then slowly lower the towel back to the starting position. | 6. Repeat for the desired number of repetitions, then switch arms."
"EX-0988";"0988";"Remada unilateral em pé baixo com faixa elástica";"band one arm standing low row";"Costas";"Faixa elástica";"Costas superiores";"bíceps, ombros";"Sem sprites; sem mapeamento de animação";"";"0988-band-one-arm-standing-low-row";"1. Attach the band to a stable anchor point at waist height. | 2. Stand facing the anchor point with your feet shoulder-width apart. | 3. Hold the band with one hand, palm facing inward, and step back to create tension in the band. | 4. Bend your knees slightly and hinge forward at the hips, keeping your back straight. | 5. Pull the band towards your waist, squeezing your shoulder blades together. | 6. Pause for a moment at the top of the movement, then slowly release the band back to the starting position. | 7. Repeat for the desired number of repetitions, then switch sides."
"EX-1313";"1313";"Remada unilateral na máquina articulada";"lever unilateral row";"Costas";"Máquina articulada";"Costas superiores";"bíceps, antebraços";"Sem sprites; sem mapeamento de animação";"";"1313-lever-unilateral-row";"1. Adjust the seat height and position yourself facing the machine. | 2. Grasp the handles with an overhand grip and keep your back straight. | 3. Pull the handles towards your body, squeezing your shoulder blades together. | 4. Pause for a moment at the peak of the movement, then slowly release and extend your arms back to the starting position. | 5. Repeat for the desired number of repetitions."
"EX-1360";"1360";"Remada unilateral no aparelho Smith";"smith one arm row";"Costas";"Máquina Smith";"Costas superiores";"bíceps, antebraços";"Sem sprites; sem mapeamento de animação";"";"1360-smith-one-arm-row";"1. Adjust the height of the smith machine bar to waist level. | 2. Stand facing the smith machine with your feet shoulder-width apart. | 3. Bend your knees slightly and hinge forward at the hips, keeping your back straight. | 4. Grasp the bar with one hand using an overhand grip, with your palm facing down. | 5. Keep your elbow close to your body and pull the bar towards your waist, squeezing your shoulder blades together. | 6. Pause for a moment at the top of the movement, then slowly lower the bar back to the starting position. | 7. Repeat for the desired number of repetitions, then switch to the other arm."
"EX-1348";"1348";"Remada vertical com pegada invertida na máquina articulada";"lever reverse grip vertical row";"Costas";"Máquina articulada";"Costas superiores";"bíceps, antebraços";"Sem sprites; sem mapeamento de animação";"";"1348-lever-reverse-grip-vertical-row";"1. Adjust the seat height and footplate position to ensure proper alignment. | 2. Sit on the machine with your chest against the pad and your feet flat on the footplate. | 3. Grasp the handles with an underhand grip, palms facing up. | 4. Keep your back straight and engage your core. | 5. Pull the handles towards your chest, squeezing your shoulder blades together. | 6. Pause for a moment at the top of the movement, then slowly release and extend your arms back to the starting position. | 7. Repeat for the desired number of repetitions."
"EX-1352";"1352";"Rosca região lombar";"lower back curl";"Costas";"Peso corporal";"Coluna";"glúteos, isquiotibiais";"Sem sprites; sem mapeamento de animação";"";"1352-lower-back-curl";"1. Lie flat on your stomach with your legs extended and your arms by your sides. | 2. Engage your glutes and hamstrings, and slowly lift your upper body off the ground, curling your back upwards. | 3. Pause for a moment at the top, then slowly lower your upper body back down to the starting position. | 4. Repeat for the desired number of repetitions."
"EX-0236";"0236";"Rotação em pé remada (v barra) no cabo";"cable standing twist row (v-bar)";"Costas";"Cabo";"Costas superiores";"bíceps, ombros";"Sem sprites; sem mapeamento de animação";"";"0236-cable-standing-twist-row-v-bar";"1. Attach a v-bar attachment to a cable machine at chest height. | 2. Stand facing the cable machine with your feet shoulder-width apart. | 3. Grasp the v-bar with an overhand grip, palms facing down. | 4. Take a step back to create tension in the cable. | 5. Keep your back straight and core engaged throughout the exercise. | 6. Pull the v-bar towards your torso by retracting your shoulder blades and bending your elbows. | 7. As you pull, twist your torso to one side, squeezing your shoulder blades together. | 8. Pause for a moment at the top of the movement, feeling the contraction in your upper back. | 9. Slowly release the tension and return to the starting position, untwisting your torso. | 10. Repeat the movement for the desired number of repetitions, alternating the twisting direction with each rep."
"EX-0199";"0199";"Tríceps na polia (com braços estendidos) versão 2 no cabo";"cable pushdown (straight arm) v. 2";"Costas";"Cabo";"Dorsais";"tríceps, ombros";"Sem sprites; sem mapeamento de animação";"";"0199-cable-pushdown-straight-arm-v-2";"1. Attach a straight bar to a high pulley cable machine. | 2. Stand facing the machine with your feet shoulder-width apart and a slight bend in your knees. | 3. Grasp the bar with an overhand grip, keeping your arms straight and your palms facing down. | 4. Engage your core and keep your back straight as you exhale and push the bar down towards your thighs. | 5. Pause for a moment at the bottom, then slowly return the bar to the starting position while inhaling. | 6. Repeat for the desired number of repetitions."
"EX-1355";"1355";"Unilateral contra parede";"one arm against wall";"Costas";"Peso corporal";"Dorsais";"ombros, tríceps";"Sem sprites; sem mapeamento de animação";"";"1355-one-arm-against-wall";"1. Stand facing a wall with your feet shoulder-width apart. | 2. Extend one arm straight out in front of you and place your palm against the wall. | 3. Engage your core and lean your body forward, keeping your arm straight and your back flat. | 4. Slowly push against the wall with your palm, activating your lat muscles. | 5. Hold the position for a few seconds, then release and repeat with the other arm."
"EX-3305";"3305";"Agachamento com desenvolvimento com barra";"barbell thruster";"Ombros";"Barra";"Deltoides";"quadríceps, glúteos, isquiotibiais, core";"Sem sprites; sem mapeamento de animação";"";"3305-barbell-thruster";"1. Start by standing with your feet shoulder-width apart, holding a barbell at shoulder height with an overhand grip. | 2. Lower into a squat position by bending your knees and pushing your hips back. | 3. As you reach the bottom of the squat, explosively drive through your heels to stand up, simultaneously pressing the barbell overhead. | 4. Lower the barbell back to shoulder height as you lower back into the squat position. | 5. Repeat for the desired number of repetitions."
"EX-0550";"0550";"Agachamento com desenvolvimento com kettlebell";"kettlebell thruster";"Ombros";"Kettlebell";"Deltoides";"quadríceps, glúteos, core";"Sem sprites; sem mapeamento de animação";"";"0550-kettlebell-thruster";"1. Start by standing with your feet shoulder-width apart, holding a kettlebell in front of your chest with both hands, palms facing each other. | 2. Lower into a squat position by bending your knees and pushing your hips back, keeping your chest up and your back straight. | 3. As you reach the bottom of the squat, explosively drive through your heels to stand up, simultaneously pressing the kettlebell overhead. | 4. Lock out your arms at the top of the movement, fully extending your elbows. | 5. Lower the kettlebell back to the starting position by reversing the movement, bending your elbows and lowering the weight back to your chest. | 6. Repeat for the desired number of repetitions."
"EX-3641";"3641";"Ajoelhado passo com balanço com peso adicional";"weighted kneeling step with swing";"Ombros";"Com carga";"Deltoides";"tríceps, core";"Sem sprites; sem mapeamento de animação";"";"3641-weighted-kneeling-step-with-swing";"1. Start in a kneeling position with your knees hip-width apart and your back straight. | 2. Hold a weight in each hand, with your arms extended straight down in front of you. | 3. Engage your core and swing the weights up and overhead, keeping your arms straight. | 4. Lower the weights back down to the starting position and repeat for the desired number of repetitions."
"EX-0529";"0529";"Arranco duplo com kettlebell";"kettlebell double snatch";"Ombros";"Kettlebell";"Deltoides";"trapézio, antebraços, core";"Sem sprites; sem mapeamento de animação";"";"0529-kettlebell-double-snatch";"1. Stand with your feet shoulder-width apart, holding a kettlebell in each hand at arm's length in front of your thighs. | 2. Bend your knees slightly and hinge forward at the hips, keeping your back flat and chest up. | 3. In one explosive motion, extend your hips, knees, and ankles, and simultaneously pull the kettlebells up towards your shoulders. | 4. As the kettlebells reach shoulder level, rotate your wrists and punch the kettlebells overhead, fully extending your arms. | 5. Lower the kettlebells back down to the starting position and repeat for the desired number of repetitions."
"EX-0067";"0067";"Arranco unilateral com barra";"barbell one arm snatch";"Ombros";"Barra";"Deltoides";"trapézios, antebraços, core";"Sem sprites; sem mapeamento de animação";"";"0067-barbell-one-arm-snatch";"1. Stand with your feet shoulder-width apart, toes pointing slightly outwards. | 2. Hold the barbell with an overhand grip, hands slightly wider than shoulder-width apart. | 3. Bend your knees and lower your hips into a squat position, keeping your back straight and chest up. | 4. Explosively extend your hips, knees, and ankles, driving the barbell upwards. | 5. As the barbell reaches chest level, pull it upwards with your arm, keeping it close to your body. | 6. Rotate your elbow under the barbell and extend your arm fully overhead, locking out your elbow. | 7. Lower the barbell back down to the starting position in a controlled manner. | 8. Repeat for the desired number of repetitions, then switch arms."
"EX-0542";"0542";"Arranco unilateral com kettlebell";"kettlebell one arm snatch";"Ombros";"Kettlebell";"Deltoides";"trapézio, antebraços, core";"Sem sprites; sem mapeamento de animação";"";"0542-kettlebell-one-arm-snatch";"1. Stand with your feet shoulder-width apart, holding a kettlebell in one hand between your legs. | 2. Bend your knees slightly and hinge at the hips, lowering the kettlebell towards the ground. | 3. Explosively extend your hips and knees, using the momentum to swing the kettlebell up towards your shoulder. | 4. As the kettlebell reaches shoulder height, rotate your hand and punch it straight up overhead, fully extending your arm. | 5. Lower the kettlebell back down between your legs and repeat for the desired number of repetitions."
"EX-0844";"0844";"Circular braço com peso adicional";"weighted round arm";"Ombros";"Com carga";"Deltoides";"tríceps, costas superiores";"Sem sprites; sem mapeamento de animação";"";"0844-weighted-round-arm";"1. Stand with your feet shoulder-width apart and hold a dumbbell in each hand. | 2. Bend your knees slightly and hinge forward at the hips, keeping your back straight. | 3. Raise your arms out to the sides, keeping a slight bend in your elbows. | 4. Continue lifting your arms until they are parallel to the ground. | 5. Pause for a moment at the top, then slowly lower your arms back down to the starting position. | 6. Repeat for the desired number of repetitions."
"EX-0128";"0128";"Cordas navais";"battling ropes";"Ombros";"Corda";"Deltoides";"antebraços, core";"Sem sprites; sem mapeamento de animação";"";"0128-battling-ropes";"1. Stand with your feet shoulder-width apart and knees slightly bent. | 2. Hold one end of the rope in each hand, with your palms facing each other. | 3. Raise your arms to shoulder height, keeping your elbows slightly bent. | 4. Begin making alternating waves with the ropes by rapidly raising and lowering each arm. | 5. Continue for the desired duration or number of repetitions."
"EX-0154";"0154";"Crucifixo cruzado sobre invertido no cabo";"cable cross-over revers fly";"Ombros";"Cabo";"Deltoides";"romboides, trapézio";"Sem sprites; sem mapeamento de animação";"";"0154-cable-cross-over-revers-fly";"1. Attach a D-handle to each low pulley cable and stand in the middle of the cable crossover machine. | 2. Grasp the handles with a pronated grip (palms facing down) and take a step forward, positioning your feet shoulder-width apart. | 3. Bend your knees slightly and lean forward at the waist, keeping your back straight and your abs engaged. | 4. With your arms extended out to the sides and slightly bent at the elbows, exhale and squeeze your shoulder blades together as you pull the cables back and upward in a reverse fly motion. | 5. Pause for a moment at the peak contraction, then inhale and slowly return to the starting position. | 6. Repeat for the desired number of repetitions."
"EX-0993";"0993";"Crucifixo inverso com faixa elástica";"band reverse fly";"Ombros";"Faixa elástica";"Deltoides";"costas superiores, trapézio";"Sem sprites; sem mapeamento de animação";"";"0993-band-reverse-fly";"1. Attach the band to a stationary object at chest height. | 2. Stand with your feet shoulder-width apart and hold the band with both hands in front of you. | 3. Keep your arms straight and lift them out to the sides until they are parallel to the ground. | 4. Squeeze your shoulder blades together at the top of the movement. | 5. Slowly lower your arms back to the starting position. | 6. Repeat for the desired number of repetitions."
"EX-0383";"0383";"Crucifixo inverso com halteres";"dumbbell reverse fly";"Ombros";"Haltere";"Deltoides";"trapézio, romboides";"Sem sprites; sem mapeamento de animação";"";"0383-dumbbell-reverse-fly";"1. Stand with your feet shoulder-width apart and hold a dumbbell in each hand. | 2. Bend your knees slightly and hinge forward at the hips, keeping your back straight. | 3. Extend your arms straight down in front of you, palms facing each other. | 4. Keeping a slight bend in your elbows, raise your arms out to the sides until they are parallel to the ground. | 5. Pause for a moment at the top, then slowly lower your arms back down to the starting position. | 6. Repeat for the desired number of repetitions."
"EX-0386";"0386";"Crucifixo inverso rotação com halteres";"dumbbell rotation reverse fly";"Ombros";"Haltere";"Deltoides";"trapézio, romboides";"Sem sprites; sem mapeamento de animação";"";"0386-dumbbell-rotation-reverse-fly";"1. Stand with your feet shoulder-width apart and hold a dumbbell in each hand, palms facing inwards. | 2. Bend your knees slightly and hinge forward at the hips, keeping your back straight and chest up. | 3. Raise your arms out to the sides, keeping a slight bend in your elbows, until they are parallel to the floor. | 4. Rotate your arms so that your palms are facing downwards. | 5. Slowly lower your arms back to the starting position. | 6. Repeat for the desired number of repetitions."
"EX-0601";"0601";"Crucifixo inverso sentado (com pegada paralela) na máquina articulada";"lever seated reverse fly (parallel grip)";"Ombros";"Máquina articulada";"Deltoides";"trapézio, romboides";"Sem sprites; sem mapeamento de animação";"";"0601-lever-seated-reverse-fly-parallel-grip";"1. Adjust the seat height and position yourself on the machine with your chest against the pad and your feet flat on the floor. | 2. Grasp the handles with a parallel grip, palms facing each other, and keep your arms slightly bent. | 3. Exhale and squeeze your shoulder blades together as you pull the handles back and outward, away from your body. | 4. Pause for a moment at the peak contraction, then inhale and slowly return to the starting position. | 5. Repeat for the desired number of repetitions."
"EX-0602";"0602";"Crucifixo inverso sentado na máquina articulada";"lever seated reverse fly";"Ombros";"Máquina articulada";"Deltoides";"trapézio, romboides";"Sem sprites; slug já reservado";"reverse-pec-deck";"0602-reverse-pec-deck";"1. Adjust the seat height and position yourself on the machine with your chest against the pad and your feet flat on the floor. | 2. Grasp the handles with an overhand grip and keep your arms slightly bent. | 3. Exhale and squeeze your shoulder blades together as you pull the handles back and outward, away from your body. | 4. Pause for a moment at the peak contraction, then inhale and slowly return to the starting position. | 5. Repeat for the desired number of repetitions."
"EX-0240";"0240";"Crucifixo inverso supino no cabo";"cable supine reverse fly";"Ombros";"Cabo";"Deltoides";"trapézio, romboides";"Sem sprites; sem mapeamento de animação";"";"0240-cable-supine-reverse-fly";"1. Attach a D-handle to a low pulley cable machine and lie face down on a flat bench. | 2. Grasp the D-handle with each hand, palms facing down, and extend your arms straight out in front of you. | 3. Keeping your arms straight, raise them out to the sides until they are parallel to the floor. | 4. Pause for a moment at the top, then slowly lower your arms back down to the starting position. | 5. Repeat for the desired number of repetitions."
"EX-0359";"0359";"Crucifixo inverso unilateral (com apoio) com halteres";"dumbbell one arm reverse fly (with support)";"Ombros";"Haltere";"Deltoides";"trapézio, romboides";"Sem sprites; sem mapeamento de animação";"";"0359-dumbbell-one-arm-reverse-fly-with-support";"1. Sit on a bench with your feet flat on the ground and your back straight. | 2. Hold a dumbbell in one hand with your palm facing inwards. | 3. Lean forward and place your free hand on the bench for support. | 4. Keep your arm slightly bent and raise it out to the side until it is parallel to the ground. | 5. Pause for a moment at the top, then slowly lower your arm back down to the starting position. | 6. Repeat for the desired number of repetitions, then switch arms."
"EX-0341";"0341";"Deitado unilateral deltoide posterior com halteres";"dumbbell lying one arm deltoid rear";"Ombros";"Haltere";"Deltoides";"trapézio, romboides";"Sem sprites; sem mapeamento de animação";"";"0341-dumbbell-lying-one-arm-deltoid-rear";"1. Lie face down on a flat bench with a dumbbell in one hand, palm facing inwards. | 2. Extend your arm straight down towards the floor, keeping it close to your body. | 3. Raise your arm up and back, squeezing your shoulder blade towards your spine. | 4. Pause for a moment at the top, then slowly lower your arm back down to the starting position. | 5. Repeat for the desired number of repetitions, then switch arms."
"EX-0520";"0520";"Desenvolvimento alternado com kettlebell";"kettlebell alternating press";"Ombros";"Kettlebell";"Deltoides";"tríceps, core";"Sem sprites; sem mapeamento de animação";"";"0520-kettlebell-alternating-press";"1. Stand with your feet shoulder-width apart, holding a kettlebell in each hand at shoulder height. | 2. Press one kettlebell overhead, fully extending your arm. | 3. Lower the kettlebell back to shoulder height. | 4. Repeat with the other arm. | 5. Continue alternating arms for the desired number of repetitions."
"EX-0286";"0286";"Desenvolvimento alternado lateral com halteres";"dumbbell alternate side press";"Ombros";"Haltere";"Deltoides";"tríceps, core";"Sem sprites; sem mapeamento de animação";"";"0286-dumbbell-alternate-side-press";"1. Stand with your feet shoulder-width apart, holding a dumbbell in each hand at shoulder height. | 2. Press one dumbbell overhead while keeping the other dumbbell at shoulder height. | 3. Lower the pressed dumbbell back to shoulder height while pressing the other dumbbell overhead. | 4. Continue alternating sides for the desired number of repetitions."
"EX-0445";"0445";"Desenvolvimento anti gravidade com barra W";"ez barbell anti gravity press";"Ombros";"Barra EZ";"Deltoides";"tríceps, peito";"Sem sprites; sem mapeamento de animação";"";"0445-ez-barbell-anti-gravity-press";"1. Start by standing with your feet shoulder-width apart and holding the ez barbell with an overhand grip. | 2. Raise the barbell to shoulder height, keeping your elbows slightly bent and your palms facing forward. | 3. Press the barbell overhead, extending your arms fully. | 4. Lower the barbell back to shoulder height and repeat for the desired number of repetitions."
"EX-0523";"0523";"Desenvolvimento arnold com kettlebell";"kettlebell arnold press";"Ombros";"Kettlebell";"Deltoides";"tríceps, costas superiores";"Sem sprites; sem mapeamento de animação";"";"0523-kettlebell-arnold-press";"1. Stand with your feet shoulder-width apart, holding a kettlebell in each hand at shoulder height with your palms facing towards you. | 2. Engage your core and press the kettlebells overhead, rotating your palms to face forward as you extend your arms. | 3. Pause at the top of the movement, then slowly lower the kettlebells back to the starting position. | 4. Repeat for the desired number of repetitions."
"EX-0287";"0287";"Desenvolvimento arnold versão 2 com halteres";"dumbbell arnold press v. 2";"Ombros";"Haltere";"Deltoides";"tríceps, peito superior";"Sem sprites; sem mapeamento de animação";"";"0287-dumbbell-arnold-press-v-2";"1. Sit on a bench with back support and hold a dumbbell in each hand at shoulder level, palms facing your body and elbows bent. | 2. Press the dumbbells upward until your arms are fully extended and your palms are facing forward. | 3. Rotate your wrists as you lift, so that your palms end up facing forward at the top of the movement. | 4. Pause for a moment at the top, then slowly lower the dumbbells back to the starting position. | 5. Repeat for the desired number of repetitions."
"EX-0747";"0747";"Desenvolvimento atrás da cabeça no aparelho Smith";"smith behind neck press";"Ombros";"Máquina Smith";"Deltoides";"tríceps, costas superiores";"Sem sprites; sem mapeamento de animação";"";"0747-smith-behind-neck-press";"1. Adjust the seat height of the smith machine so that the bar is at shoulder level. | 2. Stand with your feet shoulder-width apart and your knees slightly bent. | 3. Grasp the bar with an overhand grip, slightly wider than shoulder-width apart. | 4. Lift the bar off the rack and step back, maintaining a stable stance. | 5. Lower the bar down to the back of your neck, keeping your elbows pointing forward. | 6. Press the bar up overhead until your arms are fully extended. | 7. Pause for a moment at the top, then slowly lower the bar back down to the starting position. | 8. Repeat for the desired number of repetitions."
"EX-0290";"0290";"Desenvolvimento banco sentado com halteres";"dumbbell bench seated press";"Ombros";"Haltere";"Deltoides";"tríceps, peito";"Sem sprites; sem mapeamento de animação";"";"0290-dumbbell-bench-seated-press";"1. Sit on a bench with a dumbbell in each hand, resting on your thighs. | 2. Lean back and position the dumbbells to the sides of your chest, palms facing forward. | 3. Press the dumbbells upward until your arms are fully extended. | 4. Pause for a moment at the top, then slowly lower the dumbbells back to the starting position. | 5. Repeat for the desired number of repetitions."
"EX-1012";"1012";"Desenvolvimento com rotação acima da cabeça com faixa elástica";"band twisting overhead press";"Ombros";"Faixa elástica";"Deltoides";"tríceps, costas superiores";"Sem sprites; sem mapeamento de animação";"";"1012-band-twisting-overhead-press";"1. Stand with your feet shoulder-width apart and place the band under your feet. | 2. Hold the band handles at shoulder height with your palms facing forward. | 3. Engage your core and press the band overhead, fully extending your arms. | 4. As you press, twist your torso to one side, keeping your hips stable. | 5. Pause for a moment at the top, then return to the starting position. | 6. Repeat the press and twist on the opposite side. | 7. Continue alternating sides for the desired number of repetitions."
"EX-0299";"0299";"Desenvolvimento cuban com halteres";"dumbbell cuban press";"Ombros";"Haltere";"Deltoides";"tríceps, costas superiores";"Sem sprites; sem mapeamento de animação";"";"0299-dumbbell-cuban-press";"1. Stand with your feet shoulder-width apart, holding a dumbbell in each hand at shoulder height with your palms facing down. | 2. Keeping your core engaged and your elbows slightly bent, press the dumbbells up and overhead until your arms are fully extended. | 3. Rotate your wrists so that your palms are facing forward. | 4. Slowly lower the dumbbells back to the starting position, rotating your wrists back to the starting position as you do so. | 5. Repeat for the desired number of repetitions."
"EX-2136";"2136";"Desenvolvimento cuban versão 2 com halteres";"dumbbell cuban press v. 2";"Ombros";"Haltere";"Deltoides";"tríceps, costas superiores";"Sem sprites; sem mapeamento de animação";"";"2136-dumbbell-cuban-press-v-2";"1. Stand with your feet shoulder-width apart, holding a dumbbell in each hand at shoulder height with your palms facing down. | 2. Keeping your core engaged and your back straight, press the dumbbells straight up overhead until your arms are fully extended. | 3. Rotate your wrists so that your palms are facing forward. | 4. Lower the dumbbells back down to shoulder height, rotating your wrists back to the starting position. | 5. Repeat for the desired number of repetitions."
"EX-0148";"0148";"Desenvolvimento de ombros alternado no cabo";"cable alternate shoulder press";"Ombros";"Cabo";"Deltoides";"tríceps, costas superiores";"Sem sprites; sem mapeamento de animação";"";"0148-cable-alternate-shoulder-press";"1. Stand with your feet shoulder-width apart and grasp the handles of the cable machine with an overhand grip. | 2. Position your hands at shoulder height, with your palms facing forward. | 3. Keep your core engaged and your back straight. | 4. Press one handle up and forward until your arm is fully extended. | 5. Pause for a moment at the top, then slowly lower the handle back to the starting position. | 6. Repeat with the other arm. | 7. Alternate between arms for the desired number of repetitions."
"EX-0997";"0997";"Desenvolvimento de ombros com faixa elástica";"band shoulder press";"Ombros";"Faixa elástica";"Deltoides";"tríceps, costas superiores";"Sem sprites; sem mapeamento de animação";"";"0997-band-shoulder-press";"1. Stand with your feet shoulder-width apart and place the band under your feet. | 2. Hold the band with your palms facing forward and raise your hands to shoulder height, elbows bent. | 3. Press the band overhead, fully extending your arms. | 4. Pause for a moment at the top, then slowly lower the band back to shoulder height. | 5. Repeat for the desired number of repetitions."
"EX-0766";"0766";"Desenvolvimento de ombros no aparelho Smith";"smith shoulder press";"Ombros";"Máquina Smith";"Deltoides";"tríceps, costas superiores";"Sem sprites; sem mapeamento de animação";"";"0766-smith-shoulder-press";"1. Adjust the seat height and position yourself on the smith machine with your feet shoulder-width apart. | 2. Grasp the bar with an overhand grip, slightly wider than shoulder-width apart. | 3. Lift the bar off the rack and position it at shoulder level, with your elbows bent and palms facing forward. | 4. Press the bar upward until your arms are fully extended overhead. | 5. Pause for a moment at the top, then slowly lower the bar back down to shoulder level. | 6. Repeat for the desired number of repetitions."
"EX-0219";"0219";"Desenvolvimento de ombros no cabo";"cable shoulder press";"Ombros";"Cabo";"Deltoides";"tríceps, costas superiores";"Sem sprites; sem mapeamento de animação";"";"0219-cable-shoulder-press";"1. Adjust the cable machine so that the handles are at shoulder height. | 2. Stand facing away from the machine with your feet shoulder-width apart. | 3. Grasp the handles with an overhand grip and bring them up to shoulder level, with your elbows bent and pointing outwards. | 4. Press the handles upwards until your arms are fully extended overhead. | 5. Pause for a moment at the top, then slowly lower the handles back down to shoulder level. | 6. Repeat for the desired number of repetitions."
"EX-0404";"0404";"Desenvolvimento de ombros sentado (com pegada paralela) com halteres";"dumbbell seated shoulder press (parallel grip)";"Ombros";"Haltere";"Deltoides";"tríceps, costas superiores";"Sem sprites; sem mapeamento de animação";"";"0404-dumbbell-seated-shoulder-press-parallel-grip";"1. Sit on a bench with a dumbbell in each hand, palms facing inward. | 2. Raise the dumbbells to shoulder height, elbows bent and palms facing forward. | 3. Press the dumbbells upward until your arms are fully extended overhead. | 4. Pause for a moment at the top, then slowly lower the dumbbells back to shoulder height. | 5. Repeat for the desired number of repetitions."
"EX-3122";"3122";"Desenvolvimento de ombros sentado com faixa elástica";"resistance band seated shoulder press";"Ombros";"Faixa de resistência";"Deltoides";"tríceps, costas superiores";"Sem sprites; sem mapeamento de animação";"";"3122-resistance-band-seated-shoulder-press";"1. Sit on a chair or bench with your back straight and feet flat on the ground. | 2. Hold the resistance band with both hands, palms facing forward, and bring it up to shoulder level. | 3. Press the band overhead, extending your arms fully. | 4. Pause for a moment at the top, then slowly lower the band back down to shoulder level. | 5. Repeat for the desired number of repetitions."
"EX-0765";"0765";"Desenvolvimento de ombros sentado no aparelho Smith";"smith seated shoulder press";"Ombros";"Máquina Smith";"Deltoides";"tríceps, costas superiores";"Sem sprites; sem mapeamento de animação";"";"0765-smith-seated-shoulder-press";"1. Adjust the seat height so that the handles are at shoulder level. | 2. Sit on the machine with your back against the pad and your feet flat on the floor. | 3. Grasp the handles with an overhand grip and lift them off the supports, extending your arms fully. | 4. Lower the handles down to shoulder level, keeping your elbows slightly bent. | 5. Press the handles up overhead until your arms are fully extended. | 6. Pause for a moment at the top, then slowly lower the handles back down to shoulder level. | 7. Repeat for the desired number of repetitions."
"EX-0361";"0361";"Desenvolvimento de ombros unilateral com halteres";"dumbbell one arm shoulder press";"Ombros";"Haltere";"Deltoides";"tríceps, costas superiores";"Sem sprites; sem mapeamento de animação";"";"0361-dumbbell-one-arm-shoulder-press";"1. Stand with your feet shoulder-width apart and hold a dumbbell in one hand at shoulder level, palm facing forward. | 2. Press the dumbbell upward until your arm is fully extended overhead. | 3. Pause for a moment at the top, then slowly lower the dumbbell back to the starting position. | 4. Repeat for the desired number of repetitions, then switch to the other arm."
"EX-0590";"0590";"Desenvolvimento de ombros unilateral na máquina articulada";"lever one arm shoulder press";"Ombros";"Máquina articulada";"Deltoides";"tríceps, costas superiores";"Sem sprites; sem mapeamento de animação";"";"0590-lever-one-arm-shoulder-press";"1. Adjust the seat height and position yourself on the machine with your back against the pad. | 2. Grasp the lever handle with one hand and position your elbow at a 90-degree angle. | 3. Press the lever upward until your arm is fully extended overhead. | 4. Pause for a moment at the top, then slowly lower the lever back down to the starting position. | 5. Repeat for the desired number of repetitions, then switch to the other arm."
"EX-0360";"0360";"Desenvolvimento de ombros unilateral versão 2 com halteres";"dumbbell one arm shoulder press v. 2";"Ombros";"Haltere";"Deltoides";"tríceps, costas superiores";"Sem sprites; sem mapeamento de animação";"";"0360-dumbbell-one-arm-shoulder-press-v-2";"1. Stand with your feet shoulder-width apart and hold a dumbbell in one hand at shoulder level, palm facing forward. | 2. Engage your core and press the dumbbell straight up overhead, fully extending your arm. | 3. Pause for a moment at the top, then slowly lower the dumbbell back to shoulder level. | 4. Repeat for the desired number of repetitions, then switch to the other arm."
"EX-0869";"0869";"Desenvolvimento de ombros versão 2 na máquina articulada";"lever shoulder press v. 2";"Ombros";"Máquina articulada";"Deltoides";"tríceps, peito";"Sem sprites; sem mapeamento de animação";"";"0869-lever-shoulder-press-v-2";"1. Adjust the seat height and backrest of the leverage machine to a comfortable position. | 2. Sit on the machine with your back against the backrest and your feet flat on the floor. | 3. Grasp the handles of the machine with an overhand grip, slightly wider than shoulder-width apart. | 4. Push the handles upward and forward until your arms are fully extended, but not locked. | 5. Pause for a moment at the top, then slowly lower the handles back down to the starting position. | 6. Repeat for the desired number of repetitions."
"EX-2318";"2318";"Desenvolvimento de ombros versão 3 na máquina articulada";"lever shoulder press v. 3";"Ombros";"Máquina articulada";"Deltoides";"tríceps, peito";"Sem sprites; sem mapeamento de animação";"";"2318-lever-shoulder-press-v-3";"1. Adjust the seat height and backrest of the leverage machine to a comfortable position. | 2. Sit on the machine with your back against the backrest and your feet flat on the floor. | 3. Grasp the handles of the machine with an overhand grip, slightly wider than shoulder-width apart. | 4. Push the handles upward and forward until your arms are fully extended, but not locked. | 5. Pause for a moment at the top, then slowly lower the handles back down to the starting position. | 6. Repeat for the desired number of repetitions."
"EX-0528";"0528";"Desenvolvimento duplo empurrada com kettlebell";"kettlebell double push press";"Ombros";"Kettlebell";"Deltoides";"tríceps, core";"Sem sprites; sem mapeamento de animação";"";"0528-kettlebell-double-push-press";"1. Start by standing with your feet shoulder-width apart, holding a kettlebell in each hand at shoulder height. | 2. Bend your knees slightly and engage your core. | 3. Initiate the movement by explosively extending your hips, knees, and ankles, driving the kettlebells overhead. | 4. As the kettlebells reach the top, press them fully overhead, locking out your arms. | 5. Lower the kettlebells back to the starting position by bending your elbows and bringing them back down to shoulder height. | 6. Repeat for the desired number of repetitions."
"EX-0426";"0426";"Desenvolvimento em pé acima da cabeça com halteres";"dumbbell standing overhead press";"Ombros";"Haltere";"Deltoides";"tríceps, costas superiores";"Sem sprites; slug já reservado";"standing-dumbbell-press";"0426-standing-dumbbell-press";"1. Stand with your feet shoulder-width apart, holding a dumbbell in each hand at shoulder level with your palms facing forward. | 2. Press the dumbbells upward until your arms are fully extended overhead. | 3. Pause for a moment at the top, then slowly lower the dumbbells back down to shoulder level. | 4. Repeat for the desired number of repetitions."
"EX-0414";"0414";"Desenvolvimento em pé alternado acima da cabeça com halteres";"dumbbell standing alternate overhead press";"Ombros";"Haltere";"Deltoides";"tríceps, core";"Sem sprites; sem mapeamento de animação";"";"0414-dumbbell-standing-alternate-overhead-press";"1. Stand with your feet shoulder-width apart, holding a dumbbell in each hand at shoulder level with your palms facing forward. | 2. Press one dumbbell overhead, fully extending your arm. | 3. Lower the dumbbell back to shoulder level. | 4. Repeat with the other arm. | 5. Continue alternating arms for the desired number of repetitions."
"EX-0788";"0788";"Desenvolvimento em pé atrás da cabeça";"standing behind neck press";"Ombros";"Barra";"Deltoides";"tríceps, costas superiores";"Sem sprites; sem mapeamento de animação";"";"0788-standing-behind-neck-press";"1. Stand with your feet shoulder-width apart and hold the barbell behind your neck with an overhand grip. | 2. Keep your back straight and core engaged. | 3. Press the barbell overhead by extending your arms, fully extending your elbows. | 4. Pause for a moment at the top, then slowly lower the barbell back down to the starting position. | 5. Repeat for the desired number of repetitions."
"EX-0105";"0105";"Desenvolvimento em pé bradford com barra";"barbell standing bradford press";"Ombros";"Barra";"Deltoides";"tríceps, costas superiores";"Sem sprites; sem mapeamento de animação";"";"0105-barbell-standing-bradford-press";"1. Stand with your feet shoulder-width apart and hold the barbell in front of your shoulders with an overhand grip. | 2. Press the barbell overhead, fully extending your arms. | 3. Lower the barbell back down to the starting position. | 4. Repeat for the desired number of repetitions."
"EX-0427";"0427";"Desenvolvimento em pé palmas em com halteres";"dumbbell standing palms in press";"Ombros";"Haltere";"Deltoides";"tríceps, peito";"Sem sprites; sem mapeamento de animação";"";"0427-dumbbell-standing-palms-in-press";"1. Stand with your feet shoulder-width apart, holding a dumbbell in each hand at shoulder level with your palms facing inwards. | 2. Keeping your core engaged and your back straight, press the dumbbells upwards until your arms are fully extended overhead. | 3. Pause for a moment at the top, then slowly lower the dumbbells back to the starting position. | 4. Repeat for the desired number of repetitions."
"EX-0424";"0424";"Desenvolvimento em pé unilateral palma em com halteres";"dumbbell standing one arm palm in press";"Ombros";"Haltere";"Deltoides";"tríceps, core";"Sem sprites; sem mapeamento de animação";"";"0424-dumbbell-standing-one-arm-palm-in-press";"1. Stand with your feet shoulder-width apart, holding a dumbbell in one hand at shoulder height with your palm facing inwards. | 2. Engage your core and keep your back straight. | 3. Press the dumbbell upwards until your arm is fully extended. | 4. Pause for a moment at the top, then slowly lower the dumbbell back to the starting position. | 5. Repeat for the desired number of repetitions, then switch to the other arm."
"EX-1700";"1700";"Desenvolvimento empurrada com halteres";"dumbbell push press";"Ombros";"Haltere";"Deltoides";"tríceps, core";"Sem sprites; sem mapeamento de animação";"";"1700-dumbbell-push-press";"1. Stand with your feet shoulder-width apart, holding a dumbbell in each hand at shoulder level. | 2. Bend your knees slightly and dip your body down, then explosively extend your legs and press the dumbbells overhead. | 3. Lock out your arms at the top of the movement, then lower the dumbbells back to shoulder level. | 4. Repeat for the desired number of repetitions."
"EX-0547";"0547";"Desenvolvimento gangorra com kettlebell";"kettlebell seesaw press";"Ombros";"Kettlebell";"Deltoides";"tríceps, core";"Sem sprites; sem mapeamento de animação";"";"0547-kettlebell-seesaw-press";"1. Stand with your feet shoulder-width apart, holding a kettlebell in each hand at shoulder height. | 2. Press one kettlebell overhead while keeping the other kettlebell at shoulder height. | 3. Lower the pressed kettlebell back to shoulder height while simultaneously pressing the other kettlebell overhead. | 4. Continue alternating the pressing motion, creating a seesaw-like movement. | 5. Repeat for the desired number of repetitions."
"EX-0553";"0553";"Desenvolvimento militar dois braço com kettlebell";"kettlebell two arm military press";"Ombros";"Kettlebell";"Deltoides";"tríceps, costas superiores";"Sem sprites; sem mapeamento de animação";"";"0553-kettlebell-two-arm-military-press";"1. Stand with your feet shoulder-width apart, holding a kettlebell in each hand at shoulder level with your palms facing forward. | 2. Engage your core and press the kettlebells overhead, fully extending your arms. | 3. Pause for a moment at the top, then slowly lower the kettlebells back to the starting position. | 4. Repeat for the desired number of repetitions."
"EX-0772";"0772";"Desenvolvimento militar em pé atrás cabeça no aparelho Smith";"smith standing behind head military press";"Ombros";"Máquina Smith";"Deltoides";"tríceps, costas superiores";"Sem sprites; sem mapeamento de animação";"";"0772-smith-standing-behind-head-military-press";"1. Adjust the seat height of the smith machine so that the bar is at shoulder level. | 2. Stand with your feet shoulder-width apart and your knees slightly bent. | 3. Grasp the bar with an overhand grip, slightly wider than shoulder-width apart. | 4. Lift the bar off the rack and step back, maintaining a stable stance. | 5. Position the bar behind your head, resting on your upper traps. | 6. Keep your core engaged and your chest lifted throughout the exercise. | 7. Press the bar overhead by extending your arms, fully straightening them. | 8. Pause briefly at the top of the movement, then slowly lower the bar back down to the starting position. | 9. Repeat for the desired number of repetitions."
"EX-1456";"1456";"Desenvolvimento militar em pé com pegada fechada com barra";"barbell standing close grip military press";"Ombros";"Barra";"Deltoides";"tríceps, costas superiores";"Sem sprites; sem mapeamento de animação";"";"1456-barbell-standing-close-grip-military-press";"1. Stand with your feet shoulder-width apart and hold the barbell with an overhand grip, hands slightly closer than shoulder-width apart. | 2. Lift the barbell to shoulder height, keeping your elbows close to your body. | 3. Press the barbell overhead, extending your arms fully. | 4. Lower the barbell back to shoulder height. | 5. Repeat for the desired number of repetitions."
"EX-0774";"0774";"Desenvolvimento militar em pé no aparelho Smith";"smith standing military press";"Ombros";"Máquina Smith";"Deltoides";"tríceps, costas superiores";"Sem sprites; sem mapeamento de animação";"";"0774-smith-standing-military-press";"1. Stand with your feet shoulder-width apart and your knees slightly bent. | 2. Grasp the barbell with an overhand grip, slightly wider than shoulder-width apart. | 3. Lift the barbell off the rack and bring it down to shoulder level, with your palms facing forward. | 4. Press the barbell upward until your arms are fully extended overhead. | 5. Pause for a moment at the top, then slowly lower the barbell back down to shoulder level. | 6. Repeat for the desired number of repetitions."
"EX-0587";"0587";"Desenvolvimento militar na máquina articulada";"lever military press";"Ombros";"Máquina articulada";"Deltoides";"tríceps, peito superior";"Sem sprites; sem mapeamento de animação";"";"0587-lever-military-press";"1. Adjust the seat height and position yourself on the machine with your back against the backrest. | 2. Grasp the handles with an overhand grip and position your hands slightly wider than shoulder-width apart. | 3. Push the handles upward until your arms are fully extended, but do not lock your elbows. | 4. Pause for a moment at the top, then slowly lower the handles back down to the starting position. | 5. Repeat for the desired number of repetitions."
"EX-0086";"0086";"Desenvolvimento militar sentado atrás cabeça com barra";"barbell seated behind head military press";"Ombros";"Barra";"Deltoides";"tríceps, costas superiores";"Sem sprites; sem mapeamento de animação";"";"0086-barbell-seated-behind-head-military-press";"1. Sit on a bench with your back straight and feet flat on the ground. | 2. Hold the barbell with an overhand grip, slightly wider than shoulder-width apart. | 3. Lift the barbell off the rack and bring it down to shoulder level, behind your head. | 4. Press the barbell upward until your arms are fully extended. | 5. Lower the barbell back down to the starting position. | 6. Repeat for the desired number of repetitions."
"EX-1438";"1438";"Desenvolvimento militar sentado dois braço com kettlebell";"kettlebell seated two arm military press";"Ombros";"Kettlebell";"Deltoides";"tríceps, costas superiores";"Sem sprites; sem mapeamento de animação";"";"1438-kettlebell-seated-two-arm-military-press";"1. Sit on a bench with your back straight and feet flat on the ground. | 2. Hold a kettlebell in each hand at shoulder level with your palms facing forward. | 3. Press the kettlebells overhead by extending your arms fully. | 4. Pause for a moment at the top, then slowly lower the kettlebells back to shoulder level. | 5. Repeat for the desired number of repetitions."
"EX-0539";"0539";"Desenvolvimento militar unilateral até o lateral com kettlebell";"kettlebell one arm military press to the side";"Ombros";"Kettlebell";"Deltoides";"tríceps, core";"Sem sprites; sem mapeamento de animação";"";"0539-kettlebell-one-arm-military-press-to-the-side";"1. Stand with your feet shoulder-width apart, holding a kettlebell in one hand at shoulder height. | 2. Engage your core and keep your back straight. | 3. Press the kettlebell overhead, extending your arm fully. | 4. Pause for a moment at the top, then slowly lower the kettlebell back to the starting position. | 5. Repeat for the desired number of repetitions, then switch sides."
"EX-2397";"2397";"Desenvolvimento scott com halteres";"dumbbell scott press";"Ombros";"Haltere";"Deltoides";"tríceps, peito";"Sem sprites; sem mapeamento de animação";"";"2397-dumbbell-scott-press";"1. Sit on a bench with a dumbbell in each hand, palms facing forward. | 2. Raise the dumbbells to shoulder height, with your elbows bent and palms facing forward. | 3. Press the dumbbells upward until your arms are fully extended. | 4. Pause for a moment at the top, then slowly lower the dumbbells back to the starting position. | 5. Repeat for the desired number of repetitions."
"EX-0091";"0091";"Desenvolvimento sentado acima da cabeça com barra";"barbell seated overhead press";"Ombros";"Barra";"Deltoides";"tríceps, costas superiores";"Sem sprites; sem mapeamento de animação";"";"0091-barbell-seated-overhead-press";"1. Sit on a bench with your back straight and feet flat on the ground. | 2. Hold the barbell with an overhand grip, slightly wider than shoulder-width apart. | 3. Lift the barbell off the rack and bring it to shoulder level, with your elbows bent and palms facing forward. | 4. Press the barbell overhead by extending your arms fully. | 5. Pause for a moment at the top, then slowly lower the barbell back to shoulder level. | 6. Repeat for the desired number of repetitions."
"EX-0388";"0388";"Desenvolvimento sentado alternado com halteres";"dumbbell seated alternate press";"Ombros";"Haltere";"Deltoides";"tríceps, peito";"Sem sprites; sem mapeamento de animação";"";"0388-dumbbell-seated-alternate-press";"1. Sit on a bench with a dumbbell in each hand, palms facing forward. | 2. Raise the dumbbells to shoulder height, with your elbows bent and palms facing forward. | 3. Press one dumbbell up overhead, fully extending your arm. | 4. Lower the dumbbell back down to shoulder height. | 5. Repeat with the other arm. | 6. Continue alternating arms for the desired number of repetitions."
"EX-0087";"0087";"Desenvolvimento sentado bradford rocky com barra";"barbell seated bradford rocky press";"Ombros";"Barra";"Deltoides";"tríceps, costas superiores";"Sem sprites; sem mapeamento de animação";"";"0087-barbell-seated-bradford-rocky-press";"1. Sit on a bench with your back straight and feet flat on the ground. | 2. Hold the barbell with an overhand grip, slightly wider than shoulder-width apart. | 3. Lift the barbell to shoulder height, keeping your elbows slightly bent and pointing forward. | 4. Press the barbell overhead, fully extending your arms. | 5. Lower the barbell back to shoulder height and repeat for the desired number of repetitions."
"EX-0546";"0546";"Desenvolvimento sentado com kettlebell";"kettlebell seated press";"Ombros";"Kettlebell";"Deltoides";"tríceps, core";"Sem sprites; sem mapeamento de animação";"";"0546-kettlebell-seated-press";"1. Sit on a bench with your back straight and feet flat on the ground. | 2. Hold a kettlebell in each hand at shoulder height, palms facing forward. | 3. Press the kettlebells overhead, fully extending your arms. | 4. Lower the kettlebells back to shoulder height. | 5. Repeat for the desired number of repetitions."
"EX-0540";"0540";"Desenvolvimento unilateral empurrada com kettlebell";"kettlebell one arm push press";"Ombros";"Kettlebell";"Deltoides";"tríceps, core";"Sem sprites; sem mapeamento de animação";"";"0540-kettlebell-one-arm-push-press";"1. Stand with your feet shoulder-width apart, holding a kettlebell in one hand at shoulder level. | 2. Bend your knees slightly and engage your core. | 3. Press the kettlebell overhead by extending your arm and fully extending your legs. | 4. Lower the kettlebell back to the starting position by bending your knees and bringing the kettlebell back to your shoulder. | 5. Repeat for the desired number of repetitions, then switch sides."
"EX-0438";"0438";"Desenvolvimento W com halteres";"dumbbell w-press";"Ombros";"Haltere";"Deltoides";"tríceps, peito";"Sem sprites; sem mapeamento de animação";"";"0438-dumbbell-w-press";"1. Sit on a bench with a dumbbell in each hand, palms facing forward. | 2. Raise the dumbbells to shoulder height, elbows bent and palms facing forward. | 3. Press the dumbbells upward until your arms are fully extended overhead. | 4. Lower the dumbbells back to shoulder height. | 5. Repeat for the desired number of repetitions."
"EX-0552";"0552";"Dois braço clean com kettlebell";"kettlebell two arm clean";"Ombros";"Kettlebell";"Deltoides";"trapézios, antebraços";"Sem sprites; sem mapeamento de animação";"";"0552-kettlebell-two-arm-clean";"1. Stand with your feet shoulder-width apart, holding a kettlebell in front of your thighs with both hands, palms facing towards you. | 2. Bend your knees slightly and hinge at the hips, lowering the kettlebell towards the ground. | 3. Explosively extend your hips and knees, using the momentum to pull the kettlebell up towards your shoulders. | 4. As the kettlebell reaches shoulder height, rotate your wrists and catch the kettlebell in the rack position, with your elbows tucked in and the kettlebell resting on the back of your forearm. | 5. Lower the kettlebell back down to the starting position and repeat for the desired number of repetitions."
"EX-0527";"0527";"Duplo jerk com kettlebell";"kettlebell double jerk";"Ombros";"Kettlebell";"Deltoides";"tríceps, core";"Sem sprites; sem mapeamento de animação";"";"0527-kettlebell-double-jerk";"1. Stand with your feet shoulder-width apart, holding a kettlebell in each hand at shoulder height. | 2. Bend your knees slightly and engage your core. | 3. Press the kettlebells overhead, fully extending your arms. | 4. Bend your knees and quickly drop into a partial squat. | 5. Explosively extend your hips and knees, driving the kettlebells overhead. | 6. Lock out your arms and catch the kettlebells overhead with your knees slightly bent. | 7. Stand up straight and return to the starting position. | 8. Repeat for the desired number of repetitions."
"EX-0376";"0376";"Elevação com halteres";"dumbbell raise";"Ombros";"Haltere";"Deltoides";"trapézios, romboides";"Sem sprites; sem mapeamento de animação";"";"0376-dumbbell-raise";"1. Stand with your feet shoulder-width apart and hold a dumbbell in each hand, palms facing your body. | 2. Keep your back straight and engage your core. | 3. Raise your arms out to the sides until they are parallel to the floor, keeping a slight bend in your elbows. | 4. Pause for a moment at the top, then slowly lower your arms back down to the starting position. | 5. Repeat for the desired number of repetitions."
"EX-2470";"2470";"Elevação deitado no chão deltoide posterior com halteres";"dumbbell lying on floor rear delt raise";"Ombros";"Haltere";"Deltoides";"trapézio, romboides";"Sem sprites; sem mapeamento de animação";"";"2470-dumbbell-lying-on-floor-rear-delt-raise";"1. Lie face down on the floor with a dumbbell in each hand, palms facing each other. | 2. Extend your arms straight out in front of you, keeping a slight bend in your elbows. | 3. Engaging your shoulder muscles, lift your arms up and out to the sides, squeezing your shoulder blades together. | 4. Pause for a moment at the top, then slowly lower your arms back down to the starting position. | 5. Repeat for the desired number of repetitions."
"EX-0075";"0075";"Elevação deltoide posterior com barra";"barbell rear delt raise";"Ombros";"Barra";"Deltoides";"trapézios, romboides";"Sem sprites; sem mapeamento de animação";"";"0075-barbell-rear-delt-raise";"1. Stand with your feet shoulder-width apart and hold a barbell with an overhand grip, palms facing down. | 2. Bend your knees slightly and hinge forward at the hips, keeping your back straight. | 3. Raise the barbell out to the sides, keeping your arms straight, until they are parallel to the ground. | 4. Pause for a moment at the top, then slowly lower the barbell back to the starting position. | 5. Repeat for the desired number of repetitions."
"EX-0415";"0415";"Elevação em pé alternado com halteres";"dumbbell standing alternate raise";"Ombros";"Haltere";"Deltoides";"trapézios, antebraços";"Sem sprites; sem mapeamento de animação";"";"0415-dumbbell-standing-alternate-raise";"1. Stand with your feet shoulder-width apart, holding a dumbbell in each hand with your palms facing your body. | 2. Keep your back straight and your core engaged. | 3. Raise one dumbbell to the side, keeping your arm straight and your palm facing down. | 4. Continue lifting until your arm is parallel to the ground. | 5. Pause for a moment at the top, then slowly lower the dumbbell back to the starting position. | 6. Repeat with the other arm. | 7. Alternate between arms for the desired number of repetitions."
"EX-3542";"3542";"Elevação em T inclinada com halteres";"dumbbell incline t-raise";"Ombros";"Haltere";"Deltoides";"trapézios, romboides";"Sem sprites; sem mapeamento de animação";"";"3542-dumbbell-incline-t-raise";"1. Set an incline bench to a 45-degree angle and sit on it with a dumbbell in each hand, palms facing inwards. | 2. Lean forward and let your arms hang straight down, perpendicular to the floor. | 3. Keeping your arms straight, raise them out to the sides until they are parallel to the floor, forming a 'T' shape with your body. | 4. Pause for a moment at the top, then slowly lower your arms back down to the starting position. | 5. Repeat for the desired number of repetitions."
"EX-0041";"0041";"Elevação frontal com barra";"barbell front raise";"Ombros";"Barra";"Deltoides";"bíceps, tríceps";"Sem sprites; sem mapeamento de animação";"";"0041-barbell-front-raise";"1. Stand with your feet shoulder-width apart and hold a barbell in front of your thighs with an overhand grip. | 2. Keep your arms straight and lift the barbell forward and upward until it reaches shoulder level. | 3. Pause for a moment at the top, then slowly lower the barbell back down to the starting position. | 4. Repeat for the desired number of repetitions."
"EX-0978";"0978";"Elevação frontal com faixa elástica";"band front raise";"Ombros";"Faixa elástica";"Deltoides";"tríceps, costas superiores";"Sem sprites; sem mapeamento de animação";"";"0978-band-front-raise";"1. Stand with your feet shoulder-width apart and hold the band in front of your thighs with your palms facing down. | 2. Keep your arms straight and slowly raise them forward until they are parallel to the ground. | 3. Pause for a moment at the top, then slowly lower your arms back down to the starting position. | 4. Repeat for the desired number of repetitions."
"EX-0419";"0419";"Elevação frontal em pé acima cabeça com halteres";"dumbbell standing front raise above head";"Ombros";"Haltere";"Deltoides";"trapézio, bíceps";"Sem sprites; sem mapeamento de animação";"";"0419-dumbbell-standing-front-raise-above-head";"1. Stand with your feet shoulder-width apart, holding a dumbbell in each hand with an overhand grip. | 2. Keep your arms straight and lift the dumbbells in front of you, raising them above your head. | 3. Pause for a moment at the top, then slowly lower the dumbbells back to the starting position. | 4. Repeat for the desired number of repetitions."
"EX-0107";"0107";"Elevação frontal em pé sobre cabeça com barra";"barbell standing front raise over head";"Ombros";"Barra";"Deltoides";"tríceps, costas superiores";"Sem sprites; sem mapeamento de animação";"";"0107-barbell-standing-front-raise-over-head";"1. Stand with your feet shoulder-width apart, holding a barbell in front of your thighs with an overhand grip. | 2. Keep your back straight and engage your core. | 3. Slowly raise the barbell in front of you, keeping your arms straight and your palms facing down. | 4. Continue lifting until the barbell is slightly above shoulder level. | 5. Pause for a moment at the top, then slowly lower the barbell back down to the starting position. | 6. Repeat for the desired number of repetitions."
"EX-0335";"0335";"Elevação frontal lateral até com halteres";"dumbbell lateral to front raise";"Ombros";"Haltere";"Deltoides";"trapézio, bíceps";"Sem sprites; sem mapeamento de animação";"";"0335-dumbbell-lateral-to-front-raise";"1. Stand with your feet shoulder-width apart, holding a dumbbell in each hand with your palms facing your body. | 2. Keep your back straight and engage your core. | 3. Raise your arms out to the sides until they are parallel to the ground, keeping a slight bend in your elbows. | 4. Pause for a moment at the top, then slowly lower your arms back down to the starting position. | 5. Next, raise your arms in front of you until they are parallel to the ground, again keeping a slight bend in your elbows. | 6. Pause for a moment at the top, then slowly lower your arms back down to the starting position. | 7. Repeat for the desired number of repetitions."
"EX-0164";"0164";"Elevação frontal ombro no cabo";"cable front shoulder raise";"Ombros";"Cabo";"Deltoides";"trapézio, bíceps";"Sem sprites; sem mapeamento de animação";"";"0164-cable-front-shoulder-raise";"1. Stand with your feet shoulder-width apart and grasp the cable handle with an overhand grip. | 2. Keep your back straight and your core engaged. | 3. Raise the cable handle in front of you, keeping your arms straight and your palms facing down. | 4. Continue lifting until your arms are parallel to the floor. | 5. Pause for a moment at the top, then slowly lower the cable handle back to the starting position. | 6. Repeat for the desired number of repetitions."
"EX-0387";"0387";"Elevação frontal sentado alternado com halteres";"dumbbell seated alternate front raise";"Ombros";"Haltere";"Deltoides";"trapézio, bíceps";"Sem sprites; sem mapeamento de animação";"";"0387-dumbbell-seated-alternate-front-raise";"1. Sit on a bench with your back straight and feet flat on the ground. | 2. Hold a dumbbell in each hand with your palms facing your body and arms extended down by your sides. | 3. Keeping your arms straight, raise one dumbbell in front of you until it is parallel to the ground. | 4. Pause for a moment at the top, then slowly lower the dumbbell back down to the starting position. | 5. Repeat with the other arm. | 6. Alternate between arms for the desired number of repetitions."
"EX-0392";"0392";"Elevação frontal sentado com halteres";"dumbbell seated front raise";"Ombros";"Haltere";"Deltoides";"trapézio, bíceps";"Sem sprites; sem mapeamento de animação";"";"0392-dumbbell-seated-front-raise";"1. Sit on a bench with your feet flat on the ground and a dumbbell in each hand, resting on your thighs. | 2. Keep your back straight and core engaged. | 3. Raise the dumbbells in front of you, with your palms facing down, until they are at shoulder level. | 4. Pause for a moment at the top, then slowly lower the dumbbells back down to the starting position. | 5. Repeat for the desired number of repetitions."
"EX-0309";"0309";"Elevação frontal versão 2 com halteres";"dumbbell front raise v. 2";"Ombros";"Haltere";"Deltoides";"trapézio, bíceps";"Sem sprites; sem mapeamento de animação";"";"0309-dumbbell-front-raise-v-2";"1. Stand with your feet shoulder-width apart, holding a dumbbell in each hand with your palms facing your thighs. | 2. Keep your back straight and engage your core. | 3. Slowly lift the dumbbells in front of you, with your arms straight, until they are at shoulder level. | 4. Pause for a moment at the top, then slowly lower the dumbbells back down to the starting position. | 5. Repeat for the desired number of repetitions."
"EX-0325";"0325";"Elevação inclinado com halteres";"dumbbell incline raise";"Ombros";"Haltere";"Deltoides";"trapézio, tríceps";"Sem sprites; sem mapeamento de animação";"";"0325-dumbbell-incline-raise";"1. Sit on an incline bench with a dumbbell in each hand, resting on your thighs. | 2. Lean back on the bench and raise the dumbbells to shoulder height, palms facing forward. | 3. Keeping your back against the bench, exhale and raise the dumbbells above your head, fully extending your arms. | 4. Pause for a moment at the top, then inhale and slowly lower the dumbbells back to shoulder height. | 5. Repeat for the desired number of repetitions."
"EX-0977";"0977";"Elevação lateral à frente com faixa elástica";"band front lateral raise";"Ombros";"Faixa elástica";"Deltoides";"trapézios, costas superiores";"Sem sprites; sem mapeamento de animação";"";"0977-band-front-lateral-raise";"1. Stand with your feet shoulder-width apart and hold the band in front of your thighs with your palms facing down. | 2. Keep your arms straight and lift the band up in front of you until your arms are parallel to the ground. | 3. Pause for a moment at the top, then slowly lower the band back down to the starting position. | 4. Repeat for the desired number of repetitions."
"EX-0311";"0311";"Elevação lateral completo can com halteres";"dumbbell full can lateral raise";"Ombros";"Haltere";"Deltoides";"trapézios, manguito rotador";"Sem sprites; sem mapeamento de animação";"";"0311-dumbbell-full-can-lateral-raise";"1. Stand with your feet shoulder-width apart, holding a dumbbell in each hand with your palms facing your body. | 2. Keep your back straight and engage your core. | 3. Raise your arms out to the sides, keeping a slight bend in your elbows, until they are parallel to the ground. | 4. Pause for a moment at the top, then slowly lower your arms back down to the starting position. | 5. Repeat for the desired number of repetitions."
"EX-0348";"0348";"Elevação lateral deitado posterior com halteres";"dumbbell lying rear lateral raise";"Ombros";"Haltere";"Deltoides";"trapézios, romboides";"Sem sprites; sem mapeamento de animação";"";"0348-dumbbell-lying-rear-lateral-raise";"1. Lie face down on a flat bench with a dumbbell in each hand, palms facing each other. | 2. Extend your arms straight down towards the floor, keeping a slight bend in your elbows. | 3. Engaging your shoulder muscles, lift your arms out to the sides until they are parallel to the floor. | 4. Pause for a moment at the top, then slowly lower your arms back down to the starting position. | 5. Repeat for the desired number of repetitions."
"EX-0408";"0408";"Elevação lateral deitado unilateral com halteres";"dumbbell side lying one hand raise";"Ombros";"Haltere";"Deltoides";"trapézio, romboides";"Sem sprites; sem mapeamento de animação";"";"0408-dumbbell-side-lying-one-hand-raise";"1. Lie on your side with your legs extended and your head supported by your arm. | 2. Hold a dumbbell in your top hand with your palm facing down. | 3. Keeping your arm straight, raise the dumbbell up to shoulder height. | 4. Pause for a moment at the top, then slowly lower the dumbbell back down to the starting position. | 5. Repeat for the desired number of repetitions, then switch sides."
"EX-0345";"0345";"Elevação lateral deitado unilateral posterior com halteres";"dumbbell lying one arm rear lateral raise";"Ombros";"Haltere";"Deltoides";"trapézios, romboides";"Sem sprites; sem mapeamento de animação";"";"0345-dumbbell-lying-one-arm-rear-lateral-raise";"1. Lie face down on a flat bench with a dumbbell in one hand, hanging towards the floor. | 2. Keep your arm straight and lift the dumbbell out to the side, away from your body. | 3. Pause for a moment at the top, then slowly lower the dumbbell back down to the starting position. | 4. Repeat for the desired number of repetitions, then switch to the other arm."
"EX-0326";"0326";"Elevação lateral inclinado posterior com halteres";"dumbbell incline rear lateral raise";"Ombros";"Haltere";"Deltoides";"trapézios, romboides";"Sem sprites; sem mapeamento de animação";"";"0326-dumbbell-incline-rear-lateral-raise";"1. Set up an incline bench at a 45-degree angle. | 2. Sit on the bench with your chest against the backrest and hold a dumbbell in each hand. | 3. Extend your arms straight down with your palms facing each other. | 4. Keeping a slight bend in your elbows, raise your arms out to the sides until they are parallel to the ground. | 5. Pause for a moment at the top, then slowly lower your arms back down to the starting position. | 6. Repeat for the desired number of repetitions."
"EX-0323";"0323";"Elevação lateral inclinado unilateral com halteres";"dumbbell incline one arm lateral raise";"Ombros";"Haltere";"Deltoides";"trapézio, tríceps";"Sem sprites; sem mapeamento de animação";"";"0323-dumbbell-incline-one-arm-lateral-raise";"1. Sit on an incline bench with a dumbbell in one hand, resting it on your thigh. | 2. Lean forward and position your upper arm against the inside of your thigh. | 3. Raise the dumbbell to the side, keeping your arm slightly bent and your palm facing down. | 4. Continue lifting until your arm is parallel to the floor. | 5. Pause for a moment at the top, then slowly lower the dumbbell back to the starting position. | 6. Repeat for the desired number of repetitions, then switch to the other arm."
"EX-3237";"3237";"Elevação lateral landmine";"landmine lateral raise";"Ombros";"Barra";"Deltoides";"trapézios, costas superiores";"Sem sprites; sem mapeamento de animação";"";"3237-landmine-lateral-raise";"1. Stand with your feet shoulder-width apart and knees slightly bent. | 2. Hold the barbell with an overhand grip, resting it on the front of your shoulders. | 3. Keeping your core engaged and back straight, lift the barbell up and away from your body, raising it to shoulder height. | 4. Pause for a moment at the top, then slowly lower the barbell back down to the starting position. | 5. Repeat for the desired number of repetitions."
"EX-0379";"0379";"Elevação lateral posterior (com apoio cabeça) com halteres";"dumbbell rear lateral raise (support head)";"Ombros";"Haltere";"Deltoides";"trapézios, romboides";"Sem sprites; sem mapeamento de animação";"";"0379-dumbbell-rear-lateral-raise-support-head";"1. Stand with your feet shoulder-width apart and hold a dumbbell in each hand. | 2. Bend your knees slightly and hinge forward at the hips, keeping your back straight. | 3. Raise your arms out to the sides, keeping a slight bend in your elbows, until they are parallel to the ground. | 4. Pause for a moment at the top, then slowly lower your arms back down to the starting position. | 5. Repeat for the desired number of repetitions."
"EX-0380";"0380";"Elevação lateral posterior com halteres";"dumbbell rear lateral raise";"Ombros";"Haltere";"Deltoides";"trapézios, romboides";"Sem sprites; sem mapeamento de animação";"";"0380-dumbbell-rear-lateral-raise";"1. Stand with your feet shoulder-width apart and hold a dumbbell in each hand, palms facing your body. | 2. Bend your knees slightly and hinge forward at the hips, keeping your back straight and core engaged. | 3. Raise your arms out to the sides, keeping a slight bend in your elbows, until they are parallel to the floor. | 4. Pause for a moment at the top, then slowly lower your arms back down to the starting position. | 5. Repeat for the desired number of repetitions."
"EX-2317";"2317";"Elevação lateral sentado com braços flexionados com halteres";"dumbbell seated bent arm lateral raise";"Ombros";"Haltere";"Deltoides";"trapézio, romboides";"Sem sprites; sem mapeamento de animação";"";"2317-dumbbell-seated-bent-arm-lateral-raise";"1. Sit on a bench with your back straight and feet flat on the ground. | 2. Hold a dumbbell in each hand with your palms facing your body and your arms bent at a 90-degree angle. | 3. Keeping your elbows bent, raise your arms out to the sides until they are parallel to the ground. | 4. Pause for a moment at the top, then slowly lower your arms back down to the starting position. | 5. Repeat for the desired number of repetitions."
"EX-0396";"0396";"Elevação lateral sentado com halteres";"dumbbell seated lateral raise";"Ombros";"Haltere";"Deltoides";"trapézios, costas superiores";"Sem sprites; sem mapeamento de animação";"";"0396-dumbbell-seated-lateral-raise";"1. Sit on a bench with your feet flat on the ground and a dumbbell in each hand, resting on your thighs. | 2. Keep your back straight and core engaged. | 3. Raise the dumbbells to your sides with a slight bend in your elbows, until your arms are parallel to the ground. | 4. Pause for a moment at the top, then slowly lower the dumbbells back down to the starting position. | 5. Repeat for the desired number of repetitions."
"EX-0215";"0215";"Elevação lateral sentado posterior no cabo";"cable seated rear lateral raise";"Ombros";"Cabo";"Deltoides";"trapézios, romboides";"Sem sprites; sem mapeamento de animação";"";"0215-cable-seated-rear-lateral-raise";"1. Sit on a bench facing the cable machine with your feet flat on the ground. | 2. Grasp the cable handles with an overhand grip and extend your arms straight in front of you. | 3. Keeping your arms straight, slowly raise them out to the sides until they are parallel to the floor. | 4. Pause for a moment at the top, then slowly lower your arms back to the starting position. | 5. Repeat for the desired number of repetitions."
"EX-0395";"0395";"Elevação lateral sentado versão 2 com halteres";"dumbbell seated lateral raise v. 2";"Ombros";"Haltere";"Deltoides";"trapézios, tríceps";"Sem sprites; sem mapeamento de animação";"";"0395-dumbbell-seated-lateral-raise-v-2";"1. Sit on a bench with your feet flat on the ground and a dumbbell in each hand, resting on your thighs. | 2. Keep your back straight and core engaged. | 3. Raise the dumbbells to your sides with a slight bend in your elbows, until your arms are parallel to the ground. | 4. Pause for a moment at the top, then slowly lower the dumbbells back down to the starting position. | 5. Repeat for the desired number of repetitions."
"EX-0356";"0356";"Elevação lateral unilateral com apoio com halteres";"dumbbell one arm lateral raise with support";"Ombros";"Haltere";"Deltoides";"trapézio, manguito rotador";"Sem sprites; sem mapeamento de animação";"";"0356-dumbbell-one-arm-lateral-raise-with-support";"1. Stand with your feet shoulder-width apart and hold a dumbbell in one hand, with your palm facing your body. | 2. Place your other hand on a stable surface, such as a bench or wall, for support. | 3. Keep your back straight and engage your core. | 4. Raise the dumbbell out to the side, keeping your arm straight and your palm facing down. | 5. Continue lifting until your arm is parallel to the ground. | 6. Pause for a moment at the top, then slowly lower the dumbbell back down to the starting position. | 7. Repeat for the desired number of repetitions, then switch sides."
"EX-0355";"0355";"Elevação lateral unilateral com halteres";"dumbbell one arm lateral raise";"Ombros";"Haltere";"Deltoides";"trapézio, tríceps";"Sem sprites; sem mapeamento de animação";"";"0355-dumbbell-one-arm-lateral-raise";"1. Stand with your feet shoulder-width apart, holding a dumbbell in one hand with your palm facing your body. | 2. Keep your back straight and your core engaged throughout the exercise. | 3. Raise the dumbbell to the side, keeping your arm straight and your palm facing down. | 4. Continue lifting until your arm is parallel to the ground. | 5. Pause for a moment at the top, then slowly lower the dumbbell back to the starting position. | 6. Repeat for the desired number of repetitions, then switch to the other arm."
"EX-0192";"0192";"Elevação lateral unilateral no cabo";"cable one arm lateral raise";"Ombros";"Cabo";"Deltoides";"trapézios, tríceps";"Sem sprites; sem mapeamento de animação";"";"0192-cable-one-arm-lateral-raise";"1. Stand with your feet shoulder-width apart, facing the cable machine. | 2. Hold the cable handle with one hand, palm facing down, and stand far enough away from the machine so that there is tension on the cable. | 3. Keep your arm straight and slowly raise it out to the side until it is parallel to the ground. | 4. Pause for a moment at the top, then slowly lower your arm back down to the starting position. | 5. Repeat for the desired number of repetitions, then switch sides."
"EX-0161";"0161";"Elevação para a frente no cabo";"cable forward raise";"Ombros";"Cabo";"Deltoides";"tríceps, antebraços";"Sem sprites; sem mapeamento de animação";"";"0161-cable-forward-raise";"1. Stand with your feet shoulder-width apart and your knees slightly bent. | 2. Hold the cable handle with an overhand grip, palms facing down, and your arms fully extended in front of you. | 3. Keeping your arms straight, raise the cable handle up to shoulder level. | 4. Pause for a moment at the top, then slowly lower the cable handle back down to the starting position. | 5. Repeat for the desired number of repetitions."
"EX-1017";"1017";"Elevação y com faixa elástica";"band y-raise";"Ombros";"Faixa elástica";"Deltoides";"trapézios, romboides";"Sem sprites; sem mapeamento de animação";"";"1017-band-y-raise";"1. Stand with your feet shoulder-width apart and hold the band in front of your thighs with your palms facing inwards. | 2. Keep your arms straight and lift them up and out to the sides, forming a 'Y' shape with your body. | 3. Squeeze your shoulder blades together at the top of the movement. | 4. Slowly lower your arms back down to the starting position. | 5. Repeat for the desired number of repetitions."
"EX-2143";"2143";"Em pé ao redor mundo com halteres";"dumbbell standing around world";"Ombros";"Haltere";"Deltoides";"tríceps, antebraços";"Sem sprites; sem mapeamento de animação";"";"2143-dumbbell-standing-around-world";"1. Stand with your feet shoulder-width apart and hold a dumbbell in each hand. | 2. Extend your arms straight out to the sides at shoulder height, palms facing down. | 3. Keeping your arms straight, slowly rotate your arms in a circular motion, bringing the dumbbells in front of your body and then overhead. | 4. Continue the circular motion, bringing the dumbbells back down to the starting position. | 5. Repeat for the desired number of repetitions."
"EX-2271";"2271";"Esquerdo gancho. boxe";"left hook. boxing";"Ombros";"Peso corporal";"Deltoides";"bíceps, tríceps, antebraços";"Sem sprites; sem mapeamento de animação";"";"2271-left-hook-boxing";"1. Stand with your feet shoulder-width apart and your knees slightly bent. | 2. Keep your left hand up to protect your face and your right hand by your chin. | 3. Rotate your hips and pivot on your left foot as you extend your left arm forward in a punching motion. | 4. Twist your torso and engage your core muscles to generate power in the punch. | 5. Snap your arm back to the starting position and repeat for the desired number of repetitions."
"EX-0100";"0100";"Esquiador com barra";"barbell skier";"Ombros";"Barra";"Deltoides";"tríceps, core";"Sem sprites; sem mapeamento de animação";"";"0100-barbell-skier";"1. Stand with your feet shoulder-width apart and hold a barbell in front of your thighs with an overhand grip. | 2. Bend your knees slightly and hinge forward at the hips, keeping your back straight and chest up. | 3. Simultaneously lift the barbell up towards your shoulders while jumping slightly off the ground. | 4. As you reach the top of the movement, quickly reverse the motion and lower the barbell back down to the starting position. | 5. Repeat for the desired number of repetitions."
"EX-0332";"0332";"Ferro cruzado com halteres";"dumbbell iron cross";"Ombros";"Haltere";"Deltoides";"tríceps, peito";"Sem sprites; sem mapeamento de animação";"";"0332-dumbbell-iron-cross";"1. Stand with your feet shoulder-width apart, holding a dumbbell in each hand at your sides. | 2. Raise your arms out to the sides until they are parallel to the ground, forming a T shape with your body. | 3. Pause for a moment, then slowly lower your arms back down to the starting position. | 4. Repeat for the desired number of repetitions."
"EX-0543";"0543";"Pirata superior pernas com kettlebell";"kettlebell pirate supper legs";"Ombros";"Kettlebell";"Deltoides";"tríceps, antebraços";"Sem sprites; sem mapeamento de animação";"";"0543-kettlebell-pirate-supper-legs";"1. Stand with your feet shoulder-width apart, holding a kettlebell in one hand. | 2. Bend your knees slightly and hinge forward at the hips, keeping your back straight. | 3. Raise the kettlebell up to shoulder height, keeping your elbow close to your body. | 4. Extend your arm fully overhead, straightening your elbow. | 5. Lower the kettlebell back down to shoulder height, then return to the starting position. | 6. Repeat for the desired number of repetitions, then switch sides."
"EX-3697";"3697";"Remada ajoelhado deltoide posterior (com corda) (masculino) no cabo";"cable kneeling rear delt row (with rope) (male)";"Ombros";"Cabo";"Deltoides";"trapézio, romboides, bíceps";"Sem sprites; sem mapeamento de animação";"";"3697-cable-kneeling-rear-delt-row-with-rope-male";"1. Attach a rope handle to a low cable pulley and kneel down facing the machine. | 2. Grasp the rope with a neutral grip (palms facing each other) and extend your arms fully in front of you. | 3. Keeping your back straight and core engaged, pull the rope towards your body by retracting your shoulder blades. | 4. Squeeze your shoulder blades together at the end of the movement and hold for a brief pause. | 5. Slowly release the tension and return to the starting position. | 6. Repeat for the desired number of repetitions."
"EX-1765";"1765";"Remada alta (costas pov) com halteres";"dumbbell upright row (back pov)";"Ombros";"Haltere";"Deltoides";"trapézios, bíceps";"Sem sprites; sem mapeamento de animação";"";"1765-dumbbell-upright-row-back-pov";"1. Stand with your feet shoulder-width apart, holding a dumbbell in each hand with an overhand grip. | 2. Let the dumbbells hang in front of your thighs, with your arms fully extended and your palms facing your body. | 3. Keeping your back straight and your core engaged, exhale and lift the dumbbells straight up towards your chin, leading with your elbows. | 4. Continue lifting until the dumbbells are at shoulder height, with your elbows pointing out to the sides. | 5. Pause for a moment at the top, then inhale and slowly lower the dumbbells back down to the starting position. | 6. Repeat for the desired number of repetitions."
"EX-0437";"0437";"Remada alta com halteres";"dumbbell upright row";"Ombros";"Haltere";"Deltoides";"trapézios, bíceps";"Sem sprites; sem mapeamento de animação";"";"0437-dumbbell-upright-row";"1. Stand with your feet shoulder-width apart, holding a dumbbell in each hand with an overhand grip. | 2. Let the dumbbells hang in front of your thighs, with your arms fully extended. | 3. Keeping your back straight and your core engaged, exhale and lift the dumbbells straight up towards your chin, leading with your elbows. | 4. Pause for a moment at the top, then inhale and slowly lower the dumbbells back down to the starting position. | 5. Repeat for the desired number of repetitions."
"EX-0123";"0123";"Remada alta com pegada aberta com barra";"barbell wide-grip upright row";"Ombros";"Barra";"Deltoides";"trapézios, bíceps";"Sem sprites; sem mapeamento de animação";"";"0123-barbell-wide-grip-upright-row";"1. Stand with your feet shoulder-width apart and hold a barbell with an overhand grip, hands wider than shoulder-width apart. | 2. Let the barbell hang in front of your thighs, arms fully extended. | 3. Keeping your back straight, exhale and lift the barbell straight up towards your chin, leading with your elbows. | 4. Pause for a moment at the top, then inhale and slowly lower the barbell back down to the starting position. | 5. Repeat for the desired number of repetitions."
"EX-0775";"0775";"Remada alta no aparelho Smith";"smith upright row";"Ombros";"Máquina Smith";"Deltoides";"trapézios, bíceps";"Sem sprites; sem mapeamento de animação";"";"0775-smith-upright-row";"1. Stand with your feet shoulder-width apart, facing the smith machine. | 2. Grasp the barbell with an overhand grip, hands slightly wider than shoulder-width apart. | 3. Keep your back straight and your core engaged. | 4. Pull the barbell up towards your chin, leading with your elbows. | 5. Pause for a moment at the top, then slowly lower the barbell back down to the starting position. | 6. Repeat for the desired number of repetitions."
"EX-0246";"0246";"Remada alta no cabo";"cable upright row";"Ombros";"Cabo";"Deltoides";"trapézios, bíceps";"Sem sprites; sem mapeamento de animação";"";"0246-cable-upright-row";"1. Stand with your feet shoulder-width apart, knees slightly bent, and hold the cable attachment with an overhand grip. | 2. Keep your back straight and your core engaged throughout the exercise. | 3. Pull the cable attachment straight up towards your chin, leading with your elbows. | 4. Pause for a moment at the top, squeezing your shoulder blades together. | 5. Slowly lower the cable attachment back down to the starting position. | 6. Repeat for the desired number of repetitions."
"EX-0363";"0363";"Remada alta unilateral com halteres";"dumbbell one arm upright row";"Ombros";"Haltere";"Deltoides";"trapézios, bíceps";"Sem sprites; sem mapeamento de animação";"";"0363-dumbbell-one-arm-upright-row";"1. Stand with your feet shoulder-width apart, holding a dumbbell in one hand with an overhand grip. | 2. Let the dumbbell hang at arm's length in front of your thighs, with your palm facing your body. | 3. Keeping your back straight and your core engaged, exhale and lift the dumbbell straight up towards your chin, leading with your elbow. | 4. Pause for a moment at the top, then inhale and slowly lower the dumbbell back down to the starting position. | 5. Repeat for the desired number of repetitions, then switch to the other arm."
"EX-0119";"0119";"Remada alta versão 2 com barra";"barbell upright row v. 2";"Ombros";"Barra";"Deltoides";"trapézios, bíceps";"Sem sprites; sem mapeamento de animação";"";"0119-barbell-upright-row-v-2";"1. Stand with your feet shoulder-width apart and hold a barbell with an overhand grip, hands slightly wider than shoulder-width apart. | 2. Let the barbell hang in front of your thighs, arms fully extended. | 3. Keeping your back straight, exhale and lift the barbell straight up towards your chin, leading with your elbows. | 4. Pause for a moment at the top, then inhale and slowly lower the barbell back down to the starting position. | 5. Repeat for the desired number of repetitions."
"EX-0121";"0121";"Remada alta versão 3 com barra";"barbell upright row v. 3";"Ombros";"Barra";"Deltoides";"trapézios, bíceps";"Sem sprites; sem mapeamento de animação";"";"0121-barbell-upright-row-v-3";"1. Stand with your feet shoulder-width apart and hold a barbell with an overhand grip, hands slightly wider than shoulder-width apart. | 2. Let the barbell hang in front of your thighs, arms fully extended. | 3. Keeping your core engaged and back straight, exhale as you lift the barbell straight up towards your chin, leading with your elbows. | 4. Pause for a moment at the top, then inhale as you slowly lower the barbell back down to the starting position. | 5. Repeat for the desired number of repetitions."
"EX-0377";"0377";"Remada deltoide posterior _ombro com halteres";"dumbbell rear delt row_shoulder";"Ombros";"Haltere";"Deltoides";"trapézio, romboides";"Sem sprites; sem mapeamento de animação";"";"0377-dumbbell-rear-delt-row-shoulder";"1. Stand with your feet shoulder-width apart and knees slightly bent. | 2. Hold a dumbbell in each hand with your palms facing your body. | 3. Bend forward at the waist, keeping your back straight and your core engaged. | 4. Extend your arms straight down towards the floor, with a slight bend in your elbows. | 5. Raise the dumbbells out to the sides, squeezing your shoulder blades together. | 6. Pause for a moment at the top, then slowly lower the dumbbells back to the starting position. | 7. Repeat for the desired number of repetitions."
"EX-0202";"0202";"Remada deltoide posterior (alças) no cabo";"cable rear delt row (stirrups)";"Ombros";"Cabo";"Deltoides";"trapézio, romboides, bíceps";"Sem sprites; sem mapeamento de animação";"";"0202-cable-rear-delt-row-stirrups";"1. Attach a stirrup handle to a low cable pulley and stand facing the machine. | 2. Grasp the handle with your left hand and take a step back with your right foot, positioning your body at a slight angle. | 3. Bend your knees slightly and hinge forward at the hips, keeping your back straight and your core engaged. | 4. With your left arm extended and your palm facing down, pull the handle towards your chest by retracting your shoulder blade. | 5. Pause for a moment at the top of the movement, squeezing your shoulder blade. | 6. Slowly release the handle back to the starting position and repeat for the desired number of repetitions. | 7. Switch sides and repeat the exercise with your right arm."
"EX-0203";"0203";"Remada deltoide posterior (com corda) no cabo";"cable rear delt row (with rope)";"Ombros";"Cabo";"Deltoides";"trapézio, romboides, bíceps";"Sem sprites; sem mapeamento de animação";"";"0203-cable-rear-delt-row-with-rope";"1. Attach a rope handle to a low pulley cable machine. | 2. Stand facing the machine with your feet shoulder-width apart. | 3. Grasp the rope handle with an overhand grip, palms facing each other. | 4. Bend your knees slightly and hinge forward at the hips, keeping your back straight. | 5. Keep your elbows slightly bent and pull the rope towards your chest, squeezing your shoulder blades together. | 6. Pause for a moment at the top of the movement, then slowly release the tension and return to the starting position. | 7. Repeat for the desired number of repetitions."
"EX-0076";"0076";"Remada deltoide posterior com barra";"barbell rear delt row";"Ombros";"Barra";"Deltoides";"trapézio, romboides, bíceps";"Sem sprites; sem mapeamento de animação";"";"0076-barbell-rear-delt-row";"1. Stand with your feet shoulder-width apart and knees slightly bent. | 2. Hold a barbell with an overhand grip, hands slightly wider than shoulder-width apart. | 3. Bend forward at the hips, keeping your back straight and chest up. | 4. Pull the barbell towards your chest, squeezing your shoulder blades together. | 5. Pause for a moment at the top, then slowly lower the barbell back to the starting position. | 6. Repeat for the desired number of repetitions."
"EX-0762";"0762";"Remada deltoide posterior no aparelho Smith";"smith rear delt row";"Ombros";"Máquina Smith";"Deltoides";"trapézio, romboides, bíceps";"Sem sprites; sem mapeamento de animação";"";"0762-smith-rear-delt-row";"1. Adjust the seat height and position yourself on the machine with your chest against the pad and your feet flat on the ground. | 2. Grasp the handles with an overhand grip, slightly wider than shoulder-width apart. | 3. Keep your back straight and your core engaged as you pull the handles towards your chest, squeezing your shoulder blades together. | 4. Pause for a moment at the top of the movement, then slowly release the handles back to the starting position. | 5. Repeat for the desired number of repetitions."
"EX-0233";"0233";"Remada em pé deltoide posterior (com corda) no cabo";"cable standing rear delt row (with rope)";"Ombros";"Cabo";"Deltoides";"trapézio, romboides, bíceps";"Sem sprites; sem mapeamento de animação";"";"0233-cable-standing-rear-delt-row-with-rope";"1. Stand facing a cable machine with your feet shoulder-width apart. | 2. Hold the cable attachment with both hands, palms facing each other, and step back to create tension in the cable. | 3. Keep your back straight and your core engaged. | 4. Pull the cable towards your body, squeezing your shoulder blades together. | 5. Pause for a moment at the peak of the movement, then slowly release the cable back to the starting position. | 6. Repeat for the desired number of repetitions."
"EX-1022";"1022";"Remada em pé deltoide posterior com faixa elástica";"band standing rear delt row";"Ombros";"Faixa elástica";"Deltoides";"trapézio, romboides, bíceps";"Sem sprites; sem mapeamento de animação";"";"1022-band-standing-rear-delt-row";"1. Stand with your feet shoulder-width apart and place the band under your feet. | 2. Hold the band handles with your palms facing each other and your arms extended in front of you. | 3. Bend your knees slightly and hinge forward at the hips, keeping your back straight. | 4. Pull the band towards your chest, squeezing your shoulder blades together. | 5. Pause for a moment at the top, then slowly release the tension and return to the starting position. | 6. Repeat for the desired number of repetitions."
"EX-0863";"0863";"Rotação deitado externa ombro com halteres";"dumbbell lying external shoulder rotation";"Ombros";"Haltere";"Deltoides";"manguito rotador, tríceps";"Sem sprites; sem mapeamento de animação";"";"0863-dumbbell-lying-external-shoulder-rotation";"1. Lie on your side on a flat bench with your upper arm against your side and your elbow bent 90 degrees. | 2. Hold a dumbbell in your hand with your palm facing down. | 3. Keeping your upper arm against your side, slowly rotate your forearm upward as far as possible. | 4. Pause for a moment at the top, then slowly lower your forearm back down to the starting position. | 5. Repeat for the desired number of repetitions, then switch sides."
"EX-0235";"0235";"Rotação em pé ombro externa no cabo";"cable standing shoulder external rotation";"Ombros";"Cabo";"Deltoides";"manguito rotador, trapézio";"Sem sprites; sem mapeamento de animação";"";"0235-cable-standing-shoulder-external-rotation";"1. Stand with your feet shoulder-width apart and your knees slightly bent. | 2. Hold the cable handle with your arm extended in front of you, parallel to the ground. | 3. Keep your elbow slightly bent and your shoulder blades pulled back. | 4. Slowly rotate your arm outward, away from your body, while keeping your elbow in the same position. | 5. Pause for a moment at the end of the movement, then slowly return to the starting position. | 6. Repeat for the desired number of repetitions."
"EX-0216";"0216";"Rotação sentado ombro interna no cabo";"cable seated shoulder internal rotation";"Ombros";"Cabo";"Deltoides";"manguito rotador, tríceps";"Sem sprites; sem mapeamento de animação";"";"0216-cable-seated-shoulder-internal-rotation";"1. Sit on a bench or chair facing the cable machine with your feet flat on the ground. | 2. Hold the cable handle with your arm extended straight out in front of you, parallel to the ground. | 3. Keep your elbow slightly bent and your shoulder blades pulled back and down. | 4. Slowly rotate your arm inward, bringing the cable handle towards the center of your body. | 5. Pause for a moment at the end of the movement, then slowly return to the starting position. | 6. Repeat for the desired number of repetitions, then switch arms."
"EX-0864";"0864";"Rotação vertical ombro externa com halteres";"dumbbell upright shoulder external rotation";"Ombros";"Haltere";"Deltoides";"manguito rotador, trapézio";"Sem sprites; sem mapeamento de animação";"";"0864-dumbbell-upright-shoulder-external-rotation";"1. Stand with your feet shoulder-width apart and hold a dumbbell in each hand with your palms facing your body. | 2. Raise your arms out to the sides until they are parallel to the ground, keeping your elbows slightly bent. | 3. Rotate your arms externally, bringing the dumbbells up towards your head while keeping your elbows in the same position. | 4. Pause for a moment at the top, then slowly lower the dumbbells back to the starting position. | 5. Repeat for the desired number of repetitions."
"EX-3546";"3546";"Sentado alternado ombro com halteres";"dumbbell seated alternate shoulder";"Ombros";"Haltere";"Deltoides";"tríceps, costas superiores";"Sem sprites; sem mapeamento de animação";"";"3546-dumbbell-seated-alternate-shoulder";"1. Sit on a bench with your back straight and feet flat on the ground. | 2. Hold a dumbbell in each hand, palms facing inwards, and raise them to shoulder height. | 3. Press one dumbbell up overhead while keeping the other dumbbell at shoulder height. | 4. Lower the raised dumbbell back to shoulder height while simultaneously pressing the other dumbbell up overhead. | 5. Continue alternating between arms for the desired number of repetitions."
"EX-3548";"3548";"Unilateral acima da cabeça caminhada com halteres";"dumbbell single arm overhead carry";"Ombros";"Haltere";"Deltoides";"trapézios, core";"Sem sprites; sem mapeamento de animação";"";"3548-dumbbell-single-arm-overhead-carry";"1. Stand tall with your feet shoulder-width apart, holding a dumbbell in one hand. | 2. Raise the dumbbell overhead, fully extending your arm. | 3. Engage your core and keep your back straight as you walk forward, maintaining the dumbbell overhead. | 4. Continue walking for the desired distance or time. | 5. Switch hands and repeat the exercise."
"EX-0537";"0537";"Unilateral clean e jerk com kettlebell";"kettlebell one arm clean and jerk";"Ombros";"Kettlebell";"Deltoides";"tríceps, core";"Sem sprites; sem mapeamento de animação";"";"0537-kettlebell-one-arm-clean-and-jerk";"1. Stand with your feet shoulder-width apart, holding a kettlebell in one hand with an overhand grip. | 2. Bend your knees slightly and hinge at the hips, lowering the kettlebell between your legs. | 3. Explosively extend your hips, knees, and ankles, using the momentum to swing the kettlebell up to shoulder height. | 4. As the kettlebell reaches shoulder height, rotate your wrist and punch your hand straight up, locking out your arm overhead. | 5. Lower the kettlebell back down to the starting position and repeat for the desired number of repetitions."
"EX-0538";"0538";"Unilateral jerk com kettlebell";"kettlebell one arm jerk";"Ombros";"Kettlebell";"Deltoides";"tríceps, core";"Sem sprites; sem mapeamento de animação";"";"0538-kettlebell-one-arm-jerk";"1. Stand with your feet shoulder-width apart, holding a kettlebell in one hand at shoulder height. | 2. Bend your knees slightly and engage your core. | 3. Press the kettlebell overhead in a straight line, fully extending your arm. | 4. As you press the kettlebell overhead, simultaneously dip your knees and quickly straighten them to generate momentum. | 5. As the kettlebell reaches its highest point, quickly drop underneath it by bending your knees and hips. | 6. Catch the kettlebell with a slight bend in your knees and hips, and your arm fully extended overhead. | 7. Stand up straight, fully extending your knees and hips, and stabilize the kettlebell overhead. | 8. Lower the kettlebell back to the starting position by bending your knees and hips, and repeat for the desired number of repetitions."
"EX-1708";"1708";"Alongamento assistido de panturrilhas deitado";"assisted lying calves stretch";"Panturrilhas";"Assistido";"Panturrilhas";"isquiotibiais";"Sem sprites; sem mapeamento de animação";"";"1708-assisted-lying-calves-stretch";"1. Lie on your back with your legs extended. | 2. Bend one knee and place your foot flat on the ground. | 3. Using your hands or a towel, gently pull your toes towards your body, feeling a stretch in your calf. | 4. Hold the stretch for 20-30 seconds. | 5. Release the stretch and repeat on the other leg."
"EX-0257";"0257";"Alongamento círculos joelho";"circles knee stretch";"Panturrilhas";"Peso corporal";"Panturrilhas";"isquiotibiais, quadríceps";"Sem sprites; sem mapeamento de animação";"";"0257-circles-knee-stretch";"1. Stand with your feet shoulder-width apart and your hands on your hips. | 2. Bend your knees slightly and lift your heels off the ground, balancing on the balls of your feet. | 3. Keeping your knees bent, rotate your knees in a circular motion, first clockwise and then counterclockwise. | 4. Perform the movement for the desired number of repetitions."
"EX-1378";"1378";"Alongamento de panturrilhas com corda";"calf stretch with rope";"Panturrilhas";"Corda";"Panturrilhas";"isquiotibiais";"Sem sprites; sem mapeamento de animação";"";"1378-calf-stretch-with-rope";"1. Stand facing a wall or sturdy object with your feet hip-width apart. | 2. Hold the ends of the rope in each hand and place the middle of the rope around the ball of your right foot. | 3. Step back with your left foot, keeping your heel on the ground and your leg straight. | 4. Lean forward, keeping your back straight, and gently pull on the rope to stretch your calf. | 5. Hold the stretch for 20-30 seconds, then release. | 6. Repeat on the other leg."
"EX-1398";"1398";"Alongamento de panturrilhas em pé panturrilhas";"standing calves calf stretch";"Panturrilhas";"Peso corporal";"Panturrilhas";"isquiotibiais, glúteos";"Sem sprites; sem mapeamento de animação";"";"1398-standing-calves-calf-stretch";"1. Stand facing a wall or sturdy object, about an arm's length away. | 2. Place your hands on the wall or object at shoulder height. | 3. Step back with one foot, keeping your heel flat on the ground. | 4. Bend your front knee slightly and lean forward, keeping your back leg straight. | 5. You should feel a stretch in your calf muscle. | 6. Hold the stretch for 20-30 seconds. | 7. Repeat on the other leg."
"EX-1390";"1390";"Alongamento de panturrilhas sentado (masculino)";"seated calf stretch (male)";"Panturrilhas";"Peso corporal";"Panturrilhas";"isquiotibiais";"Sem sprites; sem mapeamento de animação";"";"1390-seated-calf-stretch-male";"1. Sit on the edge of a chair or bench with your feet flat on the ground. | 2. Extend one leg straight out in front of you, keeping your heel on the ground. | 3. Lean forward slightly, feeling a stretch in your calf muscle. | 4. Hold the stretch for 20-30 seconds. | 5. Switch legs and repeat the stretch."
"EX-1388";"1388";"Alongamento fibulares";"peroneals stretch";"Panturrilhas";"Corda";"Panturrilhas";"tornozelos, pés";"Sem sprites; sem mapeamento de animação";"";"1388-peroneals-stretch";"1. Sit on the ground with your legs extended in front of you. | 2. Loop the rope around the ball of your foot and hold the ends of the rope with your hands. | 3. Gently pull the rope towards you, flexing your foot and stretching your calf muscles. | 4. Hold the stretch for 15-30 seconds. | 5. Release the tension on the rope and repeat the stretch on the other leg. | 6. Repeat for the desired number of repetitions."
"EX-1407";"1407";"Alongamento panturrilha empurrada com mãos contra parede";"calf push stretch with hands against wall";"Panturrilhas";"Peso corporal";"Panturrilhas";"isquiotibiais";"Sem sprites; sem mapeamento de animação";"";"1407-calf-push-stretch-with-hands-against-wall";"1. Stand facing a wall with your feet hip-width apart. | 2. Place your hands against the wall at shoulder height. | 3. Step back with one foot, keeping your heel on the ground and your leg straight. | 4. Bend your front knee slightly and lean forward, feeling a stretch in your calf. | 5. Hold the stretch for 20-30 seconds. | 6. Switch legs and repeat the stretch."
"EX-1389";"1389";"Alongamento posterior tibial";"posterior tibialis stretch";"Panturrilhas";"Corda";"Panturrilhas";"isquiotibiais, quadríceps";"Sem sprites; sem mapeamento de animação";"";"1389-posterior-tibialis-stretch";"1. Sit on the ground with your legs extended in front of you. | 2. Loop the rope around the ball of your foot and hold the ends of the rope with your hands. | 3. Gently pull the rope towards you, flexing your foot and stretching your calf muscles. | 4. Hold the stretch for 20-30 seconds. | 5. Release the tension on the rope and relax your foot. | 6. Repeat the stretch on the other leg."
"EX-1368";"1368";"Círculos com os tornozelos";"ankle circles";"Panturrilhas";"Peso corporal";"Panturrilhas";"estabilizadores do tornozelo";"Sem sprites; sem mapeamento de animação";"";"1368-ankle-circles";"1. Sit on the ground with your legs extended in front of you. | 2. Lift one leg off the ground and rotate your ankle in a circular motion. | 3. Perform the desired number of circles in one direction, then switch to the other direction. | 4. Repeat with the other leg."
"EX-0738";"0738";"Elevação de panturrilhas 45° no trenó";"sled 45в° calf press";"Panturrilhas";"Trenó";"Panturrilhas";"isquiotibiais";"Sem sprites; sem mapeamento de animação";"";"0738-sled-45-calf-press";"1. Adjust the sled machine to a 45-degree angle. | 2. Place your feet on the sled platform with your toes pointing forward. | 3. Push the sled platform away from you by extending your ankles and calves. | 4. Pause for a moment at the top, then slowly lower the sled platform back to the starting position. | 5. Repeat for the desired number of repetitions."
"EX-0284";"0284";"Elevação de panturrilhas coice";"donkey calf raise";"Panturrilhas";"Peso corporal";"Panturrilhas";"isquiotibiais, glúteos";"Sem sprites; sem mapeamento de animação";"";"0284-donkey-calf-raise";"1. Stand with your toes on an elevated surface, such as a step or block. | 2. Place your hands on a stable support, such as a wall or railing, for balance. | 3. Raise your heels as high as possible, lifting your body weight onto the balls of your feet. | 4. Pause for a moment at the top, then slowly lower your heels back down to the starting position. | 5. Repeat for the desired number of repetitions."
"EX-0833";"0833";"Elevação de panturrilhas coice com peso adicional";"weighted donkey calf raise";"Panturrilhas";"Com carga";"Panturrilhas";"isquiotibiais, glúteos";"Sem sprites; sem mapeamento de animação";"";"0833-weighted-donkey-calf-raise";"1. Stand on a raised platform with your toes on the edge and your heels hanging off. | 2. Hold onto a stable object for support. | 3. Raise your heels as high as possible by extending your ankles. | 4. Pause for a moment at the top, then slowly lower your heels back down to the starting position. | 5. Repeat for the desired number of repetitions."
"EX-2334";"2334";"Elevação de panturrilhas deitado no trenó";"sled lying calf press";"Panturrilhas";"Trenó";"Panturrilhas";"isquiotibiais, glúteos";"Sem sprites; sem mapeamento de animação";"";"2334-sled-lying-calf-press";"1. Adjust the sled machine to a comfortable weight. | 2. Sit on the sled machine with your back against the pad and your feet on the platform. | 3. Place your toes and the balls of your feet on the edge of the platform, with your heels hanging off. | 4. Push the platform away from you by extending your ankles, keeping your knees slightly bent. | 5. Continue pushing until your calves are fully contracted. | 6. Hold the contraction for a moment, then slowly lower the platform back to the starting position. | 7. Repeat for the desired number of repetitions."
"EX-1369";"1369";"Elevação de panturrilhas dois pernas - (faixa elástica sob ambos pernas) versão 2 com faixa elástica";"band two legs calf raise - (band under both legs) v. 2";"Panturrilhas";"Faixa elástica";"Panturrilhas";"tornozelos, pés";"Sem sprites; sem mapeamento de animação";"";"1369-band-two-legs-calf-raise-band-under-both-legs-v-2";"1. Stand with your feet shoulder-width apart and place a resistance band under both feet. | 2. Hold the ends of the band with your hands for stability. | 3. Raise your heels off the ground as high as possible, using your calves. | 4. Pause for a moment at the top, then slowly lower your heels back down to the starting position. | 5. Repeat for the desired number of repetitions."
"EX-1490";"1490";"Elevação de panturrilhas em pé (no um escada)";"standing calf raise (on a staircase)";"Panturrilhas";"Peso corporal";"Panturrilhas";"tornozelos, pés";"Sem sprites; sem mapeamento de animação";"";"1490-standing-calf-raise-on-a-staircase";"1. Stand on the edge of a step or a sturdy platform with your heels hanging off and your toes on the step. | 2. Hold onto a railing or wall for balance if needed. | 3. Slowly raise your heels as high as possible, lifting your body weight onto the balls of your feet. | 4. Pause for a moment at the top, then slowly lower your heels back down to the starting position. | 5. Repeat for the desired number of repetitions."
"EX-0111";"0111";"Elevação de panturrilhas em pé com balanço perna com barra";"barbell standing rocking leg calf raise";"Panturrilhas";"Barra";"Panturrilhas";"isquiotibiais, quadríceps";"Sem sprites; sem mapeamento de animação";"";"0111-barbell-standing-rocking-leg-calf-raise";"1. Stand with your feet shoulder-width apart and hold a barbell across your upper back. | 2. Raise your heels off the ground as high as possible, balancing on the balls of your feet. | 3. Slowly lower your heels back down to the starting position. | 4. Repeat for the desired number of repetitions."
"EX-1372";"1372";"Elevação de panturrilhas em pé com barra";"barbell standing calf raise";"Panturrilhas";"Barra";"Panturrilhas";"isquiotibiais, glúteos";"Sem sprites; sem mapeamento de animação";"";"1372-barbell-standing-calf-raise";"1. Stand with your feet shoulder-width apart and place a barbell across your upper back. | 2. Raise your heels off the ground as high as possible, using only your toes. | 3. Pause for a moment at the top, then slowly lower your heels back down to the starting position. | 4. Repeat for the desired number of repetitions."
"EX-0417";"0417";"Elevação de panturrilhas em pé com halteres";"dumbbell standing calf raise";"Panturrilhas";"Haltere";"Panturrilhas";"tornozelos";"Sem sprites; sem mapeamento de animação";"";"0417-dumbbell-standing-calf-raise";"1. Stand with your feet shoulder-width apart, holding a dumbbell in each hand. | 2. Raise your heels off the ground as high as possible, using your calves. | 3. Pause for a moment at the top, then slowly lower your heels back down to the starting position. | 4. Repeat for the desired number of repetitions."
"EX-1375";"1375";"Elevação de panturrilhas em pé no cabo";"cable standing calf raise";"Panturrilhas";"Cabo";"Panturrilhas";"isquiotibiais, glúteos";"Sem sprites; sem mapeamento de animação";"";"1375-cable-standing-calf-raise";"1. Stand facing a cable machine with your feet shoulder-width apart. | 2. Hold onto the cable machine handles or attach a cable ankle strap to your ankles. | 3. Raise your heels off the ground by extending your ankles as high as possible. | 4. Pause for a moment at the top, then slowly lower your heels back down to the starting position. | 5. Repeat for the desired number of repetitions."
"EX-0108";"0108";"Elevação de panturrilhas em pé perna com barra";"barbell standing leg calf raise";"Panturrilhas";"Barra";"Panturrilhas";"isquiotibiais, glúteos";"Sem sprites; sem mapeamento de animação";"";"0108-barbell-standing-leg-calf-raise";"1. Stand with your feet shoulder-width apart and place a barbell across your upper back. | 2. Raise your heels off the ground as high as possible, using your calves. | 3. Pause for a moment at the top, then slowly lower your heels back down to the starting position. | 4. Repeat for the desired number of repetitions."
"EX-0773";"0773";"Elevação de panturrilhas em pé perna no aparelho Smith";"smith standing leg calf raise";"Panturrilhas";"Máquina Smith";"Panturrilhas";"isquiotibiais, glúteos";"Sem sprites; sem mapeamento de animação";"";"0773-smith-standing-leg-calf-raise";"1. Adjust the smith machine bar to a height that allows you to stand with your feet flat on the ground and your shoulders under the bar. | 2. Position yourself under the bar with your feet shoulder-width apart and your toes pointing forward. | 3. Place your hands on the bar for stability. | 4. Engage your calves and slowly raise your heels off the ground, lifting your body up onto your toes. | 5. Pause for a moment at the top, then slowly lower your heels back down to the starting position. | 6. Repeat for the desired number of repetitions."
"EX-1376";"1376";"Elevação de panturrilhas em pé unilateral no cabo";"cable standing one leg calf raise";"Panturrilhas";"Cabo";"Panturrilhas";"tornozelos, pés";"Sem sprites; sem mapeamento de animação";"";"1376-cable-standing-one-leg-calf-raise";"1. Stand facing a cable machine with your feet shoulder-width apart. | 2. Hold onto the cable machine for support. | 3. Lift one leg off the ground and balance on the other leg. | 4. Slowly raise your heel off the ground, lifting your body up onto your toes. | 5. Pause for a moment at the top, then slowly lower your heel back down to the starting position. | 6. Repeat for the desired number of repetitions, then switch legs."
"EX-1383";"1383";"Elevação de panturrilhas hack";"hack calf raise";"Panturrilhas";"Trenó";"Panturrilhas";"isquiotibiais, glúteos";"Sem sprites; sem mapeamento de animação";"";"1383-hack-calf-raise";"1. Adjust the sled machine to a comfortable weight. | 2. Stand on the sled machine with your toes on the platform and your heels hanging off. | 3. Hold onto the handles for stability. | 4. Raise your heels as high as possible by pushing through the balls of your feet. | 5. Pause for a moment at the top, then slowly lower your heels back down to the starting position. | 6. Repeat for the desired number of repetitions."
"EX-1384";"1384";"Elevação de panturrilhas hack unilateral";"hack one leg calf raise";"Panturrilhas";"Trenó";"Panturrilhas";"isquiotibiais, glúteos";"Sem sprites; sem mapeamento de animação";"";"1384-hack-one-leg-calf-raise";"1. Adjust the sled machine to an appropriate weight. | 2. Stand on the sled machine with one foot, keeping the other foot off the ground. | 3. Hold onto the handles for stability. | 4. Raise your heel as high as possible, lifting your body up on the ball of your foot. | 5. Pause for a moment at the top, then slowly lower your heel back down to the starting position. | 6. Repeat for the desired number of repetitions. | 7. Switch legs and repeat the exercise."
"EX-2289";"2289";"Elevação de panturrilhas na máquina articulada";"lever calf press";"Panturrilhas";"Máquina articulada";"Panturrilhas";"isquiotibiais";"Sem sprites; sem mapeamento de animação";"";"2289-lever-calf-press";"1. Adjust the seat of the leverage machine so that your shoulders are aligned with the lever pad. | 2. Place your toes on the lever pad, with your heels hanging off the edge. | 3. Grasp the handles or side supports for stability. | 4. Push the lever pad down by extending your ankles, contracting your calf muscles. | 5. Pause for a moment at the bottom of the movement. | 6. Slowly return to the starting position by allowing your heels to rise back up. | 7. Repeat for the desired number of repetitions."
"EX-3240";"3240";"Elevação de panturrilhas na parede (bola de tênis entre joelhos) na bola suíça";"exercise ball on the wall calf raise (tennis ball between knees)";"Panturrilhas";"Haltere";"Panturrilhas";"quadríceps, isquiotibiais";"Sem sprites; sem mapeamento de animação";"";"3240-exercise-ball-on-the-wall-calf-raise-tennis-ball-between-knees";"1. Stand with your back against a wall and place an exercise ball between your lower back and the wall. | 2. Position your feet shoulder-width apart and slightly in front of you. | 3. Hold a dumbbell in each hand, with your arms extended by your sides. | 4. Place a tennis ball between your knees. | 5. Raise your heels off the ground, lifting your body up onto your toes. | 6. Pause for a moment at the top, then slowly lower your heels back down to the starting position. | 7. Repeat for the desired number of repetitions."
"EX-3241";"3241";"Elevação de panturrilhas na parede (bola de tênis entre tornozelos) na bola suíça";"exercise ball on the wall calf raise (tennis ball between ankles)";"Panturrilhas";"Haltere";"Panturrilhas";"isquiotibiais, quadríceps";"Sem sprites; sem mapeamento de animação";"";"3241-exercise-ball-on-the-wall-calf-raise-tennis-ball-between-ankles";"1. Stand facing a wall with your feet shoulder-width apart. | 2. Place an exercise ball between the wall and your lower back. | 3. Hold a dumbbell in each hand, with your arms extended by your sides. | 4. Place a tennis ball between your ankles. | 5. Raise your heels off the ground, lifting your body up onto your toes. | 6. Pause for a moment at the top, then slowly lower your heels back down to the starting position. | 7. Repeat for the desired number of repetitions."
"EX-1382";"1382";"Elevação de panturrilhas na parede na bola suíça";"exercise ball on the wall calf raise";"Panturrilhas";"Haltere";"Panturrilhas";"isquiotibiais, quadríceps";"Sem sprites; sem mapeamento de animação";"";"1382-exercise-ball-on-the-wall-calf-raise";"1. Stand with your back against a wall and place an exercise ball between your lower back and the wall. | 2. Position your feet shoulder-width apart, with your toes pointing forward. | 3. Hold a dumbbell in each hand, with your arms extended by your sides. | 4. Raise your heels off the ground, lifting your body weight onto the balls of your feet. | 5. Pause for a moment at the top, then slowly lower your heels back down to the starting position. | 6. Repeat for the desired number of repetitions."
"EX-1370";"1370";"Elevação de panturrilhas no chão com barra";"barbell floor calf raise";"Panturrilhas";"Barra";"Panturrilhas";"isquiotibiais";"Sem sprites; sem mapeamento de animação";"";"1370-barbell-floor-calf-raise";"1. Place a barbell on the floor in front of you. | 2. Stand with the balls of your feet on the edge of the barbell, with your heels hanging off. | 3. Hold onto a stable object for balance if needed. | 4. Raise your heels as high as possible, using your calves to lift your body. | 5. Pause for a moment at the top, then slowly lower your heels back down to the starting position. | 6. Repeat for the desired number of repetitions."
"EX-1391";"1391";"Elevação de panturrilhas no perna desenvolvimento no trenó";"sled calf press on leg press";"Panturrilhas";"Trenó";"Panturrilhas";"isquiotibiais, quadríceps";"Sem sprites; sem mapeamento de animação";"";"1391-sled-calf-press-on-leg-press";"1. Adjust the seat of the leg press machine so that your knees are slightly bent when your feet are on the sled. | 2. Place your feet shoulder-width apart on the sled, with your toes pointing forward. | 3. Release the safety handles and push the sled away from you by extending your knees and ankles. | 4. Pause for a moment at the top of the movement, then slowly lower the sled back down by bending your knees and ankles. | 5. Repeat for the desired number of repetitions."
"EX-0742";"0742";"Elevação de panturrilhas para a frente angulado no trenó";"sled forward angled calf raise";"Panturrilhas";"Trenó";"Panturrilhas";"isquiotibiais, glúteos";"Sem sprites; sem mapeamento de animação";"";"0742-sled-forward-angled-calf-raise";"1. Adjust the sled machine to a comfortable weight and position yourself on the machine with your toes on the platform and your heels hanging off. | 2. Place your hands on the handles or the sides of the machine for support. | 3. Engage your calves and slowly raise your heels as high as possible, pushing against the resistance of the sled. | 4. Pause for a moment at the top of the movement, then slowly lower your heels back down to the starting position. | 5. Repeat for the desired number of repetitions."
"EX-0088";"0088";"Elevação de panturrilhas sentado com barra";"barbell seated calf raise";"Panturrilhas";"Barra";"Panturrilhas";"isquiotibiais, quadríceps";"Sem sprites; sem mapeamento de animação";"";"0088-barbell-seated-calf-raise";"1. Sit on a bench with your feet flat on the floor and a barbell resting on your thighs. | 2. Place the balls of your feet on a raised platform, such as a block or step. | 3. Position the barbell across your thighs and hold it securely with your hands. | 4. Keeping your back straight and your core engaged, lift your heels off the ground by extending your ankles. | 5. Pause for a moment at the top, then slowly lower your heels back down to the starting position. | 6. Repeat for the desired number of repetitions."
"EX-1371";"1371";"Elevação de panturrilhas sentado com barra";"barbell seated calf raise";"Panturrilhas";"Barra";"Panturrilhas";"isquiotibiais";"Sem sprites; sem mapeamento de animação";"";"1371-barbell-seated-calf-raise";"1. Sit on a bench with your feet flat on the floor and a barbell resting on your thighs. | 2. Place the balls of your feet on a raised platform, such as a block or step. | 3. Lower your heels as far as possible, feeling a stretch in your calves. | 4. Raise your heels as high as possible, contracting your calves. | 5. Repeat for the desired number of repetitions."
"EX-1379";"1379";"Elevação de panturrilhas sentado com halteres";"dumbbell seated calf raise";"Panturrilhas";"Haltere";"Panturrilhas";"isquiotibiais";"Sem sprites; sem mapeamento de animação";"";"1379-dumbbell-seated-calf-raise";"1. Sit on a bench or chair with your feet flat on the ground and a dumbbell resting on your thighs. | 2. Place the balls of your feet on a raised surface such as a step or block, with your heels hanging off the edge. | 3. Hold onto the dumbbell for stability. | 4. Raise your heels as high as possible, lifting your body weight onto the balls of your feet. | 5. Pause for a moment at the top, then slowly lower your heels back down to the starting position. | 6. Repeat for the desired number of repetitions."
"EX-2335";"2335";"Elevação de panturrilhas sentado na máquina articulada";"lever seated calf press";"Panturrilhas";"Máquina articulada";"Panturrilhas";"solear, isquiotibiais";"Sem sprites; sem mapeamento de animação";"";"2335-lever-seated-calf-press";"1. Adjust the seat of the machine so that your shoulders are aligned with the lever pad. | 2. Place your toes on the lower portion of the platform and position your knees under the lever pad. | 3. Grasp the handles on the sides of the seat for stability. | 4. Press the lever pad down by extending your ankles, lifting your heels as high as possible. | 5. Pause for a moment at the top of the movement, then slowly lower your heels back down to the starting position. | 6. Repeat for the desired number of repetitions."
"EX-1380";"1380";"Elevação de panturrilhas sentado unilateral - martelo pegada com halteres";"dumbbell seated one leg calf raise - hammer grip";"Panturrilhas";"Haltere";"Panturrilhas";"isquiotibiais, glúteos";"Sem sprites; sem mapeamento de animação";"";"1380-dumbbell-seated-one-leg-calf-raise-hammer-grip";"1. Sit on a bench or chair with your feet flat on the ground and a dumbbell resting on your thighs. | 2. Place one foot on a raised surface, such as a step or block, with your heel hanging off the edge. | 3. Hold the dumbbell with a hammer grip, meaning your palms are facing each other and your fingers are wrapped around the handle. | 4. Keeping your core engaged and your back straight, slowly raise your heel as high as possible by pushing through the ball of your foot. | 5. Pause for a moment at the top, then slowly lower your heel back down to the starting position. | 6. Repeat for the desired number of repetitions, then switch to the other leg."
"EX-1381";"1381";"Elevação de panturrilhas sentado unilateral - palma acima com halteres";"dumbbell seated one leg calf raise - palm up";"Panturrilhas";"Haltere";"Panturrilhas";"isquiotibiais, glúteos";"Sem sprites; sem mapeamento de animação";"";"1381-dumbbell-seated-one-leg-calf-raise-palm-up";"1. Sit on a bench or chair with your back straight and your feet flat on the ground. | 2. Hold a dumbbell in one hand and place it on top of your thigh, palm facing up. | 3. Lift one leg off the ground and extend it in front of you, keeping your knee slightly bent. | 4. Raise your heel as high as possible by pushing through the ball of your foot. | 5. Pause for a moment at the top, then slowly lower your heel back down. | 6. Repeat for the desired number of repetitions, then switch legs and repeat."
"EX-0400";"0400";"Elevação de panturrilhas sentado unilateral com halteres";"dumbbell seated one leg calf raise";"Panturrilhas";"Haltere";"Panturrilhas";"isquiotibiais, glúteos";"Sem sprites; sem mapeamento de animação";"";"0400-dumbbell-seated-one-leg-calf-raise";"1. Sit on a bench or chair with your feet flat on the ground and a dumbbell resting on your right thigh. | 2. Extend your left leg straight out in front of you, keeping your foot flexed. | 3. Place the ball of your right foot on an elevated surface, such as a step or weight plate. | 4. Using your calf muscles, raise your right heel as high as possible. | 5. Pause for a moment at the top, then slowly lower your heel back down to the starting position. | 6. Repeat for the desired number of repetitions, then switch legs."
"EX-1395";"1395";"Elevação de panturrilhas sentado unilateral no aparelho Smith";"smith seated one leg calf raise";"Panturrilhas";"Máquina Smith";"Panturrilhas";"isquiotibiais";"Sem sprites; sem mapeamento de animação";"";"1395-smith-seated-one-leg-calf-raise";"1. Sit on the machine with your back against the pad and your feet on the footrest. | 2. Place one leg on the footrest and keep the other leg off the footrest. | 3. Using your calf muscles, raise your heel as high as possible. | 4. Pause for a moment at the top, then slowly lower your heel back down to the starting position. | 5. Repeat for the desired number of repetitions, then switch legs and repeat."
"EX-0727";"0727";"Elevação de panturrilhas unilateral (no um halter)";"single leg calf raise (on a dumbbell)";"Panturrilhas";"Haltere";"Panturrilhas";"tornozelos, pés";"Sem sprites; sem mapeamento de animação";"";"0727-single-leg-calf-raise-on-a-dumbbell";"1. Stand with your feet hip-width apart and hold a dumbbell in one hand. | 2. Lift one foot off the ground and balance on the other foot. | 3. Slowly raise your heel as high as possible, using your calf muscles. | 4. Pause for a moment at the top, then slowly lower your heel back down. | 5. Repeat for the desired number of repetitions, then switch to the other leg."
"EX-1386";"1386";"Elevação de panturrilhas unilateral coice";"one leg donkey calf raise";"Panturrilhas";"Peso corporal";"Panturrilhas";"isquiotibiais, glúteos";"Sem sprites; sem mapeamento de animação";"";"1386-one-leg-donkey-calf-raise";"1. Stand with your feet shoulder-width apart, toes pointing forward. | 2. Place your hands on a stable surface for support, such as a wall or a bar. | 3. Lift one leg off the ground, keeping your knee slightly bent. | 4. Raise your heel as high as possible, using your calf muscles. | 5. Pause for a moment at the top, then slowly lower your heel back down. | 6. Repeat for the desired number of repetitions, then switch legs."
"EX-0999";"0999";"Elevação de panturrilhas unilateral com faixa elástica";"band single leg calf raise";"Panturrilhas";"Faixa elástica";"Panturrilhas";"tornozelos, pés";"Sem sprites; sem mapeamento de animação";"";"0999-band-single-leg-calf-raise";"1. Stand with your feet hip-width apart and place the band around the ball of your left foot. | 2. Hold onto a stable object for balance if needed. | 3. Slowly raise your left heel off the ground, lifting your body weight onto the ball of your foot. | 4. Pause for a moment at the top, then slowly lower your left heel back down to the starting position. | 5. Repeat for the desired number of repetitions, then switch to the right leg."
"EX-0409";"0409";"Elevação de panturrilhas unilateral com halteres";"dumbbell single leg calf raise";"Panturrilhas";"Haltere";"Panturrilhas";"tornozelos";"Sem sprites; sem mapeamento de animação";"";"0409-dumbbell-single-leg-calf-raise";"1. Stand on the edge of a step or platform with your heels hanging off and your toes on the step. | 2. Hold a dumbbell in one hand and place your other hand on a wall or railing for support. | 3. Raise your heel as high as possible, lifting your body up onto your toes. | 4. Pause for a moment at the top, then slowly lower your heel back down below the step. | 5. Repeat for the desired number of repetitions, then switch to the other leg."
"EX-1000";"1000";"Elevação de panturrilhas unilateral invertido com faixa elástica";"band single leg reverse calf raise";"Panturrilhas";"Faixa elástica";"Panturrilhas";"isquiotibiais, glúteos";"Sem sprites; sem mapeamento de animação";"";"1000-band-single-leg-reverse-calf-raise";"1. Stand with your feet hip-width apart and place the band around the ball of your foot. | 2. Hold onto a stable object for balance. | 3. Slowly raise your heel off the ground, lifting your body weight onto the ball of your foot. | 4. Pause for a moment at the top, then slowly lower your heel back down to the starting position. | 5. Repeat for the desired number of repetitions, then switch to the other leg."
"EX-1393";"1393";"Elevação de panturrilhas unilateral no chão no aparelho Smith";"smith one leg floor calf raise";"Panturrilhas";"Máquina Smith";"Panturrilhas";"isquiotibiais, glúteos";"Sem sprites; sem mapeamento de animação";"";"1393-smith-one-leg-floor-calf-raise";"1. Position yourself on the floor under the smith machine bar, facing away from the machine. | 2. Place the balls of your feet on a raised surface, such as a weight plate or block. | 3. Position the smith machine bar across your lower legs, just above your ankles. | 4. Hold onto the bar with your hands for stability. | 5. Raise your heels off the ground by extending your ankles, lifting your body up. | 6. Pause at the top of the movement, then slowly lower your heels back down to the starting position. | 7. Repeat for the desired number of repetitions."
"EX-1392";"1392";"Elevação de panturrilhas unilateral no perna desenvolvimento no trenó";"sled one leg calf press on leg press";"Panturrilhas";"Trenó";"Panturrilhas";"isquiotibiais, glúteos";"Sem sprites; sem mapeamento de animação";"";"1392-sled-one-leg-calf-press-on-leg-press";"1. Adjust the seat of the leg press machine so that your knees are slightly bent when your feet are on the sled. | 2. Sit on the machine with your back against the backrest and your feet on the sled, shoulder-width apart. | 3. Place your toes and the balls of your feet on the sled, keeping your heels off. | 4. Push the sled forward by extending your ankles, keeping your knees slightly bent. | 5. Pause for a moment at the top, then slowly lower the sled back down by flexing your ankles. | 6. Repeat for the desired number of repetitions."
"EX-1396";"1396";"Elevação dedos dos pés no aparelho Smith";"smith toe raise";"Panturrilhas";"Máquina Smith";"Panturrilhas";"tornozelos, canelas";"Sem sprites; sem mapeamento de animação";"";"1396-smith-toe-raise";"1. Adjust the smith machine bar to a height that allows you to comfortably stand with your feet flat on the ground. | 2. Position yourself under the bar with your shoulders directly below it and your feet shoulder-width apart. | 3. Place the balls of your feet on a raised platform or weight plates, with your heels hanging off the edge. | 4. Grasp the bar with an overhand grip, slightly wider than shoulder-width apart. | 5. Engage your core and keep your back straight throughout the exercise. | 6. Slowly raise your heels as high as possible, lifting your body weight onto the balls of your feet. | 7. Pause for a moment at the top, then slowly lower your heels back down to the starting position. | 8. Repeat for the desired number of repetitions."
"EX-1397";"1397";"Em pé panturrilhas";"standing calves";"Panturrilhas";"Peso corporal";"Panturrilhas";"isquiotibiais, glúteos";"Sem sprites; sem mapeamento de animação";"";"1397-standing-calves";"1. Stand with your feet shoulder-width apart, toes pointing forward. | 2. Raise your heels off the ground as high as possible, standing on your toes. | 3. Hold the position for a moment, then slowly lower your heels back down to the starting position. | 4. Repeat for the desired number of repetitions."
"EX-0763";"0763";"Invertido panturrilha elevações no aparelho Smith";"smith reverse calf raises";"Panturrilhas";"Máquina Smith";"Panturrilhas";"isquiotibiais";"Sem sprites; sem mapeamento de animação";"";"0763-smith-reverse-calf-raises";"1. Adjust the smith machine bar to a height just below your shoulders. | 2. Stand facing the bar with your feet hip-width apart and toes pointing forward. | 3. Place the balls of your feet on the edge of a step or platform, with your heels hanging off. | 4. Hold onto the bar for support, keeping your back straight and core engaged. | 5. Raise your heels as high as possible, lifting your body weight onto the balls of your feet. | 6. Pause for a moment at the top, then slowly lower your heels back down to the starting position. | 7. Repeat for the desired number of repetitions."
"EX-1394";"1394";"Invertido panturrilha elevações no aparelho Smith";"smith reverse calf raises";"Panturrilhas";"Máquina Smith";"Panturrilhas";"isquiotibiais";"Sem sprites; sem mapeamento de animação";"";"1394-smith-reverse-calf-raises";"1. Adjust the smith machine bar to a height just below your shoulders. | 2. Stand facing the bar with your feet hip-width apart and toes pointing forward. | 3. Place the balls of your feet on the edge of a step or platform, with your heels hanging off. | 4. Hold onto the bar for support. | 5. Raise your heels as high as possible, lifting your body up onto your toes. | 6. Pause for a moment at the top, then slowly lower your heels back down to the starting position. | 7. Repeat for the desired number of repetitions."
"EX-2315";"2315";"Rotatório panturrilha na máquina articulada";"lever rotary calf";"Panturrilhas";"Máquina articulada";"Panturrilhas";"solear, estabilizadores do tornozelo";"Sem sprites; sem mapeamento de animação";"";"2315-lever-rotary-calf";"1. Adjust the seat height so that your knees are slightly bent and your feet are flat on the footplate. | 2. Place your toes on the footplate, with your heels hanging off the edge. | 3. Grasp the handles or the sides of the machine for stability. | 4. Push through the balls of your feet, raising your heels as high as possible. | 5. Pause for a moment at the top, then slowly lower your heels back down to the starting position. | 6. Repeat for the desired number of repetitions."
"EX-1374";"1374";"Salto caixa para baixo com unilateral estabilização";"box jump down with one leg stabilization";"Panturrilhas";"Peso corporal";"Panturrilhas";"quadríceps, isquiotibiais, glúteos";"Sem sprites; sem mapeamento de animação";"";"1374-box-jump-down-with-one-leg-stabilization";"1. Stand in front of a box or platform with your feet shoulder-width apart. | 2. Bend your knees and jump onto the box, landing softly with one foot on the box and the other foot hanging off the edge. | 3. Stabilize yourself on the box with the foot that is on it, while keeping the other foot off the ground. | 4. Hold this position for a few seconds, engaging your calf muscles to maintain balance. | 5. Slowly step down with the foot that is on the box, returning to the starting position. | 6. Repeat the exercise with the other leg."
"EX-1716";"1716";"Alongamento assistido do peitoral maior sentado com bola suíça";"assisted seated pectoralis major stretch with stability ball";"Peito";"Assistido";"Peitorais";"ombros, tríceps";"Sem sprites; sem mapeamento de animação";"";"1716-assisted-seated-pectoralis-major-stretch-with-stability-ball";"1. Sit on a stability ball with your feet flat on the ground and your back straight. | 2. Hold a stability ball with both hands and extend your arms straight out in front of you. | 3. Slowly lower the stability ball towards your chest, feeling a stretch in your pectoral muscles. | 4. Hold the stretch for a few seconds, then slowly return to the starting position. | 5. Repeat for the desired number of repetitions."
"EX-1259";"1259";"Alongamento atrás cabeça peitoral";"behind head chest stretch";"Peito";"Assistido";"Peitorais";"ombros, tríceps";"Sem sprites; sem mapeamento de animação";"";"1259-behind-head-chest-stretch";"1. Stand tall with your feet shoulder-width apart. | 2. Interlace your fingers behind your head with your elbows pointing outwards. | 3. Slowly squeeze your shoulder blades together and push your chest forward. | 4. Hold the stretch for 15-30 seconds. | 5. Release the stretch and repeat as desired."
"EX-1167";"1167";"Alongamento dinâmico peitoral (masculino)";"dynamic chest stretch (male)";"Peito";"Peso corporal";"Peitorais";"ombros, tríceps";"Sem sprites; sem mapeamento de animação";"";"1167-dynamic-chest-stretch-male";"1. Stand tall with your feet shoulder-width apart. | 2. Extend your arms straight out to the sides, parallel to the ground. | 3. Slowly bring your arms forward, crossing them in front of your body. | 4. Feel the stretch in your chest muscles. | 5. Hold the stretch for 10-30 seconds. | 6. Return to the starting position and repeat for the desired number of repetitions."
"EX-1272";"1272";"Alongamento peitoral com bola suíça";"chest stretch with exercise ball";"Peito";"Bola de estabilidade";"Peitorais";"ombros, tríceps";"Sem sprites; sem mapeamento de animação";"";"1272-chest-stretch-with-exercise-ball";"1. Sit on the stability ball with your feet flat on the ground and your back straight. | 2. Hold the exercise ball with both hands and extend your arms straight out in front of you. | 3. Slowly bring the exercise ball towards your chest, feeling a stretch in your chest muscles. | 4. Hold the stretch for a few seconds, then slowly return to the starting position. | 5. Repeat for the desired number of repetitions."
"EX-1271";"1271";"Alongamento peitoral e frontal de ombro";"chest and front of shoulder stretch";"Peito";"Peso corporal";"Peitorais";"deltoides";"Sem sprites; sem mapeamento de animação";"";"1271-chest-and-front-of-shoulder-stretch";"1. Stand tall with your feet shoulder-width apart. | 2. Extend your arms straight out in front of you at shoulder height. | 3. Cross your arms in front of your body, with your right arm on top of your left arm. | 4. Interlace your fingers and press your palms together. | 5. Gently squeeze your shoulder blades together and push your hands forward, feeling a stretch in your chest and front of your shoulders. | 6. Hold the stretch for 20-30 seconds, then release. | 7. Repeat for the desired number of repetitions."
"EX-3288";"3288";"Coreano mergulhos";"korean dips";"Peito";"Peso corporal";"Peitorais";"tríceps, ombros";"Sem sprites; sem mapeamento de animação";"";"3288-korean-dips";"1. Position yourself between two parallel bars with your arms extended and supporting your body weight. | 2. Lower your body by bending your elbows until your upper arms are parallel to the ground. | 3. Pause for a moment, then push yourself back up to the starting position by straightening your arms. | 4. Repeat for the desired number of repetitions."
"EX-0179";"0179";"Crucifixo baixo no cabo";"cable low fly";"Peito";"Cabo";"Peitorais";"deltoides, tríceps";"Sem sprites; sem mapeamento de animação";"";"0179-cable-low-fly";"1. Attach the handles to the low pulleys of a cable machine and select an appropriate weight. | 2. Stand in the middle of the machine with your feet shoulder-width apart and a slight bend in your knees. | 3. Grasp the handles with an overhand grip and extend your arms out to the sides, keeping a slight bend in your elbows. | 4. Maintaining control, slowly bring your arms forward in a sweeping motion, crossing them in front of your body. | 5. Pause for a moment at the peak of the movement, feeling the stretch in your chest muscles. | 6. Reverse the motion and slowly return your arms to the starting position, keeping tension on your chest muscles throughout. | 7. Repeat for the desired number of repetitions."
"EX-0302";"0302";"Crucifixo declinado com halteres";"dumbbell decline fly";"Peito";"Haltere";"Peitorais";"ombros";"Sem sprites; sem mapeamento de animação";"";"0302-dumbbell-decline-fly";"1. Lie on a decline bench with your feet secured and your head lower than your hips. | 2. Hold a dumbbell in each hand with your palms facing each other and your arms extended above your chest. | 3. Lower the dumbbells out to the sides in a wide arc until you feel a stretch in your chest. | 4. Pause for a moment, then squeeze your chest muscles to bring the dumbbells back to the starting position. | 5. Repeat for the desired number of repetitions."
"EX-0158";"0158";"Crucifixo declinado no cabo";"cable decline fly";"Peito";"Cabo";"Peitorais";"ombros, tríceps";"Sem sprites; sem mapeamento de animação";"";"0158-cable-decline-fly";"1. Adjust the cable machine to a decline position. | 2. Stand facing away from the machine with your feet shoulder-width apart. | 3. Hold the handles with your palms facing forward and your arms extended straight out in front of you. | 4. Keeping a slight bend in your elbows, open your arms out to the sides in a controlled motion. | 5. Pause for a moment at the fully extended position, then slowly return to the starting position. | 6. Repeat for the desired number of repetitions."
"EX-1276";"1276";"Crucifixo declinado unilateral com halteres";"dumbbell decline one arm fly";"Peito";"Haltere";"Peitorais";"ombros";"Sem sprites; sem mapeamento de animação";"";"1276-dumbbell-decline-one-arm-fly";"1. Lie down on a decline bench with a dumbbell in one hand, resting it on your thigh. | 2. Using your thigh to help raise the dumbbell, lift it up to shoulder width with your palm facing your torso. | 3. Rotate your wrist so that the palm of your hand is facing forward. | 4. As you breathe in, lower the dumbbell slowly to the side until you feel a stretch in your chest. | 5. Exhale and use your chest muscles to bring the dumbbell back up to the starting position. | 6. Repeat for the desired number of repetitions, then switch arms."
"EX-0185";"0185";"Crucifixo deitado no cabo";"cable lying fly";"Peito";"Cabo";"Peitorais";"deltoides, tríceps";"Sem sprites; sem mapeamento de animação";"";"0185-cable-lying-fly";"1. Attach the handles to the cables and lie flat on a bench with your feet flat on the ground. | 2. Hold the handles with your palms facing each other and your arms extended straight above your chest. | 3. Keeping a slight bend in your elbows, lower your arms out to the sides in a wide arc until you feel a stretch in your chest. | 4. Pause for a moment, then squeeze your chest muscles to bring your arms back to the starting position. | 5. Repeat for the desired number of repetitions."
"EX-3234";"3234";"Crucifixo hyght halter";"hyght dumbbell fly";"Peito";"Haltere";"Peitorais";"ombros";"Sem sprites; sem mapeamento de animação";"";"3234-hyght-dumbbell-fly";"1. Lie flat on a bench with a dumbbell in each hand, palms facing each other. | 2. Extend your arms straight up over your chest, with a slight bend in your elbows. | 3. Keeping a slight bend in your elbows, lower the dumbbells out to the sides in a wide arc until you feel a stretch in your chest. | 4. Pause for a moment, then reverse the movement and bring the dumbbells back to the starting position. | 5. Repeat for the desired number of repetitions."
"EX-0170";"0170";"Crucifixo inclinado (na bola suíça) no cabo";"cable incline fly (on stability ball)";"Peito";"Cabo";"Peitorais";"deltoides, tríceps";"Sem sprites; sem mapeamento de animação";"";"0170-cable-incline-fly-on-stability-ball";"1. Set up a stability ball at an incline angle. | 2. Attach the cable handles to the high pulleys of a cable machine. | 3. Sit on the stability ball facing away from the machine, with your feet firmly planted on the ground. | 4. Grasp the cable handles with an overhand grip, palms facing forward. | 5. Lean forward slightly, keeping your back straight and core engaged. | 6. With a controlled motion, bring your arms out to the sides, keeping a slight bend in your elbows. | 7. Continue the motion until your arms are parallel to the ground. | 8. Pause for a moment, then slowly return to the starting position. | 9. Repeat for the desired number of repetitions."
"EX-0319";"0319";"Crucifixo inclinado com halteres";"dumbbell incline fly";"Peito";"Haltere";"Peitorais";"ombros";"Sem sprites; sem mapeamento de animação";"";"0319-dumbbell-incline-fly";"1. Set an incline bench to a 45-degree angle. | 2. Sit on the bench with a dumbbell in each hand, palms facing each other. | 3. Lie back on the bench and press the dumbbells up to the starting position, directly above your chest. | 4. Lower the dumbbells out to the sides in a wide arc until you feel a stretch in your chest. | 5. Pause for a moment, then squeeze your chest muscles to bring the dumbbells back up to the starting position. | 6. Repeat for the desired number of repetitions."
"EX-1278";"1278";"Crucifixo inclinado no bola suíça com halteres";"dumbbell incline fly on exercise ball";"Peito";"Haltere";"Peitorais";"ombros";"Sem sprites; sem mapeamento de animação";"";"1278-dumbbell-incline-fly-on-exercise-ball";"1. Set up an incline bench at a 45-degree angle. | 2. Sit on an exercise ball and roll forward until your upper back is resting on the incline bench. | 3. Hold a dumbbell in each hand with your palms facing each other and your arms extended above your chest. | 4. Lower the dumbbells out to the sides in a wide arc until you feel a stretch in your chest. | 5. Pause for a moment, then squeeze your chest muscles to bring the dumbbells back to the starting position. | 6. Repeat for the desired number of repetitions."
"EX-1279";"1279";"Crucifixo inclinado unilateral com halteres";"dumbbell incline one arm fly";"Peito";"Haltere";"Peitorais";"deltoides, tríceps";"Sem sprites; sem mapeamento de animação";"";"1279-dumbbell-incline-one-arm-fly";"1. Adjust the incline bench to a 30-45 degree angle. | 2. Sit on the bench with a dumbbell in one hand, resting it on your thigh. | 3. Lie back on the bench, keeping your feet flat on the ground. | 4. Hold the dumbbell with your arm extended straight up over your chest. | 5. Lower the dumbbell out to the side in a wide arc, keeping a slight bend in your elbow. | 6. Pause when your arm is parallel to the ground, then reverse the motion to bring the dumbbell back to the starting position. | 7. Repeat for the desired number of repetitions, then switch arms."
"EX-1280";"1280";"Crucifixo inclinado unilateral no bola suíça com halteres";"dumbbell incline one arm fly on exercise ball";"Peito";"Haltere";"Peitorais";"ombros";"Sem sprites; sem mapeamento de animação";"";"1280-dumbbell-incline-one-arm-fly-on-exercise-ball";"1. Sit on an exercise ball with a dumbbell in one hand. | 2. Walk your feet forward and roll your body down until your head, neck, and upper back are supported on the ball. | 3. Hold the dumbbell with your arm extended straight up over your chest, palm facing inwards. | 4. Slowly lower the dumbbell out to the side, keeping a slight bend in your elbow. | 5. Pause for a moment when your arm is parallel to the ground. | 6. Engage your chest muscles to bring the dumbbell back up to the starting position. | 7. Repeat for the desired number of repetitions, then switch arms."
"EX-0188";"0188";"Crucifixo médio no cabo";"cable middle fly";"Peito";"Cabo";"Peitorais";"deltoides, tríceps";"Sem sprites; sem mapeamento de animação";"";"0188-cable-middle-fly";"1. Attach cables to both sides of a cable machine at chest height. | 2. Stand in the center of the machine with one foot slightly in front of the other. | 3. Grasp the handles with an overhand grip and extend your arms out to the sides. | 4. Keep a slight bend in your elbows and maintain a slight forward lean. | 5. Engage your chest muscles and bring your arms forward in a sweeping motion. | 6. Pause for a moment at the center, then slowly return your arms back to the starting position. | 7. Repeat for the desired number of repetitions."
"EX-1277";"1277";"Crucifixo no bola suíça com halteres";"dumbbell fly on exercise ball";"Peito";"Haltere";"Peitorais";"ombros, tríceps";"Sem sprites; sem mapeamento de animação";"";"1277-dumbbell-fly-on-exercise-ball";"1. Sit on an exercise ball and hold a dumbbell in each hand. | 2. Walk your feet forward and roll your body down until your head, neck, and upper back are supported by the ball. | 3. Extend your arms straight up above your chest, palms facing each other. | 4. Bend your elbows slightly and lower your arms out to the sides in a wide arc until you feel a stretch in your chest. | 5. Pause for a moment, then reverse the movement and squeeze your chest muscles as you bring the dumbbells back to the starting position. | 6. Repeat for the desired number of repetitions."
"EX-0458";"0458";"Crucifixo no chão (com barra)";"floor fly (with barbell)";"Peito";"Barra";"Peitorais";"deltoides, tríceps";"Sem sprites; sem mapeamento de animação";"";"0458-floor-fly-with-barbell";"1. Lie flat on your back on the floor with your knees bent and feet flat on the ground. | 2. Hold a barbell with an overhand grip, arms extended straight up over your chest. | 3. Slowly lower the barbell out to the sides, keeping a slight bend in your elbows. | 4. Lower the barbell until your arms are parallel to the floor, feeling a stretch in your chest. | 5. Pause for a moment, then squeeze your chest muscles to bring the barbell back to the starting position. | 6. Repeat for the desired number of repetitions."
"EX-0596";"0596";"Crucifixo sentado na máquina articulada";"lever seated fly";"Peito";"Máquina articulada";"Peitorais";"deltoides, trapézio";"Sem sprites; sem mapeamento de animação";"";"0596-lever-seated-fly";"1. Adjust the seat height and position yourself on the machine with your back against the pad. | 2. Grasp the handles with a pronated grip and keep your elbows slightly bent. | 3. Exhale and push the handles forward, bringing them together in front of your chest. | 4. Pause for a moment, squeezing your chest muscles. | 5. Inhale and slowly return to the starting position, allowing your chest muscles to stretch. | 6. Repeat for the desired number of repetitions."
"EX-1285";"1285";"Crucifixo unilateral banco com halteres";"dumbbell one arm bench fly";"Peito";"Haltere";"Peitorais";"ombros";"Sem sprites; sem mapeamento de animação";"";"1285-dumbbell-one-arm-bench-fly";"1. Sit on a flat bench with a dumbbell in one hand, resting it on top of your thigh. | 2. Lie back on the bench, keeping the dumbbell pressed against your thigh. | 3. Using your free hand, help lift the dumbbell up to the starting position. | 4. Hold the dumbbell directly above your shoulder with your arm extended and palm facing inward. | 5. Lower the dumbbell out to the side in a wide arc, keeping a slight bend in your elbow. | 6. Pause when your arm is parallel to the ground, then reverse the movement and bring the dumbbell back to the starting position. | 7. Repeat for the desired number of repetitions, then switch arms and repeat."
"EX-1262";"1262";"Crucifixo unilateral declinado peitoral no cabo";"cable one arm decline chest fly";"Peito";"Cabo";"Peitorais";"ombros, tríceps";"Sem sprites; sem mapeamento de animação";"";"1262-cable-one-arm-decline-chest-fly";"1. Attach a D-handle to a low pulley cable machine and set the bench to a decline angle. | 2. Lie down on the bench with your head towards the machine and grab the handle with your right hand. | 3. Extend your arm straight up above your chest, keeping a slight bend in your elbow. | 4. With a controlled motion, lower your arm out to the side until your hand is in line with your shoulder. | 5. Pause for a moment, then reverse the motion and bring your arm back to the starting position. | 6. Repeat for the desired number of repetitions, then switch to your left arm and repeat the exercise."
"EX-1264";"1264";"Crucifixo unilateral inclinado no bola suíça no cabo";"cable one arm incline fly on exercise ball";"Peito";"Cabo";"Peitorais";"deltoides, tríceps";"Sem sprites; sem mapeamento de animação";"";"1264-cable-one-arm-incline-fly-on-exercise-ball";"1. Sit on an exercise ball with your feet flat on the ground and your back against an incline bench. | 2. Hold a cable handle in one hand with your arm extended and palm facing inward. | 3. Keeping a slight bend in your elbow, slowly lower your arm out to the side until your hand is in line with your shoulder. | 4. Pause for a moment, then squeeze your chest muscles to bring your arm back to the starting position. | 5. Repeat for the desired number of repetitions, then switch arms."
"EX-1288";"1288";"Crucifixo unilateral no bola suíça com halteres";"dumbbell one arm fly on exercise ball";"Peito";"Haltere";"Peitorais";"ombros, tríceps";"Sem sprites; sem mapeamento de animação";"";"1288-dumbbell-one-arm-fly-on-exercise-ball";"1. Sit on an exercise ball with a dumbbell in one hand and your feet flat on the ground. | 2. Walk your feet forward and roll your body down until your upper back is resting on the exercise ball. | 3. Extend your arm with the dumbbell straight up above your chest, palm facing inwards. | 4. Slowly lower the dumbbell out to the side, keeping a slight bend in your elbow. | 5. Pause for a moment, then squeeze your chest muscles to bring the dumbbell back to the starting position. | 6. Repeat for the desired number of repetitions, then switch arms."
"EX-1292";"1292";"Crucifixo unilateral no bola suíça com halteres";"dumbbell one leg fly on exercise ball";"Peito";"Haltere";"Peitorais";"ombros, tríceps";"Sem sprites; sem mapeamento de animação";"";"1292-dumbbell-one-leg-fly-on-exercise-ball";"1. Sit on an exercise ball with a dumbbell in each hand, palms facing each other. | 2. Place one foot on the ground and extend the other leg straight out in front of you. | 3. Lean forward slightly and bring your arms out to the sides, keeping a slight bend in your elbows. | 4. Slowly lower the dumbbells down and out to the sides, feeling a stretch in your chest. | 5. Pause for a moment at the bottom, then squeeze your chest muscles to bring the dumbbells back up to the starting position. | 6. Repeat for the desired number of repetitions, then switch legs and repeat."
"EX-1263";"1263";"Crucifixo unilateral no bola suíça no cabo";"cable one arm fly on exercise ball";"Peito";"Cabo";"Peitorais";"deltoides, tríceps";"Sem sprites; sem mapeamento de animação";"";"1263-cable-one-arm-fly-on-exercise-ball";"1. Sit on an exercise ball with your feet flat on the ground and your back straight. | 2. Hold a cable handle in one hand and extend your arm out to the side, parallel to the ground. | 3. Keep your elbow slightly bent and your palm facing forward. | 4. Slowly bring your arm across your body, squeezing your chest muscles. | 5. Pause for a moment at the end of the movement, then slowly return to the starting position. | 6. Repeat for the desired number of repetitions, then switch sides."
"EX-1286";"1286";"Crucifixo unilateral peitoral no bola suíça com halteres";"dumbbell one arm chest fly on exercise ball";"Peito";"Haltere";"Peitorais";"ombros, tríceps";"Sem sprites; sem mapeamento de animação";"";"1286-dumbbell-one-arm-chest-fly-on-exercise-ball";"1. Sit on an exercise ball with a dumbbell in one hand and your feet flat on the ground. | 2. Walk your feet forward, rolling the ball until your upper back is supported on the ball and your head, neck, and shoulders are off the ball. | 3. Extend your arm with the dumbbell straight up above your chest, palm facing inward. | 4. Slowly lower the dumbbell out to the side, keeping a slight bend in your elbow. | 5. Pause for a moment when your arm is parallel to the ground. | 6. Engage your chest muscles to bring the dumbbell back up to the starting position. | 7. Repeat for the desired number of repetitions, then switch arms."
"EX-0155";"0155";"Cruzado sobre variação no cabo";"cable cross-over variation";"Peito";"Cabo";"Peitorais";"deltoides, tríceps";"Sem sprites; sem mapeamento de animação";"";"0155-cable-cross-over-variation";"1. Adjust the cable pulleys to chest height. | 2. Stand in the center of the cable machine with one foot in front of the other. | 3. Grasp the handles with your palms facing down and your arms extended out to the sides. | 4. Take a step forward, keeping your arms slightly bent. | 5. With a slight bend in your elbows, bring your hands together in front of your chest. | 6. Pause for a moment, then slowly return your arms back to the starting position. | 7. Repeat for the desired number of repetitions."
"EX-0519";"0519";"Desenvolvimento alternado no chão com kettlebell";"kettlebell alternating press on floor";"Peito";"Kettlebell";"Peitorais";"ombros, tríceps";"Sem sprites; sem mapeamento de animação";"";"0519-kettlebell-alternating-press-on-floor";"1. Start by lying on your back on the floor with your knees bent and feet flat on the ground. | 2. Hold a kettlebell in each hand, with your palms facing towards your feet and your arms extended straight up towards the ceiling. | 3. Lower one kettlebell down towards your shoulder while keeping the other kettlebell extended straight up. | 4. Press the lowered kettlebell back up to the starting position while simultaneously lowering the other kettlebell down towards your shoulder. | 5. Continue alternating the press motion with each kettlebell for the desired number of repetitions."
"EX-0764";"0764";"Desenvolvimento com pegada invertida no aparelho Smith";"smith reverse-grip press";"Peito";"Máquina Smith";"Peitorais";"tríceps, ombros";"Sem sprites; sem mapeamento de animação";"";"0764-smith-reverse-grip-press";"1. Adjust the height of the smith machine bar to chest level. | 2. Stand facing the bar with your feet shoulder-width apart. | 3. Grasp the bar with an overhand grip, hands slightly wider than shoulder-width apart. | 4. Step back and position yourself with a slight bend in your knees. | 5. Keep your chest up and core engaged throughout the exercise. | 6. Lower the bar towards your chest, keeping your elbows tucked in. | 7. Pause for a moment at the bottom, then push the bar back up to the starting position. | 8. Repeat for the desired number of repetitions."
"EX-0036";"0036";"Desenvolvimento declinado com pegada aberta com barra";"barbell decline wide-grip press";"Peito";"Barra";"Peitorais";"tríceps, ombros";"Sem sprites; sem mapeamento de animação";"";"0036-barbell-decline-wide-grip-press";"1. Lie on a decline bench with your feet secured and your head lower than your hips. | 2. Grasp the barbell with a wide grip, slightly wider than shoulder-width apart. | 3. Lower the barbell to your chest, keeping your elbows out to the sides. | 4. Push the barbell back up to the starting position, fully extending your arms. | 5. Repeat for the desired number of repetitions."
"EX-0754";"0754";"Desenvolvimento declinado com pegada invertida no aparelho Smith";"smith decline reverse-grip press";"Peito";"Máquina Smith";"Peitorais";"tríceps, ombros";"Sem sprites; sem mapeamento de animação";"";"0754-smith-decline-reverse-grip-press";"1. Adjust the smith machine to a decline position. | 2. Lie down on the bench with your feet secured under the foot pads. | 3. Grasp the barbell with a reverse grip, hands slightly wider than shoulder-width apart. | 4. Unrack the barbell and lower it towards your chest, keeping your elbows tucked in. | 5. Pause for a moment at the bottom, then push the barbell back up to the starting position. | 6. Repeat for the desired number of repetitions."
"EX-0303";"0303";"Desenvolvimento declinado martelo com halteres";"dumbbell decline hammer press";"Peito";"Haltere";"Peitorais";"tríceps, ombros";"Sem sprites; sem mapeamento de animação";"";"0303-dumbbell-decline-hammer-press";"1. Lie on a decline bench with your feet secured and your head lower than your hips. | 2. Hold a dumbbell in each hand with your palms facing each other and your arms extended above your chest. | 3. Lower the dumbbells to the sides of your chest, keeping your elbows slightly bent. | 4. Press the dumbbells back up to the starting position, fully extending your arms. | 5. Repeat for the desired number of repetitions."
"EX-1261";"1261";"Desenvolvimento declinado no cabo";"cable decline press";"Peito";"Cabo";"Peitorais";"tríceps, ombros";"Sem sprites; sem mapeamento de animação";"";"1261-cable-decline-press";"1. Adjust the cable machine to a decline position. | 2. Sit on the decline bench facing the cable machine. | 3. Grasp the handles with an overhand grip and position them at chest level. | 4. Keep your feet flat on the ground and your back firmly against the bench. | 5. Exhale and push the handles away from your body, extending your arms fully. | 6. Pause for a moment at the end of the movement, squeezing your chest muscles. | 7. Inhale and slowly return the handles back to the starting position. | 8. Repeat for the desired number of repetitions."
"EX-1260";"1260";"Desenvolvimento declinado unilateral no cabo";"cable decline one arm press";"Peito";"Cabo";"Peitorais";"tríceps, ombros";"Sem sprites; sem mapeamento de animação";"";"1260-cable-decline-one-arm-press";"1. Adjust the cable machine to a decline position. | 2. Stand facing away from the machine and grab the handle with one hand. | 3. Position yourself with your back against the decline bench and your arm extended straight in front of you. | 4. Bend your elbow and lower the handle towards your chest while keeping your upper arm stationary. | 5. Pause for a moment at the bottom, then push the handle back up to the starting position. | 6. Repeat for the desired number of repetitions, then switch arms."
"EX-0340";"0340";"Desenvolvimento deitado martelo com halteres";"dumbbell lying hammer press";"Peito";"Haltere";"Peitorais";"tríceps, ombros";"Sem sprites; sem mapeamento de animação";"";"0340-dumbbell-lying-hammer-press";"1. Lie flat on a bench with a dumbbell in each hand, palms facing each other and arms extended straight up. | 2. Lower the dumbbells to the sides of your chest, keeping your elbows at a 90-degree angle. | 3. Press the dumbbells back up to the starting position, fully extending your arms. | 4. Repeat for the desired number of repetitions."
"EX-0343";"0343";"Desenvolvimento deitado unilateral com halteres";"dumbbell lying one arm press";"Peito";"Haltere";"Peitorais";"tríceps, ombros";"Sem sprites; sem mapeamento de animação";"";"0343-dumbbell-lying-one-arm-press";"1. Lie flat on a bench with a dumbbell in one hand and your feet flat on the ground. | 2. Hold the dumbbell at shoulder level with your palm facing forward. | 3. Press the dumbbell upward until your arm is fully extended. | 4. Pause for a moment at the top, then slowly lower the dumbbell back to the starting position. | 5. Repeat for the desired number of repetitions, then switch to the other arm."
"EX-0342";"0342";"Desenvolvimento deitado unilateral versão 2 com halteres";"dumbbell lying one arm press v. 2";"Peito";"Haltere";"Peitorais";"tríceps, ombros";"Sem sprites; sem mapeamento de animação";"";"0342-dumbbell-lying-one-arm-press-v-2";"1. Lie flat on a bench with your back supported and feet flat on the ground. | 2. Hold a dumbbell in one hand with your palm facing towards your feet. | 3. Extend your arm straight up towards the ceiling, keeping your elbow slightly bent. | 4. Slowly lower the dumbbell down towards your chest, keeping your elbow close to your body. | 5. Pause for a moment at the bottom, then push the dumbbell back up to the starting position. | 6. Repeat for the desired number of repetitions, then switch to the other arm."
"EX-0531";"0531";"Desenvolvimento estendido amplitude unilateral no chão com kettlebell";"kettlebell extended range one arm press on floor";"Peito";"Kettlebell";"Peitorais";"tríceps, ombros";"Sem sprites; sem mapeamento de animação";"";"0531-kettlebell-extended-range-one-arm-press-on-floor";"1. Start by lying on your back on the floor with your knees bent and feet flat on the ground. | 2. Hold a kettlebell in one hand, with your palm facing towards your feet. | 3. Extend your arm straight up towards the ceiling, keeping your elbow locked and your wrist straight. | 4. Slowly lower the kettlebell back down to the starting position, maintaining control throughout the movement. | 5. Repeat for the desired number of repetitions, then switch to the other arm."
"EX-3545";"3545";"Desenvolvimento inclinado alternado com halteres";"dumbbell incline alternate press";"Peito";"Haltere";"Peitorais";"ombros, tríceps";"Sem sprites; sem mapeamento de animação";"";"3545-dumbbell-incline-alternate-press";"1. Sit on an incline bench with a dumbbell in each hand, resting on your thighs. | 2. Lean back on the bench and use your thighs to help raise the dumbbells to shoulder height, palms facing forward. | 3. Once at shoulder height, rotate your wrists so that the palms of your hands are facing forward. | 4. Push the dumbbells up with your chest and shoulders, extending your arms fully. | 5. Lower the dumbbells back down to the starting position, keeping your elbows slightly bent. | 6. Repeat for the desired number of repetitions, alternating arms."
"EX-0758";"0758";"Desenvolvimento inclinado com pegada invertida no aparelho Smith";"smith incline reverse-grip press";"Peito";"Máquina Smith";"Peitorais";"tríceps, ombros";"Sem sprites; sem mapeamento de animação";"";"0758-smith-incline-reverse-grip-press";"1. Adjust the seat of the smith machine to a comfortable incline angle. | 2. Sit on the machine with your back against the pad and your feet flat on the ground. | 3. Grasp the bar with an overhand grip that is slightly wider than shoulder-width apart. | 4. Unrack the bar and lower it slowly towards your chest, keeping your elbows tucked in. | 5. Pause for a moment when the bar is just above your chest. | 6. Push the bar back up to the starting position, fully extending your arms. | 7. Repeat for the desired number of repetitions."
"EX-1283";"1283";"Desenvolvimento inclinado no bola suíça com halteres";"dumbbell incline press on exercise ball";"Peito";"Haltere";"Peitorais";"ombros, tríceps";"Sem sprites; sem mapeamento de animação";"";"1283-dumbbell-incline-press-on-exercise-ball";"1. Sit on an exercise ball with a dumbbell in each hand, palms facing forward. | 2. Slowly walk your feet forward, rolling your body down the ball until your head, neck, and upper back are supported on the ball. | 3. Hold the dumbbells at shoulder level, elbows bent and pointing out to the sides. | 4. Press the dumbbells upward, extending your arms fully. | 5. Pause for a moment at the top, then slowly lower the dumbbells back to the starting position. | 6. Repeat for the desired number of repetitions."
"EX-0324";"0324";"Desenvolvimento inclinado palma em com halteres";"dumbbell incline palm-in press";"Peito";"Haltere";"Peitorais";"ombros, tríceps";"Sem sprites; sem mapeamento de animação";"";"0324-dumbbell-incline-palm-in-press";"1. Set up an incline bench at a 45-degree angle. | 2. Sit on the bench with a dumbbell in each hand, palms facing each other. | 3. Plant your feet firmly on the ground and keep your back straight against the bench. | 4. Start with the dumbbells at shoulder level, elbows bent and palms facing each other. | 5. Press the dumbbells up and away from your body, extending your arms fully. | 6. Pause for a moment at the top, then slowly lower the dumbbells back to the starting position. | 7. Repeat for the desired number of repetitions."
"EX-1281";"1281";"Desenvolvimento inclinado unilateral com halteres";"dumbbell incline one arm press";"Peito";"Haltere";"Peitorais";"ombros, tríceps";"Sem sprites; sem mapeamento de animação";"";"1281-dumbbell-incline-one-arm-press";"1. Sit on an incline bench with a dumbbell in one hand, resting on your thigh. | 2. Lie back on the bench and position the dumbbell at shoulder level, palm facing forward. | 3. Press the dumbbell upward and slightly inward, extending your arm fully. | 4. Pause for a moment at the top, then slowly lower the dumbbell back to the starting position. | 5. Repeat for the desired number of repetitions, then switch to the other arm."
"EX-1282";"1282";"Desenvolvimento inclinado unilateral no bola suíça com halteres";"dumbbell incline one arm press on exercise ball";"Peito";"Haltere";"Peitorais";"ombros, tríceps";"Sem sprites; sem mapeamento de animação";"";"1282-dumbbell-incline-one-arm-press-on-exercise-ball";"1. Sit on an exercise ball with a dumbbell in one hand, feet flat on the ground. | 2. Slowly walk your feet forward, rolling the ball until your head, neck, and upper back are supported on the ball. | 3. Hold the dumbbell at shoulder height with your palm facing forward. | 4. Press the dumbbell upward until your arm is fully extended. | 5. Pause for a moment at the top, then slowly lower the dumbbell back to the starting position. | 6. Repeat for the desired number of repetitions, then switch to the other arm."
"EX-1293";"1293";"Desenvolvimento no bola suíça com halteres";"dumbbell press on exercise ball";"Peito";"Haltere";"Peitorais";"ombros, tríceps";"Sem sprites; sem mapeamento de animação";"";"1293-dumbbell-press-on-exercise-ball";"1. Sit on an exercise ball with your feet flat on the ground and dumbbells in each hand, resting on your thighs. | 2. Slowly walk your feet forward, rolling the exercise ball until your lower back is supported on the ball and your knees are at a 90-degree angle. | 3. Raise the dumbbells to shoulder height, palms facing forward. | 4. Press the dumbbells upward until your arms are fully extended. | 5. Pause for a moment at the top, then slowly lower the dumbbells back to the starting position. | 6. Repeat for the desired number of repetitions."
"EX-1268";"1268";"Desenvolvimento no bola suíça no cabo";"cable press on exercise ball";"Peito";"Cabo";"Peitorais";"ombros, tríceps";"Sem sprites; sem mapeamento de animação";"";"1268-cable-press-on-exercise-ball";"1. Sit on an exercise ball with your feet flat on the ground and your knees at a 90-degree angle. | 2. Hold the cable handles at chest height with your palms facing down and your elbows bent. | 3. Engage your core and press the cable handles forward until your arms are fully extended. | 4. Pause for a moment, then slowly release the tension and bring the cable handles back to the starting position. | 5. Repeat for the desired number of repetitions."
"EX-0856";"0856";"Desenvolvimento svend com peso adicional";"weighted svend press";"Peito";"Com carga";"Peitorais";"ombros, tríceps";"Sem sprites; sem mapeamento de animação";"";"0856-weighted-svend-press";"1. Stand with your feet shoulder-width apart and hold a weight plate in front of your chest with both hands. | 2. Keep your elbows slightly bent and your palms facing each other. | 3. Press the weight plate straight out in front of you, fully extending your arms. | 4. Pause for a moment at the end of the movement, then slowly bring the weight plate back to the starting position. | 5. Repeat for the desired number of repetitions."
"EX-1622";"1622";"Desenvolvimento unilateral com pegada invertida com halteres";"dumbbell one arm reverse grip press";"Peito";"Haltere";"Peitorais";"tríceps, ombros";"Sem sprites; sem mapeamento de animação";"";"1622-dumbbell-one-arm-reverse-grip-press";"1. Sit on a flat bench with a dumbbell in one hand, palm facing towards your body. | 2. Place your feet flat on the ground and keep your back straight. | 3. Raise the dumbbell to shoulder height, keeping your elbow close to your body. | 4. Press the dumbbell upwards until your arm is fully extended. | 5. Pause for a moment at the top, then slowly lower the dumbbell back to the starting position. | 6. Repeat for the desired number of repetitions, then switch to the other arm."
"EX-1266";"1266";"Desenvolvimento unilateral inclinado no bola suíça no cabo";"cable one arm incline press on exercise ball";"Peito";"Cabo";"Peitorais";"ombros, tríceps";"Sem sprites; sem mapeamento de animação";"";"1266-cable-one-arm-incline-press-on-exercise-ball";"1. Sit on an exercise ball with your feet flat on the ground and your back resting against an incline bench. | 2. Hold a cable handle in one hand and position your arm at a 90-degree angle with your elbow bent. | 3. Press the cable handle forward and upward, extending your arm fully. | 4. Pause for a moment at the top, then slowly lower the cable handle back to the starting position. | 5. Repeat for the desired number of repetitions, then switch to the other arm."
"EX-1290";"1290";"Desenvolvimento unilateral no bola suíça com halteres";"dumbbell one arm press on exercise ball";"Peito";"Haltere";"Peitorais";"ombros, tríceps, core";"Sem sprites; sem mapeamento de animação";"";"1290-dumbbell-one-arm-press-on-exercise-ball";"1. Sit on an exercise ball with your feet flat on the ground and your knees bent at a 90-degree angle. | 2. Hold a dumbbell in one hand and position it at shoulder height, with your elbow bent and palm facing forward. | 3. Slowly press the dumbbell upward until your arm is fully extended, while keeping your core engaged and maintaining balance on the exercise ball. | 4. Pause for a moment at the top, then slowly lower the dumbbell back to the starting position. | 5. Repeat for the desired number of repetitions, then switch to the other arm."
"EX-1267";"1267";"Desenvolvimento unilateral no bola suíça no cabo";"cable one arm press on exercise ball";"Peito";"Cabo";"Peitorais";"ombros, tríceps";"Sem sprites; sem mapeamento de animação";"";"1267-cable-one-arm-press-on-exercise-ball";"1. Sit on an exercise ball with your feet flat on the ground and your back straight. | 2. Hold a cable handle in one hand and position your arm at chest height, elbow bent. | 3. Place your other hand on your hip for stability. | 4. Press the cable handle forward, extending your arm fully. | 5. Pause for a moment, then slowly return to the starting position. | 6. Repeat for the desired number of repetitions, then switch arms."
"EX-1298";"1298";"Desenvolvimento unilateral no chão com kettlebell";"kettlebell one arm floor press";"Peito";"Kettlebell";"Peitorais";"tríceps, ombros";"Sem sprites; sem mapeamento de animação";"";"1298-kettlebell-one-arm-floor-press";"1. Lie flat on your back on the floor with your knees bent and feet flat on the ground. | 2. Hold the kettlebell in one hand with your palm facing towards your feet and your arm extended straight up towards the ceiling. | 3. Slowly lower the kettlebell towards your chest by bending your elbow, keeping your upper arm close to your body. | 4. Pause for a moment when the kettlebell is just above your chest, then push it back up to the starting position by extending your elbow. | 5. Repeat for the desired number of repetitions, then switch to the other arm."
"EX-0040";"0040";"Elevação frontal e pulôver com barra";"barbell front raise and pullover";"Peito";"Barra";"Peitorais";"deltoides, tríceps";"Sem sprites; sem mapeamento de animação";"";"0040-barbell-front-raise-and-pullover";"1. Stand with your feet shoulder-width apart and hold a barbell with an overhand grip, palms facing down. | 2. Keep your arms straight and raise the barbell in front of you until it reaches shoulder height. | 3. Pause for a moment at the top, then slowly lower the barbell back down to the starting position. | 4. Next, lower the barbell behind your head, keeping your arms straight. | 5. Pause for a moment at the bottom, then raise the barbell back up to the starting position. | 6. Repeat for the desired number of repetitions."
"EX-0050";"0050";"Elevação inclinado ombro com barra";"barbell incline shoulder raise";"Peito";"Barra";"Serrátil anterior";"deltoides, trapézio";"Sem sprites; sem mapeamento de animação";"";"0050-barbell-incline-shoulder-raise";"1. Set up an incline bench at a 45-degree angle. | 2. Sit on the bench with your back against the pad and feet flat on the ground. | 3. Hold a barbell with an overhand grip, slightly wider than shoulder-width apart. | 4. Lift the barbell up to shoulder height, keeping your elbows slightly bent. | 5. Slowly raise the barbell overhead, extending your arms fully. | 6. Pause for a moment at the top, then slowly lower the barbell back to shoulder height. | 7. Repeat for the desired number of repetitions."
"EX-0328";"0328";"Elevação inclinado ombro com halteres";"dumbbell incline shoulder raise";"Peito";"Haltere";"Serrátil anterior";"deltoides, trapézio";"Sem sprites; sem mapeamento de animação";"";"0328-dumbbell-incline-shoulder-raise";"1. Set an incline bench to a 45-degree angle and sit on it with a dumbbell in each hand, palms facing down. | 2. Rest the dumbbells on your thighs and lean back onto the bench. | 3. Use your thighs to help raise the dumbbells to shoulder height, then rotate your wrists so that your palms are facing forward. | 4. Exhale and slowly raise the dumbbells above your head, keeping a slight bend in your elbows. | 5. Pause for a moment at the top, then inhale and slowly lower the dumbbells back to shoulder height. | 6. Repeat for the desired number of repetitions."
"EX-1269";"1269";"Em pé acima estendido cruzamentos no cabo";"cable standing up straight crossovers";"Peito";"Cabo";"Peitorais";"deltoides, tríceps";"Sem sprites; sem mapeamento de animação";"";"1269-cable-standing-up-straight-crossovers";"1. Stand in the middle of a cable machine with your feet shoulder-width apart. | 2. Hold the handles of the cables with your palms facing down and your arms extended straight out to the sides. | 3. Keeping your arms straight, bring your hands together in front of your body, crossing them over each other. | 4. Pause for a moment, then slowly return to the starting position, keeping your arms extended. | 5. Repeat for the desired number of repetitions."
"EX-1303";"1303";"Empurrada peitoral a partir de 3 pontos base com bola medicinal";"medicine ball chest push from 3 point stance";"Peito";"Bola medicinal";"Peitorais";"ombros, tríceps";"Sem sprites; sem mapeamento de animação";"";"1303-medicine-ball-chest-push-from-3-point-stance";"1. Start in a 3 point stance with one hand on the medicine ball and the other hand on the ground. | 2. Extend your legs and position your body in a straight line. | 3. Lower your chest towards the ground while keeping your back straight. | 4. Push the medicine ball away from your body, extending your arm fully. | 5. Return to the starting position and repeat for the desired number of repetitions."
"EX-1312";"1312";"Empurrada peitoral com soltura com corrida com bola medicinal";"medicine ball chest push with run release";"Peito";"Bola medicinal";"Peitorais";"tríceps, ombros, core";"Sem sprites; sem mapeamento de animação";"";"1312-medicine-ball-chest-push-with-run-release";"1. Stand with your feet shoulder-width apart, holding a medicine ball at chest level. | 2. Step forward with your right foot and simultaneously push the medicine ball forward, extending your arms fully. | 3. As you push the ball forward, release it and let it roll forward. | 4. Quickly run forward and catch the ball before it hits the ground. | 5. Once you catch the ball, bring it back to your chest and repeat the movement with your left foot forward. | 6. Continue alternating legs and repeating the exercise for the desired number of repetitions."
"EX-1304";"1304";"Empurrada peitoral reação múltipla com bola medicinal";"medicine ball chest push multiple response";"Peito";"Bola medicinal";"Peitorais";"tríceps, ombros";"Sem sprites; sem mapeamento de animação";"";"1304-medicine-ball-chest-push-multiple-response";"1. Stand with your feet shoulder-width apart, holding a medicine ball at chest level. | 2. Extend your arms forward, pushing the medicine ball away from your chest. | 3. Pause for a moment, then slowly bring the medicine ball back to your chest. | 4. Repeat for the desired number of repetitions."
"EX-1305";"1305";"Empurrada peitoral reação única com bola medicinal";"medicine ball chest push single response";"Peito";"Bola medicinal";"Peitorais";"tríceps, ombros";"Sem sprites; sem mapeamento de animação";"";"1305-medicine-ball-chest-push-single-response";"1. Stand with your feet shoulder-width apart, holding the medicine ball at chest level. | 2. Extend your arms forward, pushing the medicine ball away from your chest. | 3. Pause for a moment, then slowly bring the medicine ball back to your chest. | 4. Repeat for the desired number of repetitions."
"EX-1294";"1294";"Extensão pulôver quadril no bola suíça com halteres";"dumbbell pullover hip extension on exercise ball";"Peito";"Haltere";"Peitorais";"tríceps, ombros, core";"Sem sprites; sem mapeamento de animação";"";"1294-dumbbell-pullover-hip-extension-on-exercise-ball";"1. Sit on an exercise ball with your feet flat on the ground and the dumbbell resting on your thighs. | 2. Slowly walk your feet forward, rolling the exercise ball down your back until your head, neck, and upper back are supported on the ball. | 3. Hold the dumbbell with both hands and extend your arms straight up over your chest, keeping a slight bend in your elbows. | 4. Lower the dumbbell behind your head, keeping your arms straight and maintaining control. | 5. Pause for a moment, then raise the dumbbell back to the starting position. | 6. While keeping your arms extended, lift your hips off the ground, squeezing your glutes and engaging your core. | 7. Lower your hips back down to the starting position. | 8. Repeat for the desired number of repetitions."
"EX-0653";"0653";"Flexão de braços (bosu bola)";"push-up (bosu ball)";"Peito";"Bosu";"Peitorais";"tríceps, ombros, core";"Sem sprites; sem mapeamento de animação";"";"0653-push-up-bosu-ball";"1. Place the bosu ball on the ground with the flat side facing up. | 2. Position yourself in a push-up position with your hands on the outer edges of the bosu ball. | 3. Engage your core and lower your body down towards the bosu ball by bending your elbows. | 4. Push yourself back up to the starting position by extending your arms. | 5. Repeat for the desired number of repetitions."
"EX-0655";"0655";"Flexão de braços (na bola suíça)";"push-up (on stability ball)";"Peito";"Bola de estabilidade";"Peitorais";"tríceps, ombros, core";"Sem sprites; sem mapeamento de animação";"";"0655-push-up-on-stability-ball";"1. Place the stability ball on the ground and position yourself facing down with your hands on the ball, shoulder-width apart. | 2. Extend your legs straight out behind you, balancing on your toes. | 3. Engage your core and lower your chest towards the ball by bending your elbows, keeping your body in a straight line. | 4. Pause for a moment at the bottom, then push yourself back up to the starting position by straightening your arms. | 5. Repeat for the desired number of repetitions."
"EX-0656";"0656";"Flexão de braços (na bola suíça)";"push-up (on stability ball)";"Peito";"Bola de estabilidade";"Peitorais";"tríceps, ombros, core";"Sem sprites; sem mapeamento de animação";"";"0656-push-up-on-stability-ball";"1. Place the stability ball on the ground and position yourself facing down with your hands on the ball, shoulder-width apart. | 2. Extend your legs straight out behind you, balancing on your toes. | 3. Engage your core and lower your chest towards the ball by bending your elbows, keeping your body in a straight line. | 4. Pause for a moment at the bottom, then push yourself back up to the starting position by straightening your arms. | 5. Repeat for the desired number of repetitions."
"EX-0658";"0658";"Flexão de braços (parede) versão 2";"push-up (wall) v. 2";"Peito";"Peso corporal";"Peitorais";"tríceps, ombros";"Sem sprites; sem mapeamento de animação";"";"0658-push-up-wall-v-2";"1. Stand facing a wall, about arm's length away. | 2. Place your hands on the wall at shoulder height, slightly wider than shoulder-width apart. | 3. Step back with your feet, keeping them hip-width apart. | 4. Engage your core and keep your body in a straight line from head to heels. | 5. Bend your elbows and lower your chest towards the wall, keeping your body straight. | 6. Pause for a moment, then push yourself back to the starting position. | 7. Repeat for the desired number of repetitions."
"EX-3145";"3145";"Flexão de braços adicional";"push-up plus";"Peito";"Peso corporal";"Peitorais";"tríceps, ombros";"Sem sprites; sem mapeamento de animação";"";"3145-push-up-plus";"1. Start in a high plank position with your hands slightly wider than shoulder-width apart and your body in a straight line from head to heels. | 2. Lower your body towards the ground by bending your elbows, keeping them close to your sides. | 3. Once your chest is just above the ground, push through your hands to extend your arms and lift your upper body up. | 4. At the top of the movement, protract your shoulder blades by pushing your upper back towards the ceiling. | 5. Pause for a moment, then reverse the movement by retracting your shoulder blades and lowering your body back down to the starting position. | 6. Repeat for the desired number of repetitions."
"EX-3211";"3211";"Flexão de braços ajoelhado (masculino)";"kneeling push-up (male)";"Peito";"Peso corporal";"Peitorais";"tríceps, ombros";"Sem sprites; slug já reservado";"knee-push-up";"3211-knee-push-up";"1. Start by kneeling on the ground with your hands shoulder-width apart, fingers pointing forward. | 2. Extend your legs behind you, resting on the balls of your feet, so that your body forms a straight line from head to heels. | 3. Engage your core and lower your body towards the ground by bending your elbows, keeping them close to your sides. | 4. Continue lowering until your chest is just above the ground, then push back up to the starting position by straightening your arms. | 5. Repeat for the desired number of repetitions."
"EX-0663";"0663";"Flexão de braços com bola medicinal";"push-up medicine ball";"Peito";"Bola medicinal";"Peitorais";"tríceps, ombros, core";"Sem sprites; sem mapeamento de animação";"";"0663-push-up-medicine-ball";"1. Start in a high plank position with your hands on the medicine ball, shoulder-width apart. | 2. Engage your core and lower your body towards the ground by bending your elbows, keeping your back straight. | 3. Push through your palms to extend your arms and return to the starting position. | 4. Repeat for the desired number of repetitions."
"EX-3327";"3327";"Flexão de braços completo planche";"full planche push-up";"Peito";"Peso corporal";"Peitorais";"ombros, tríceps, core";"Sem sprites; sem mapeamento de animação";"";"3327-full-planche-push-up";"1. Start in a push-up position with your hands placed slightly wider than shoulder-width apart. | 2. Engage your core and lower your body down towards the ground, keeping your elbows close to your sides. | 3. As you lower yourself, lean your body forward and lift your feet off the ground, balancing on your hands. | 4. Continue to lower your body until your chest is just above the ground. | 5. Push through your hands and extend your arms to lift your body back up to the starting position. | 6. Maintain a straight line from your head to your heels throughout the movement. | 7. Repeat for the desired number of repetitions."
"EX-0666";"0666";"Flexão de braços elevação unilateral";"raise single arm push-up";"Peito";"Peso corporal";"Peitorais";"tríceps, ombros, core";"Sem sprites; sem mapeamento de animação";"";"0666-raise-single-arm-push-up";"1. Start in a push-up position with your hands slightly wider than shoulder-width apart and your feet together. | 2. Extend one arm straight out to the side, parallel to the ground. | 3. Lower your body towards the ground by bending your elbows, keeping your back straight and core engaged. | 4. Push back up to the starting position, using your chest muscles to lift your body. | 5. Repeat with the other arm extended."
"EX-3021";"3021";"Flexão de braços escápula";"scapula push-up";"Peito";"Peso corporal";"Serrátil anterior";"tríceps, ombros";"Sem sprites; sem mapeamento de animação";"";"3021-scapula-push-up";"1. Start in a high plank position with your hands directly under your shoulders and your body in a straight line. | 2. Lower your chest towards the ground, keeping your elbows close to your body. | 3. As you lower, squeeze your shoulder blades together and push your chest forward. | 4. Pause for a moment at the bottom, then push back up to the starting position. | 5. Repeat for the desired number of repetitions."
"EX-3785";"3785";"Flexão de braços inclinado (no caixa)";"incline push-up (on box)";"Peito";"Peso corporal";"Peitorais";"tríceps, ombros";"Sem sprites; sem mapeamento de animação";"";"3785-incline-push-up-on-box";"1. Place your hands on the edge of a box or elevated surface, slightly wider than shoulder-width apart. | 2. Extend your legs behind you, resting on the balls of your feet, creating a straight line from your head to your heels. | 3. Lower your chest towards the box by bending your elbows, keeping your body in a straight line. | 4. Pause for a moment at the bottom, then push yourself back up to the starting position by straightening your arms. | 5. Repeat for the desired number of repetitions."
"EX-3011";"3011";"Flexão de braços inclinado escápula";"incline scapula push up";"Peito";"Peso corporal";"Serrátil anterior";"tríceps, ombros";"Sem sprites; sem mapeamento de animação";"";"3011-incline-scapula-push-up";"1. Set up an incline bench at a 45-degree angle. | 2. Place your hands on the bench slightly wider than shoulder-width apart. | 3. Position your feet on the ground, hip-width apart. | 4. Lower your chest towards the bench, keeping your elbows tucked in. | 5. As you lower, retract your shoulder blades, squeezing your scapulae together. | 6. Push through your palms to extend your arms and return to the starting position. | 7. Repeat for the desired number of repetitions."
"EX-0492";"0492";"Flexão de braços inclinado profundidade salto";"incline push up depth jump";"Peito";"Peso corporal";"Peitorais";"tríceps, ombros, core";"Sem sprites; sem mapeamento de animação";"";"0492-incline-push-up-depth-jump";"1. Find an elevated surface, such as a bench or step, and place your hands shoulder-width apart on the edge. | 2. Step your feet back, keeping your body in a straight line from head to heels. | 3. Lower your chest towards the edge of the surface, bending your elbows and keeping your body aligned. | 4. Push through your palms to extend your arms and return to the starting position. | 5. Jump off the edge of the surface, landing softly with your knees slightly bent. | 6. Repeat the push-up and depth jump for the desired number of repetitions."
"EX-1307";"1307";"Flexão de braços no bosu bola";"push up on bosu ball";"Peito";"Bosu";"Peitorais";"tríceps, ombros, core";"Sem sprites; sem mapeamento de animação";"";"1307-push-up-on-bosu-ball";"1. Place the bosu ball on the ground with the flat side facing up. | 2. Position yourself in a push-up position with your hands on the outer edges of the bosu ball. | 3. Engage your core and lower your body down towards the bosu ball by bending your elbows. | 4. Push yourself back up to the starting position by extending your arms. | 5. Repeat for the desired number of repetitions."
"EX-1273";"1273";"Flexão de braços palmas";"clap push up";"Peito";"Peso corporal";"Peitorais";"tríceps, ombros";"Sem sprites; sem mapeamento de animação";"";"1273-clap-push-up";"1. Start in a high plank position with your hands slightly wider than shoulder-width apart. | 2. Lower your body towards the ground by bending your elbows, keeping your core engaged. | 3. Push through your palms explosively to propel your body off the ground. | 4. While in mid-air, clap your hands together before landing back in the starting position. | 5. Repeat for the desired number of repetitions."
"EX-3216";"3216";"Flexão de braços peitoral toque (masculino)";"chest tap push-up (male)";"Peito";"Peso corporal";"Peitorais";"tríceps, ombros";"Sem sprites; sem mapeamento de animação";"";"3216-chest-tap-push-up-male";"1. Start in a high plank position with your hands slightly wider than shoulder-width apart and your body in a straight line. | 2. Lower your body towards the ground by bending your elbows, keeping them close to your sides. | 3. As you lower yourself, tap your chest with your right hand. | 4. Push yourself back up to the starting position. | 5. Repeat the movement, this time tapping your chest with your left hand. | 6. Continue alternating sides for the desired number of repetitions."
"EX-1296";"1296";"Flexão de braços pike na bola suíça";"exercise ball pike push up";"Peito";"Bola de estabilidade";"Peitorais";"ombros, tríceps, core";"Sem sprites; sem mapeamento de animação";"";"1296-exercise-ball-pike-push-up";"1. Start in a push-up position with your hands on the floor and your shins resting on the stability ball. | 2. Engage your core and lift your hips up towards the ceiling, rolling the ball towards your hands. | 3. Keep your legs straight and your body in a pike position, forming an inverted V shape. | 4. Bend your elbows and lower your upper body towards the floor, keeping your head in line with your hands. | 5. Push through your hands and extend your arms to return to the starting position. | 6. Repeat for the desired number of repetitions."
"EX-1306";"1306";"Flexão de braços pliométrico";"plyo push up";"Peito";"Peso corporal";"Peitorais";"tríceps, ombros, core";"Sem sprites; sem mapeamento de animação";"";"1306-plyo-push-up";"1. Start in a high plank position with your hands slightly wider than shoulder-width apart. | 2. Lower your chest towards the ground by bending your elbows, keeping your body in a straight line. | 3. Push explosively off the ground, using your chest muscles to propel your upper body off the ground. | 4. Land softly with your hands back in the starting position. | 5. Repeat for the desired number of repetitions."
"EX-0545";"0545";"Flexão de braços pliométrico com kettlebell";"kettlebell plyo push-up";"Peito";"Kettlebell";"Peitorais";"tríceps, ombros, core";"Sem sprites; sem mapeamento de animação";"";"0545-kettlebell-plyo-push-up";"1. Start in a high plank position with your hands on the kettlebells, shoulder-width apart. | 2. Lower your chest towards the ground, keeping your elbows close to your body. | 3. Push through your hands explosively, lifting your hands off the kettlebells and extending your arms fully. | 4. Land softly back on the kettlebells and immediately lower your chest back down for the next repetition. | 5. Repeat for the desired number of repetitions."
"EX-1274";"1274";"Flexão de braços profundo";"deep push up";"Peito";"Haltere";"Peitorais";"tríceps, ombros";"Sem sprites; sem mapeamento de animação";"";"1274-deep-push-up";"1. Start in a high plank position with your hands slightly wider than shoulder-width apart and your body in a straight line. | 2. Lower your chest towards the ground by bending your elbows, keeping them close to your body. | 3. Push through your palms to extend your arms and return to the starting position. | 4. Repeat for the desired number of repetitions."
"EX-1275";"1275";"Flexão de braços queda";"drop push up";"Peito";"Peso corporal";"Peitorais";"tríceps, ombros";"Sem sprites; sem mapeamento de animação";"";"1275-drop-push-up";"1. Start in a high plank position with your hands slightly wider than shoulder-width apart. | 2. Lower your chest towards the ground, keeping your elbows close to your body. | 3. Once your chest is just above the ground, quickly drop your knees to the ground. | 4. Push yourself back up to the starting position by extending your arms. | 5. Repeat for the desired number of repetitions."
"EX-1310";"1310";"Flexão de braços queda com peso adicional";"weighted drop push up";"Peito";"Com carga";"Peitorais";"tríceps, ombros";"Sem sprites; sem mapeamento de animação";"";"1310-weighted-drop-push-up";"1. Start in a high plank position with your hands slightly wider than shoulder-width apart and your feet together. | 2. Lower your chest towards the ground, keeping your elbows close to your body. | 3. Once your chest is just above the ground, explosively push yourself up, lifting your hands off the ground. | 4. As you push up, quickly move your hands out to the sides and slightly forward, allowing your body to drop down towards the ground. | 5. Catch yourself with your hands in the wider position and immediately lower your chest towards the ground again. | 6. Repeat the push-up motion, dropping down and catching yourself with your hands in the narrower position. | 7. Continue alternating between the wider and narrower hand positions for the desired number of repetitions."
"EX-0258";"0258";"Flexão de braços relógio";"clock push-up";"Peito";"Peso corporal";"Peitorais";"tríceps, ombros, core";"Sem sprites; sem mapeamento de animação";"";"0258-clock-push-up";"1. Start in a high plank position with your hands directly under your shoulders and your body in a straight line. | 2. Lower your body towards the ground by bending your elbows, keeping them close to your sides. | 3. As you lower, rotate your body to the left, extending your left arm straight out to the side. | 4. Push back up to the starting position, while rotating your body to the center. | 5. Repeat the push-up, this time rotating your body to the right and extending your right arm out to the side. | 6. Continue alternating sides with each repetition."
"EX-0803";"0803";"Flexão de braços super-homem";"superman push-up";"Peito";"Peso corporal";"Peitorais";"core, ombros";"Sem sprites; sem mapeamento de animação";"";"0803-superman-push-up";"1. Start in a high plank position with your hands slightly wider than shoulder-width apart and your feet together. | 2. Engage your core and lower your body towards the ground, keeping your elbows close to your sides. | 3. As you lower your body, simultaneously lift your right arm and left leg off the ground, extending them straight out. | 4. Pause for a moment at the top, then lower your arm and leg back down while pushing yourself back up to the starting position. | 5. Repeat the movement, this time lifting your left arm and right leg. | 6. Continue alternating sides for the desired number of repetitions."
"EX-0806";"0806";"Flexão de braços suspenso";"suspended push-up";"Peito";"Peso corporal";"Peitorais";"tríceps, ombros, core";"Sem sprites; sem mapeamento de animação";"";"0806-suspended-push-up";"1. Find a suspension trainer and adjust it to an appropriate height. | 2. Stand facing away from the anchor point and hold the handles with an overhand grip. | 3. Walk your feet forward, leaning your body forward until your weight is supported by the suspension trainer. | 4. Keep your body straight from head to heels, engage your core, and lower your chest towards the handles. | 5. Push through your chest and arms to return to the starting position. | 6. Repeat for the desired number of repetitions."
"EX-0725";"0725";"Flexão de braços unilateral";"single arm push-up";"Peito";"Peso corporal";"Peitorais";"tríceps, ombros, core";"Sem sprites; sem mapeamento de animação";"";"0725-single-arm-push-up";"1. Start in a push-up position with your hands shoulder-width apart and one hand placed slightly wider than the other. | 2. Engage your core and lower your body towards the ground by bending your elbows, keeping your back straight. | 3. As you lower yourself, shift your weight to one side and lift the opposite arm off the ground, extending it straight out to the side. | 4. Push through your chest and triceps to raise your body back up to the starting position, while simultaneously lowering your extended arm back to the ground. | 5. Repeat the movement, alternating the arm you extend with each repetition."
"EX-3217";"3217";"Flexão hindu modificada (masculino)";"modified hindu push-up (male)";"Peito";"Peso corporal";"Peitorais";"tríceps, ombros, core";"Sem sprites; sem mapeamento de animação";"";"3217-modified-hindu-push-up-male";"1. Start in a push-up position with your hands slightly wider than shoulder-width apart and your feet hip-width apart. | 2. Lower your body towards the ground, bending your elbows and keeping your core engaged. | 3. As you lower your body, shift your weight back and lift your hips up towards the ceiling, creating an inverted V shape with your body. | 4. Continue to lower your body until your chest is just above the ground, then reverse the movement, pushing your hips back down and extending your arms to return to the starting position. | 5. Repeat for the desired number of repetitions."
"EX-0494";"0494";"Flexão inclinada com pegada invertida";"incline reverse grip push-up";"Peito";"Peso corporal";"Peitorais";"tríceps, ombros";"Sem sprites; sem mapeamento de animação";"";"0494-incline-reverse-grip-push-up";"1. Place your hands on the edge of a bench or elevated surface, slightly wider than shoulder-width apart. | 2. Extend your legs behind you, resting on the balls of your feet, creating a straight line from your head to your heels. | 3. Lower your chest towards the bench by bending your elbows, keeping them close to your sides. | 4. Pause for a moment at the bottom, then push yourself back up to the starting position by extending your arms. | 5. Repeat for the desired number of repetitions."
"EX-0316";"0316";"Inclinado abertura com halteres";"dumbbell incline breeding";"Peito";"Haltere";"Peitorais";"ombros, tríceps";"Sem sprites; sem mapeamento de animação";"";"0316-dumbbell-incline-breeding";"1. Set up an incline bench at a 45-degree angle. | 2. Sit on the bench with your back against the pad and feet flat on the ground. | 3. Hold a dumbbell in each hand with an overhand grip, palms facing forward. | 4. Start with your arms fully extended, perpendicular to the ground. | 5. Lower the dumbbells slowly to the sides of your chest, keeping your elbows at a 90-degree angle. | 6. Pause for a moment at the bottom, then push the dumbbells back up to the starting position. | 7. Repeat for the desired number of repetitions."
"EX-0759";"0759";"Inclinado ombro elevações no aparelho Smith";"smith incline shoulder raises";"Peito";"Máquina Smith";"Serrátil anterior";"deltoides, trapézio";"Sem sprites; sem mapeamento de animação";"";"0759-smith-incline-shoulder-raises";"1. Adjust the smith machine to an incline position. | 2. Stand facing the machine with your feet shoulder-width apart. | 3. Grasp the bar with an overhand grip, slightly wider than shoulder-width apart. | 4. Keep your back straight and core engaged. | 5. Raise the barbell up towards the ceiling, leading with your elbows. | 6. Pause for a moment at the top, then slowly lower the barbell back down to the starting position. | 7. Repeat for the desired number of repetitions."
"EX-0331";"0331";"Inclinado torcido crucifixos com halteres";"dumbbell incline twisted flyes";"Peito";"Haltere";"Peitorais";"ombros, tríceps";"Sem sprites; sem mapeamento de animação";"";"0331-dumbbell-incline-twisted-flyes";"1. Set an incline bench to a 45-degree angle and sit on it with a dumbbell in each hand, palms facing each other. | 2. Lie back on the bench and press the dumbbells up to the starting position, directly above your chest, with your arms extended. | 3. Lower the dumbbells out to the sides in a wide arc until you feel a stretch in your chest. | 4. As you lower the dumbbells, rotate your wrists so that your palms face forward at the bottom of the movement. | 5. Reverse the motion and bring the dumbbells back up to the starting position, squeezing your chest muscles together at the top. | 6. Repeat for the desired number of repetitions."
"EX-0500";"0500";"Isométrico limpadores";"isometric wipers";"Peito";"Peso corporal";"Peitorais";"ombros, tríceps, core";"Sem sprites; sem mapeamento de animação";"";"0500-isometric-wipers";"1. Start by lying flat on your back on a mat or bench. | 2. Extend your arms straight out to the sides, perpendicular to your body. | 3. Engage your core and lift both legs off the ground, keeping them together and straight. | 4. Slowly lower your legs to one side, aiming to touch the ground with your feet while maintaining control. | 5. Pause for a moment, then use your core to lift your legs back to the starting position. | 6. Repeat the movement, this time lowering your legs to the opposite side. | 7. Continue alternating sides for the desired number of repetitions."
"EX-1297";"1297";"Isométrico peitoral contração";"isometric chest squeeze";"Peito";"Peso corporal";"Peitorais";"tríceps, ombros";"Sem sprites; sem mapeamento de animação";"";"1297-isometric-chest-squeeze";"1. Stand with your feet shoulder-width apart and your knees slightly bent. | 2. Extend your arms straight out in front of you, parallel to the ground, with your palms facing each other. | 3. Squeeze your chest muscles together as hard as you can, while keeping your arms straight. | 4. Hold this position for a few seconds, focusing on contracting your chest muscles. | 5. Release the squeeze and relax your chest muscles. | 6. Repeat for the desired number of repetitions."
"EX-2139";"2139";"Mãos bicicleta";"hands bike";"Peito";"Ergômetro de braços";"Peitorais";"tríceps, ombros";"Sem sprites; sem mapeamento de animação";"";"2139-hands-bike";"1. Adjust the seat height and handlebar position to a comfortable level. | 2. Sit on the ergometer with your back straight and feet on the pedals. | 3. Grasp the handles with your hands and position your arms at a 90-degree angle. | 4. Start pedaling with your hands, pushing and pulling the handles in a controlled motion. | 5. Continue pedaling for the desired duration or number of repetitions."
"EX-3313";"3313";"Mergulho estendido barra com peso adicional";"weighted straight bar dip";"Peito";"Com carga";"Peitorais";"tríceps, ombros";"Sem sprites; sem mapeamento de animação";"";"3313-weighted-straight-bar-dip";"1. Position yourself between parallel bars with your arms fully extended and your body straight. | 2. Lower your body by bending your elbows until your upper arms are parallel to the ground. | 3. Pause for a moment, then push yourself back up to the starting position by straightening your arms. | 4. Repeat for the desired number of repetitions."
"EX-1430";"1430";"Mergulho para peitoral (no mergulho barra fixa gaiola)";"chest dip (on dip-pull-up cage)";"Peito";"Peso corporal";"Peitorais";"tríceps, ombros";"Sem sprites; sem mapeamento de animação";"";"1430-chest-dip-on-dip-pull-up-cage";"1. Adjust the dip bars to a height that allows you to comfortably grip them. | 2. Stand between the bars and place your hands on each bar, slightly wider than shoulder-width apart. | 3. Jump up and straighten your arms, supporting your body weight on the bars. | 4. Bend your knees and cross your ankles behind you. | 5. Lower your body by bending your elbows, keeping your chest up and your shoulders down. | 6. Continue lowering until your shoulders are below your elbows or until you feel a stretch in your chest. | 7. Push through your palms and extend your elbows to raise your body back up to the starting position. | 8. Repeat for the desired number of repetitions."
"EX-0009";"0009";"Mergulho para peitoral assistido (ajoelhado)";"assisted chest dip (kneeling)";"Peito";"Máquina articulada";"Peitorais";"tríceps, ombros";"Sem sprites; sem mapeamento de animação";"";"0009-assisted-chest-dip-kneeling";"1. Adjust the machine to your desired height and secure your knees on the pad. | 2. Grasp the handles with your palms facing down and your arms fully extended. | 3. Lower your body by bending your elbows until your upper arms are parallel to the floor. | 4. Pause for a moment, then push yourself back up to the starting position. | 5. Repeat for the desired number of repetitions."
"EX-2364";"2364";"Mergulho para peitoral assistido, com pegada aberta (ajoelhado)";"assisted wide-grip chest dip (kneeling)";"Peito";"Máquina articulada";"Peitorais";"tríceps, ombros";"Sem sprites; sem mapeamento de animação";"";"2364-assisted-wide-grip-chest-dip-kneeling";"1. Adjust the machine to your desired height and secure your knees on the pad. | 2. Grasp the handles with a wide grip and keep your elbows slightly bent. | 3. Lower your body by bending your elbows until your upper arms are parallel to the floor. | 4. Push yourself back up to the starting position by extending your arms. | 5. Repeat for the desired number of repetitions."
"EX-2363";"2363";"Mergulho para peitoral com pegada aberta no alto paralelo barras";"wide-grip chest dip on high parallel bars";"Peito";"Peso corporal";"Peitorais";"tríceps, ombros";"Sem sprites; sem mapeamento de animação";"";"2363-wide-grip-chest-dip-on-high-parallel-bars";"1. Position yourself on the parallel bars with your arms fully extended and your body suspended in the air. | 2. Lean forward slightly and lower your body by bending your elbows until your chest is just above the bars. | 3. Pause for a moment, then push yourself back up to the starting position by straightening your arms. | 4. Repeat for the desired number of repetitions."
"EX-2462";"2462";"Mergulho para peitoral no estendido barra";"chest dip on straight bar";"Peito";"Peso corporal";"Peitorais";"tríceps, ombros";"Sem sprites; sem mapeamento de animação";"";"2462-chest-dip-on-straight-bar";"1. Grab the parallel bars with your palms facing down and your arms fully extended. | 2. Bend your knees and cross your ankles. | 3. Lower your body by bending your arms until your shoulders are below your elbows. | 4. Push yourself back up to the starting position by straightening your arms. | 5. Repeat for the desired number of repetitions."
"EX-2203";"2203";"Mobilização dos ombros sentado com rolo";"roller seated shoulder flexor depresor retractor";"Peito";"Rolo";"Peitorais";"deltoides, tríceps";"Sem sprites; sem mapeamento de animação";"";"2203-roller-seated-shoulder-flexor-depresor-retractor";"1. Sit on a flat surface with your legs extended in front of you. | 2. Hold the roller with both hands, palms facing down, and place it on your thighs. | 3. Lean forward slightly and roll the roller away from your body, extending your arms straight in front of you. | 4. Pause for a moment, then slowly roll the roller back towards your body, bending your arms and bringing the roller back to your thighs. | 5. Repeat for the desired number of repetitions."
"EX-1302";"1302";"Passe de peito com bola medicinal";"medicine ball chest pass";"Peito";"Bola medicinal";"Peitorais";"ombros, tríceps";"Sem sprites; sem mapeamento de animação";"";"1302-medicine-ball-chest-pass";"1. Stand with your feet shoulder-width apart, holding the medicine ball at chest level. | 2. Extend your arms forward, pushing the medicine ball away from your chest with force. | 3. As you release the ball, follow through with your arms and torso, transferring your weight from your back foot to your front foot. | 4. Catch the ball as it rebounds off the wall or partner, and immediately repeat the movement. | 5. Continue for the desired number of repetitions."
"EX-0288";"0288";"Pulôver ao redor com halteres";"dumbbell around pullover";"Peito";"Haltere";"Peitorais";"tríceps, grande dorsal";"Sem sprites; sem mapeamento de animação";"";"0288-dumbbell-around-pullover";"1. Lie flat on a bench with your head at one end and your feet firmly on the ground. | 2. Hold a dumbbell with both hands and extend your arms straight above your chest. | 3. Keeping your arms straight, slowly lower the dumbbell behind your head in an arc motion. | 4. Pause for a moment at the bottom, then raise the dumbbell back to the starting position. | 5. Repeat for the desired number of repetitions."
"EX-0433";"0433";"Pulôver com braços estendidos com halteres";"dumbbell straight arm pullover";"Peito";"Haltere";"Peitorais";"grande dorsal, tríceps";"Sem sprites; sem mapeamento de animação";"";"0433-dumbbell-straight-arm-pullover";"1. Lie flat on a bench with your head at one end and your feet planted firmly on the ground. | 2. Hold a dumbbell with both hands and extend your arms straight above your chest. | 3. Keeping your arms straight, slowly lower the dumbbell behind your head in an arc-like motion. | 4. Pause for a moment, then raise the dumbbell back to the starting position. | 5. Repeat for the desired number of repetitions."
"EX-0375";"0375";"Pulôver com halteres";"dumbbell pullover";"Peito";"Haltere";"Peitorais";"grande dorsal, tríceps";"Sem sprites; sem mapeamento de animação";"";"0375-dumbbell-pullover";"1. Lie flat on a bench with your head at one end and your feet on the floor. | 2. Hold a dumbbell with both hands and extend your arms straight above your chest. | 3. Keeping a slight bend in your elbows, slowly lower the dumbbell behind your head until you feel a stretch in your chest and shoulders. | 4. Pause for a moment, then raise the dumbbell back to the starting position. | 5. Repeat for the desired number of repetitions."
"EX-1255";"1255";"Pulôver declinado com barra";"barbell decline pullover";"Peito";"Barra";"Peitorais";"tríceps, ombros";"Sem sprites; sem mapeamento de animação";"";"1255-barbell-decline-pullover";"1. Lie down on a decline bench with your head lower than your hips and your feet secured. | 2. Hold the barbell with a pronated grip (palms facing away from you) and your hands slightly wider than shoulder-width apart. | 3. Extend your arms above your chest, keeping a slight bend in your elbows. | 4. Lower the barbell in an arc motion behind your head, feeling a stretch in your chest and shoulders. | 5. Pause for a moment, then return the barbell to the starting position by reversing the motion. | 6. Repeat for the desired number of repetitions."
"EX-1284";"1284";"Pulôver deitado no bola suíça com halteres";"dumbbell lying pullover on exercise ball";"Peito";"Haltere";"Peitorais";"tríceps, ombros, costas";"Sem sprites; sem mapeamento de animação";"";"1284-dumbbell-lying-pullover-on-exercise-ball";"1. Sit on an exercise ball and roll forward until your upper back is resting on the ball. | 2. Hold a dumbbell with both hands and extend your arms straight up over your chest. | 3. Slowly lower the dumbbell behind your head while keeping your arms straight. | 4. Pause for a moment, then raise the dumbbell back to the starting position. | 5. Repeat for the desired number of repetitions."
"EX-1295";"1295";"Pulôver no bola suíça com halteres";"dumbbell pullover on exercise ball";"Peito";"Haltere";"Peitorais";"tríceps, grande dorsal";"Sem sprites; sem mapeamento de animação";"";"1295-dumbbell-pullover-on-exercise-ball";"1. Sit on an exercise ball and hold a dumbbell with both hands above your chest, arms extended. | 2. Slowly lower the dumbbell behind your head while keeping your arms straight. | 3. Pause for a moment, then raise the dumbbell back to the starting position. | 4. Repeat for the desired number of repetitions."
"EX-1291";"1291";"Pulôver unilateral no bola suíça com halteres";"dumbbell one arm pullover on exercise ball";"Peito";"Haltere";"Peitorais";"tríceps, grande dorsal, romboides";"Sem sprites; sem mapeamento de animação";"";"1291-dumbbell-one-arm-pullover-on-exercise-ball";"1. Sit on an exercise ball with your feet flat on the ground and your knees bent at a 90-degree angle. | 2. Hold a dumbbell with one hand and extend your arm straight up above your chest. | 3. Slowly lower the dumbbell behind your head while keeping your arm straight. | 4. Pause for a moment, then raise the dumbbell back to the starting position. | 5. Repeat for the desired number of repetitions, then switch arms."
"EX-1689";"1689";"Puxada empurrada e peso corporal";"push and pull bodyweight";"Peito";"Peso corporal";"Peitorais";"tríceps, deltoides";"Sem sprites; sem mapeamento de animação";"";"1689-push-and-pull-bodyweight";"1. Start in a push-up position with your hands slightly wider than shoulder-width apart and your body in a straight line. | 2. Lower your chest towards the ground by bending your elbows, keeping your body straight. | 3. Push through your palms to extend your arms and return to the starting position. | 4. From the push-up position, pull your chest towards the ground by bending your elbows, keeping your body straight. | 5. Push through your palms to extend your arms and return to the starting position. | 6. Repeat for the desired number of repetitions."
"EX-2209";"2209";"Rolo sentado unilateral ombro flexor depressor retrator";"roller seated single leg shoulder flexor depresor retractor";"Peito";"Rolo";"Peitorais";"deltoides, tríceps";"Sem sprites; sem mapeamento de animação";"";"2209-roller-seated-single-leg-shoulder-flexor-depresor-retractor";"1. Sit on a flat surface with your legs extended in front of you. | 2. Hold the roller with both hands, palms facing down, and place it on your thighs. | 3. Lean back slightly and engage your core muscles. | 4. Raise the roller up to shoulder level, keeping your arms straight. | 5. Slowly lower the roller back down to your thighs. | 6. Repeat for the desired number of repetitions."
"EX-0307";"0307";"Rotação declinado crucifixo com halteres";"dumbbell decline twist fly";"Peito";"Haltere";"Peitorais";"ombros, tríceps";"Sem sprites; sem mapeamento de animação";"";"0307-dumbbell-decline-twist-fly";"1. Lie down on a decline bench with your head lower than your hips. | 2. Hold a dumbbell in each hand with your palms facing each other and your arms extended straight up over your chest. | 3. Lower the dumbbells out to the sides in a wide arc until you feel a stretch in your chest. | 4. As you lower the dumbbells, twist your wrists so that your palms face forward at the bottom of the movement. | 5. Reverse the motion and bring the dumbbells back up to the starting position, squeezing your chest muscles at the top. | 6. Repeat for the desired number of repetitions."
"EX-1270";"1270";"Superior peitoral cruzamentos no cabo";"cable upper chest crossovers";"Peito";"Cabo";"Peitorais";"deltoides, tríceps";"Sem sprites; sem mapeamento de animação";"";"1270-cable-upper-chest-crossovers";"1. Attach the handles to the cables at chest height. | 2. Stand in the center of the cable machine with one foot slightly in front of the other. | 3. Grasp the handles with your palms facing down and your arms extended out to the sides. | 4. Keep a slight bend in your elbows and engage your core. | 5. Pull the cables together in front of your chest, crossing them over each other. | 6. Squeeze your chest muscles at the peak of the movement. | 7. Slowly release the cables back to the starting position. | 8. Repeat for the desired number of repetitions."
"EX-0122";"0122";"Supino aberto com barra";"barbell wide bench press";"Peito";"Barra";"Peitorais";"ombros, tríceps";"Sem sprites; sem mapeamento de animação";"";"0122-barbell-wide-bench-press";"1. Lie flat on a bench with your feet flat on the ground and your back pressed against the bench. | 2. Grasp the barbell with a wide grip, slightly wider than shoulder-width apart. | 3. Lift the barbell off the rack and hold it directly above your chest with your arms fully extended. | 4. Lower the barbell slowly towards your chest, keeping your elbows slightly flared out. | 5. Pause for a moment when the barbell touches your chest, then push it back up to the starting position. | 6. Repeat for the desired number of repetitions."
"EX-1258";"1258";"Supino aberto com pegada invertida com barra";"barbell wide reverse grip bench press";"Peito";"Barra";"Peitorais";"tríceps, ombros";"Sem sprites; sem mapeamento de animação";"";"1258-barbell-wide-reverse-grip-bench-press";"1. Lie flat on a bench with your feet flat on the ground and your back pressed against the bench. | 2. Grasp the barbell with a wide reverse grip, slightly wider than shoulder-width apart. | 3. Lift the barbell off the rack and hold it directly above your chest with your arms fully extended. | 4. Lower the barbell slowly towards your chest, keeping your elbows tucked in and your wrists straight. | 5. Pause for a moment when the barbell touches your chest, then push it back up to the starting position. | 6. Repeat for the desired number of repetitions."
"EX-1254";"1254";"Supino com faixa elástica";"band bench press";"Peito";"Faixa elástica";"Peitorais";"tríceps, ombros";"Sem sprites; sem mapeamento de animação";"";"1254-band-bench-press";"1. Lie flat on a bench with your feet flat on the ground and your back pressed against the bench. | 2. Grasp the band handles with an overhand grip, slightly wider than shoulder-width apart. | 3. Extend your arms fully, pushing the bands away from your chest. | 4. Slowly lower the bands back down to your chest, keeping your elbows at a 90-degree angle. | 5. Repeat for the desired number of repetitions."
"EX-1309";"1309";"Supino com pegada aberta declinado no aparelho Smith";"smith wide grip decline bench press";"Peito";"Máquina Smith";"Peitorais";"tríceps, ombros";"Sem sprites; sem mapeamento de animação";"";"1309-smith-wide-grip-decline-bench-press";"1. Adjust the decline bench to the desired angle. | 2. Lie down on the bench with your feet secured under the foot pads. | 3. Grasp the barbell with a wide grip, slightly wider than shoulder-width apart. | 4. Unrack the barbell and lower it slowly towards your chest, keeping your elbows pointed outwards. | 5. Pause for a moment when the barbell touches your chest. | 6. Push the barbell back up to the starting position, fully extending your arms. | 7. Repeat for the desired number of repetitions."
"EX-1308";"1308";"Supino com pegada aberta no aparelho Smith";"smith wide grip bench press";"Peito";"Máquina Smith";"Peitorais";"tríceps, ombros";"Sem sprites; sem mapeamento de animação";"";"1308-smith-wide-grip-bench-press";"1. Adjust the bench to a comfortable position on the smith machine. | 2. Lie down on the bench with your feet flat on the ground. | 3. Grasp the barbell with a wide grip, slightly wider than shoulder-width apart. | 4. Unrack the barbell and lower it slowly towards your chest, keeping your elbows out to the sides. | 5. Pause for a moment when the barbell touches your chest. | 6. Push the barbell back up to the starting position, fully extending your arms. | 7. Repeat for the desired number of repetitions."
"EX-1256";"1256";"Supino com pegada invertida declinado com barra";"barbell reverse grip decline bench press";"Peito";"Barra";"Peitorais";"tríceps, ombros";"Sem sprites; sem mapeamento de animação";"";"1256-barbell-reverse-grip-decline-bench-press";"1. Lie on a decline bench with your feet secured and your head lower than your hips. | 2. Grasp the barbell with a reverse grip, slightly wider than shoulder-width apart. | 3. Unrack the barbell and lower it slowly towards your chest, keeping your elbows tucked in. | 4. Pause for a moment at the bottom, then push the barbell back up to the starting position. | 5. Repeat for the desired number of repetitions."
"EX-1257";"1257";"Supino com pegada invertida inclinado com barra";"barbell reverse grip incline bench press";"Peito";"Barra";"Peitorais";"tríceps, ombros";"Sem sprites; sem mapeamento de animação";"";"1257-barbell-reverse-grip-incline-bench-press";"1. Set up an incline bench at a 45-degree angle. | 2. Lie down on the bench with your feet flat on the ground. | 3. Grasp the barbell with a reverse grip, hands slightly wider than shoulder-width apart. | 4. Unrack the barbell and lower it slowly towards your chest, keeping your elbows tucked in. | 5. Pause for a moment when the barbell touches your chest. | 6. Push the barbell back up to the starting position, fully extending your arms. | 7. Repeat for the desired number of repetitions."
"EX-1300";"1300";"Supino declinado na máquina articulada";"lever decline chest press";"Peito";"Máquina articulada";"Peitorais";"tríceps, ombros";"Sem sprites; sem mapeamento de animação";"";"1300-lever-decline-chest-press";"1. Adjust the seat height and backrest of the leverage machine to a comfortable position. | 2. Sit on the machine with your back against the backrest and your feet flat on the floor. | 3. Grasp the handles with an overhand grip and position your hands slightly wider than shoulder-width apart. | 4. Push the handles forward and away from your body until your arms are fully extended. | 5. Slowly lower the handles back towards your chest, keeping your elbows slightly bent. | 6. Pause for a moment at the bottom, then push the handles back to the starting position. | 7. Repeat for the desired number of repetitions."
"EX-0753";"0753";"Supino declinado no aparelho Smith";"smith decline bench press";"Peito";"Máquina Smith";"Peitorais";"tríceps, ombros";"Sem sprites; sem mapeamento de animação";"";"0753-smith-decline-bench-press";"1. Adjust the decline bench to the desired angle. | 2. Lie down on the bench with your feet secured under the foot pads. | 3. Grasp the barbell with an overhand grip slightly wider than shoulder-width apart. | 4. Unrack the barbell and lower it slowly towards your chest, keeping your elbows tucked in. | 5. Pause for a moment at the bottom, then push the barbell back up to the starting position. | 6. Repeat for the desired number of repetitions."
"EX-3758";"3758";"Supino em pé na máquina articulada";"lever standing chest press";"Peito";"Máquina articulada";"Peitorais";"ombros, tríceps";"Sem sprites; sem mapeamento de animação";"";"3758-lever-standing-chest-press";"1. Adjust the seat height and position yourself on the machine with your feet flat on the ground. | 2. Grasp the handles with an overhand grip and position your hands at chest level. | 3. Push the handles forward until your arms are fully extended, keeping your elbows slightly bent. | 4. Pause for a moment, then slowly bring the handles back towards your chest, maintaining control throughout the movement. | 5. Repeat for the desired number of repetitions."
"EX-0045";"0045";"Supino guilhotina com barra";"barbell guillotine bench press";"Peito";"Barra";"Peitorais";"ombros, tríceps";"Sem sprites; sem mapeamento de animação";"";"0045-barbell-guillotine-bench-press";"1. Lie flat on a bench with your feet flat on the ground and your back pressed against the bench. | 2. Grasp the barbell with an overhand grip, slightly wider than shoulder-width apart. | 3. Lower the barbell slowly towards your neck, keeping your elbows pointed outwards. | 4. Pause for a moment when the barbell is just above your neck. | 5. Push the barbell back up to the starting position, fully extending your arms. | 6. Repeat for the desired number of repetitions."
"EX-0321";"0321";"Supino inclinado com pegada neutra e halteres";"dumbbell incline hammer press";"Peito";"Haltere";"Peitorais";"ombros, tríceps";"Sem sprites; sem mapeamento de animação";"";"0321-dumbbell-incline-hammer-press";"1. Set an incline bench to a 45-degree angle and sit on it with a dumbbell in each hand, resting on your thighs. | 2. Lie back on the bench and position the dumbbells at shoulder level with your palms facing each other. | 3. Press the dumbbells up and away from your body until your arms are fully extended. | 4. Pause for a moment at the top, then slowly lower the dumbbells back down to the starting position. | 5. Repeat for the desired number of repetitions."
"EX-1299";"1299";"Supino inclinado na máquina articulada";"lever incline chest press";"Peito";"Máquina articulada";"Peitorais";"ombros, tríceps";"Sem sprites; sem mapeamento de animação";"";"1299-lever-incline-chest-press";"1. Adjust the seat and backrest of the leverage machine to a comfortable position. | 2. Sit on the machine with your back against the backrest and your feet flat on the floor. | 3. Grasp the handles with an overhand grip and position your hands slightly wider than shoulder-width apart. | 4. Push the handles forward and away from your body until your arms are fully extended. | 5. Pause for a moment, then slowly bend your elbows and lower the handles back towards your chest. | 6. Repeat for the desired number of repetitions."
"EX-0757";"0757";"Supino inclinado no aparelho Smith";"smith incline bench press";"Peito";"Máquina Smith";"Peitorais";"ombros, tríceps";"Sem sprites; sem mapeamento de animação";"";"0757-smith-incline-bench-press";"1. Adjust the bench to a 30-45 degree incline. | 2. Sit on the bench with your back flat against the pad and feet firmly on the ground. | 3. Grasp the barbell with an overhand grip slightly wider than shoulder-width apart. | 4. Unrack the barbell and lower it slowly towards your upper chest, keeping your elbows slightly tucked in. | 5. Pause for a moment at the bottom, then push the barbell back up to the starting position, fully extending your arms. | 6. Repeat for the desired number of repetitions."
"EX-0169";"0169";"Supino inclinado no cabo";"cable incline bench press";"Peito";"Cabo";"Peitorais";"deltoides, tríceps";"Sem sprites; sem mapeamento de animação";"";"0169-cable-incline-bench-press";"1. Adjust the bench to a 45-degree incline. | 2. Attach the cable handles to the high pulleys. | 3. Sit on the bench facing the cable machine with your feet flat on the ground. | 4. Grasp the handles with an overhand grip and bring them to shoulder height. | 5. Push the handles forward and upward until your arms are fully extended. | 6. Pause for a moment, then slowly lower the handles back to the starting position. | 7. Repeat for the desired number of repetitions."
"EX-1265";"1265";"Supino inclinado unilateral no cabo";"cable one arm incline press";"Peito";"Cabo";"Peitorais";"deltoides, tríceps";"Sem sprites; sem mapeamento de animação";"";"1265-cable-one-arm-incline-press";"1. Adjust the cable machine to a low pulley position. | 2. Sit on an incline bench facing away from the cable machine. | 3. Grasp the handle with one hand and bring it up to shoulder height. | 4. Position your feet firmly on the ground and maintain a stable position. | 5. Press the handle forward and upward, extending your arm fully. | 6. Pause for a moment at the top, then slowly lower the handle back to the starting position. | 7. Repeat for the desired number of repetitions, then switch sides."
"EX-1479";"1479";"Supino inclinado versão 2 na máquina articulada";"lever incline chest press v. 2";"Peito";"Máquina articulada";"Peitorais";"tríceps, ombros";"Sem sprites; sem mapeamento de animação";"";"1479-lever-incline-chest-press-v-2";"1. Adjust the seat height and backrest angle on the leverage machine to a comfortable position. | 2. Sit on the machine with your back against the backrest and your feet flat on the floor. | 3. Grasp the handles with an overhand grip and position your hands slightly wider than shoulder-width apart. | 4. Push the handles forward and away from your body until your arms are fully extended, but without locking your elbows. | 5. Pause for a moment at the fully extended position, then slowly bend your elbows and lower the handles back towards your chest. | 6. Repeat for the desired number of repetitions."
"EX-1624";"1624";"Supino invertido com halteres";"dumbbell reverse bench press";"Peito";"Haltere";"Peitorais";"tríceps, ombros";"Sem sprites; sem mapeamento de animação";"";"1624-dumbbell-reverse-bench-press";"1. Lie flat on a bench with your feet flat on the ground and your knees bent. | 2. Hold a dumbbell in each hand with an overhand grip, palms facing towards your feet. | 3. Extend your arms straight up towards the ceiling, keeping a slight bend in your elbows. | 4. Slowly lower the dumbbells towards your chest, allowing your elbows to flare out to the sides. | 5. Pause for a moment at the bottom, then push the dumbbells back up to the starting position. | 6. Repeat for the desired number of repetitions."
"EX-1626";"1626";"Supino invertido declinado com pegada fechada no aparelho Smith";"smith machine reverse decline close grip bench press";"Peito";"Máquina Smith";"Peitorais";"tríceps, ombros";"Sem sprites; sem mapeamento de animação";"";"1626-smith-machine-reverse-decline-close-grip-bench-press";"1. Adjust the smith machine to a decline position. | 2. Lie down on the bench with your feet secured under the foot pads. | 3. Grasp the barbell with a close grip, slightly narrower than shoulder-width apart. | 4. Unrack the barbell and lower it slowly towards your chest, keeping your elbows tucked in. | 5. Pause for a moment at the bottom, then push the barbell back up to the starting position. | 6. Repeat for the desired number of repetitions."
"EX-1301";"1301";"Supino máquina interno";"machine inner chest press";"Peito";"Máquina articulada";"Peitorais";"tríceps, ombros";"Sem sprites; sem mapeamento de animação";"";"1301-machine-inner-chest-press";"1. Adjust the seat height and position yourself on the machine with your back flat against the pad. | 2. Grasp the handles with an overhand grip and position your elbows at a 90-degree angle. | 3. Push the handles forward until your arms are fully extended, exhaling during the movement. | 4. Pause for a moment at the end of the movement, then slowly return to the starting position, inhaling as you do so. | 5. Repeat for the desired number of repetitions."
"EX-0576";"0576";"Supino na máquina articulada";"lever chest press";"Peito";"Máquina articulada";"Peitorais";"tríceps, ombros";"Sem sprites; sem mapeamento de animação";"";"0576-lever-chest-press";"1. Adjust the seat height and position yourself on the machine with your back flat against the pad. | 2. Grasp the handles with an overhand grip and position your elbows at a 90-degree angle. | 3. Push the handles forward until your arms are fully extended, exhaling during the movement. | 4. Pause briefly at the end of the movement, then slowly return to the starting position, inhaling as you do so. | 5. Repeat for the desired number of repetitions."
"EX-0151";"0151";"Supino no cabo";"cable bench press";"Peito";"Cabo";"Peitorais";"tríceps, ombros";"Sem sprites; sem mapeamento de animação";"";"0151-cable-bench-press";"1. Adjust the cable machine to chest height and attach the handles. | 2. Stand facing away from the machine with your feet shoulder-width apart. | 3. Grasp the handles with an overhand grip and step forward to create tension in the cables. | 4. Position your feet firmly on the ground and engage your core. | 5. Bend your elbows and bring your hands to shoulder level, keeping your elbows at a 90-degree angle. | 6. Push the handles forward, extending your arms fully in front of you. | 7. Pause for a moment, then slowly reverse the movement, bringing your hands back to shoulder level. | 8. Repeat for the desired number of repetitions."
"EX-3124";"3124";"Supino sentado com faixa elástica";"resistance band seated chest press";"Peito";"Faixa de resistência";"Peitorais";"ombros, tríceps";"Sem sprites; sem mapeamento de animação";"";"3124-resistance-band-seated-chest-press";"1. Sit on a chair or bench with your back straight and feet flat on the ground. | 2. Hold the resistance band handles in each hand, with your palms facing down and elbows bent at a 90-degree angle. | 3. Extend your arms forward, pushing the resistance band away from your chest. | 4. Pause for a moment at the end of the movement, then slowly return to the starting position. | 5. Repeat for the desired number of repetitions."
"EX-2144";"2144";"Supino sentado no cabo";"cable seated chest press";"Peito";"Cabo";"Peitorais";"ombros, tríceps";"Sem sprites; sem mapeamento de animação";"";"2144-cable-seated-chest-press";"1. Adjust the seat height and cable handles to a comfortable position. | 2. Sit on the bench with your back straight and feet flat on the floor. | 3. Grasp the cable handles with an overhand grip at shoulder height. | 4. Push the handles forward and away from your body, extending your arms fully. | 5. Pause for a moment, then slowly bring the handles back to the starting position. | 6. Repeat for the desired number of repetitions."
"EX-0989";"0989";"Supino unilateral com rotação com faixa elástica";"band one arm twisting chest press";"Peito";"Faixa elástica";"Peitorais";"ombros, tríceps";"Sem sprites; sem mapeamento de animação";"";"0989-band-one-arm-twisting-chest-press";"1. Attach the band to a sturdy anchor point at chest height. | 2. Stand with your side facing the anchor point and grab the band with one hand. | 3. Step away from the anchor point to create tension in the band. | 4. Position your feet shoulder-width apart and slightly bend your knees. | 5. Bring your hand holding the band across your body, towards the opposite shoulder. | 6. While maintaining tension in the band, push your hand forward and away from your body, extending your arm. | 7. Slowly return to the starting position and repeat for the desired number of repetitions. | 8. Switch sides and repeat the exercise with the other hand."
"EX-1287";"1287";"Supino unilateral declinado com halteres";"dumbbell one arm decline chest press";"Peito";"Haltere";"Peitorais";"tríceps, ombros";"Sem sprites; sem mapeamento de animação";"";"1287-dumbbell-one-arm-decline-chest-press";"1. Lie on a decline bench with a dumbbell in one hand, resting on your chest. | 2. Place your feet flat on the ground and keep your back pressed against the bench. | 3. Extend your arm and push the dumbbell up towards the ceiling, fully extending your elbow. | 4. Pause for a moment at the top, then slowly lower the dumbbell back down to the starting position. | 5. Repeat for the desired number of repetitions, then switch to the other arm."
"EX-1289";"1289";"Supino unilateral inclinado com halteres";"dumbbell one arm incline chest press";"Peito";"Haltere";"Peitorais";"ombros, tríceps";"Sem sprites; sem mapeamento de animação";"";"1289-dumbbell-one-arm-incline-chest-press";"1. Adjust the incline bench to a 45-degree angle. | 2. Sit on the bench with your back against the pad and feet flat on the ground. | 3. Hold a dumbbell in one hand with an overhand grip, resting it on your shoulder. | 4. Push the dumbbell up and away from your body, extending your arm fully. | 5. Pause for a moment at the top, then slowly lower the dumbbell back down to the starting position. | 6. Repeat for the desired number of repetitions, then switch to the other arm."
"EX-0191";"0191";"Unilateral lateral com tronco inclinado no cabo";"cable one arm lateral bent-over";"Peito";"Cabo";"Peitorais";"deltoides, trapézio";"Sem sprites; sem mapeamento de animação";"";"0191-cable-one-arm-lateral-bent-over";"1. Stand with your feet shoulder-width apart, facing a cable machine. | 2. Grasp the handle with one hand and step back to create tension on the cable. | 3. Bend forward at the waist, keeping your back straight and your core engaged. | 4. Extend your arm out to the side, parallel to the ground, with a slight bend in your elbow. | 5. Slowly bring your arm back to the starting position, maintaining control throughout the movement. | 6. Repeat for the desired number of repetitions, then switch sides."
"EX-1418";"1418";"Abraço joelhos até peitoral";"hug keens to chest";"Pernas";"Peso corporal";"Glúteos";"isquiotibiais, quadríceps";"Sem sprites; sem mapeamento de animação";"";"1418-hug-keens-to-chest";"1. Start by standing with your feet shoulder-width apart. | 2. Bend your knees and lower your body down into a squat position. | 3. As you squat down, bring your knees up towards your chest and hug them with your arms. | 4. Hold this position for a moment, then slowly return to the starting position. | 5. Repeat for the desired number of repetitions."
"EX-0102";"0102";"Agachamento (ajoelhado) com barra";"barbell squat (on knees)";"Pernas";"Barra";"Quadríceps";"glúteos, isquiotibiais, panturrilhas";"Sem sprites; sem mapeamento de animação";"";"0102-barbell-squat-on-knees";"1. Start by kneeling on the ground with your knees hip-width apart and your toes pointing forward. | 2. Place a barbell across your shoulders, gripping it with an overhand grip and your hands slightly wider than shoulder-width apart. | 3. Engage your core and keep your chest lifted as you slowly lower your body down by bending your knees, keeping your back straight. | 4. Continue lowering until your thighs are parallel to the ground, or as low as you can comfortably go. | 5. Pause for a moment at the bottom, then push through your heels to return to the starting position. | 6. Repeat for the desired number of repetitions."
"EX-0124";"0124";"Agachamento aberto com barra";"barbell wide squat";"Pernas";"Barra";"Quadríceps";"glúteos, isquiotibiais, panturrilhas";"Sem sprites; sem mapeamento de animação";"";"0124-barbell-wide-squat";"1. Stand with your feet wider than shoulder-width apart, toes pointing slightly outward. | 2. Hold the barbell across your upper back, resting it on your traps or rear delts. | 3. Engage your core and keep your chest up as you lower your body down into a squat, pushing your hips back and bending your knees. | 4. Lower until your thighs are parallel to the ground, or as low as you can comfortably go. | 5. Pause for a moment at the bottom, then push through your heels to return to the starting position. | 6. Repeat for the desired number of repetitions."
"EX-0069";"0069";"Agachamento acima da cabeça com barra";"barbell overhead squat";"Pernas";"Barra";"Quadríceps";"glúteos, isquiotibiais, panturrilhas, core";"Sem sprites; sem mapeamento de animação";"";"0069-barbell-overhead-squat";"1. Stand with your feet shoulder-width apart and toes slightly turned out. | 2. Hold the barbell with a wide grip, positioning it overhead with your arms fully extended. | 3. Engage your core and lower your body down into a squat position, keeping your chest up and knees tracking over your toes. | 4. Pause for a moment at the bottom, then push through your heels to return to the starting position. | 5. Repeat for the desired number of repetitions."
"EX-1436";"1436";"Agachamento alto barra com barra";"barbell high bar squat";"Pernas";"Barra";"Glúteos";"quadríceps, isquiotibiais, panturrilhas, core";"Sem sprites; sem mapeamento de animação";"";"1436-barbell-high-bar-squat";"1. Stand with your feet shoulder-width apart, toes slightly turned out. | 2. Place the barbell on your upper back, resting it on your traps. | 3. Engage your core and keep your chest up as you begin to squat down, pushing your hips back and bending your knees. | 4. Lower yourself until your thighs are parallel to the ground, or as low as you can comfortably go. | 5. Drive through your heels to stand back up, extending your hips and knees. | 6. Repeat for the desired number of repetitions."
"EX-1685";"1685";"Agachamento até acima da cabeça alcance";"squat to overhead reach";"Pernas";"Peso corporal";"Quadríceps";"glúteos, isquiotibiais, core";"Sem sprites; sem mapeamento de animação";"";"1685-squat-to-overhead-reach";"1. Stand with your feet shoulder-width apart and toes slightly turned out. | 2. Lower your body down into a squat position by bending your knees and pushing your hips back. | 3. As you come up from the squat, extend your arms overhead, reaching towards the ceiling. | 4. Return to the starting position by lowering your arms and bending your knees to squat down again. | 5. Repeat for the desired number of repetitions."
"EX-1686";"1686";"Agachamento até acima da cabeça alcance com rotação";"squat to overhead reach with twist";"Pernas";"Peso corporal";"Quadríceps";"glúteos, isquiotibiais, core";"Sem sprites; sem mapeamento de animação";"";"1686-squat-to-overhead-reach-with-twist";"1. Stand with your feet shoulder-width apart and toes slightly turned out. | 2. Lower your body into a squat position by bending your knees and pushing your hips back. | 3. As you come up from the squat, raise your arms overhead and twist your torso to one side. | 4. Return to the starting position and repeat the squat, this time twisting your torso to the opposite side. | 5. Continue alternating sides with each squat repetition."
"EX-1435";"1435";"Agachamento baixo barra com barra";"barbell low bar squat";"Pernas";"Barra";"Glúteos";"quadríceps, isquiotibiais, panturrilhas";"Sem sprites; sem mapeamento de animação";"";"1435-barbell-low-bar-squat";"1. Stand with your feet shoulder-width apart and the barbell resting on your upper back. | 2. Keeping your chest up and core engaged, slowly lower your body by bending your knees and pushing your hips back. | 3. Continue lowering until your thighs are parallel to the ground or slightly below. | 4. Pause for a moment, then push through your heels to return to the starting position. | 5. Repeat for the desired number of repetitions."
"EX-1434";"1434";"Agachamento baixo barra no aparelho Smith";"smith low bar squat";"Pernas";"Máquina Smith";"Glúteos";"quadríceps, isquiotibiais, panturrilhas";"Sem sprites; sem mapeamento de animação";"";"1434-smith-low-bar-squat";"1. Set up the smith machine with the barbell at a height that allows you to comfortably rest it on your upper back. | 2. Stand with your feet shoulder-width apart, toes slightly turned outwards. | 3. Step under the bar and position it across your upper back, resting it on your traps. | 4. Grip the bar with your hands slightly wider than shoulder-width apart. | 5. Unrack the bar by straightening your legs and stepping back from the rack. | 6. Take a deep breath and brace your core. | 7. Initiate the squat by pushing your hips back and bending your knees. | 8. Lower your body until your thighs are parallel to the ground or slightly below. | 9. Keep your chest up and your back straight throughout the movement. | 10. Drive through your heels to stand back up, extending your hips and knees. | 11. Repeat for the desired number of repetitions."
"EX-0026";"0026";"Agachamento banco com barra";"barbell bench squat";"Pernas";"Barra";"Quadríceps";"glúteos, isquiotibiais, panturrilhas";"Sem sprites; sem mapeamento de animação";"";"0026-barbell-bench-squat";"1. Set up a barbell on a squat rack at chest height. | 2. Stand facing away from the rack, with your feet shoulder-width apart. | 3. Bend your knees and lower your body down into a squat position, keeping your back straight and chest up. | 4. Grasp the barbell with an overhand grip, slightly wider than shoulder-width apart. | 5. Lift the barbell off the rack and step back, ensuring your feet are still shoulder-width apart. | 6. Lower your body down into a squat, keeping your knees in line with your toes. | 7. Pause for a moment at the bottom, then push through your heels to return to the starting position. | 8. Repeat for the desired number of repetitions."
"EX-0291";"0291";"Agachamento banco com halteres";"dumbbell bench squat";"Pernas";"Haltere";"Glúteos";"quadríceps, isquiotibiais, panturrilhas";"Sem sprites; sem mapeamento de animação";"";"0291-dumbbell-bench-squat";"1. Place a dumbbell on the ground in front of a bench. | 2. Stand facing away from the bench with your feet shoulder-width apart. | 3. Bend at the knees and hips to lower yourself down towards the bench, keeping your chest up and back straight. | 4. Once your glutes touch the bench, push through your heels to stand back up to the starting position. | 5. Repeat for the desired number of repetitions."
"EX-0098";"0098";"Agachamento búlgaro lateral com barra";"barbell side split squat";"Pernas";"Barra";"Quadríceps";"glúteos, isquiotibiais, panturrilhas";"Sem sprites; sem mapeamento de animação";"";"0098-barbell-side-split-squat";"1. Stand with your feet wider than shoulder-width apart, toes pointing slightly outward. | 2. Hold a barbell across your upper back, resting it on your traps. | 3. Engage your core and keep your chest up as you lower your body down into a squat position, bending at the knees and hips. | 4. As you lower, push your knees out to the sides and keep your weight on your heels. | 5. Lower until your thighs are parallel to the ground, then push through your heels to return to the starting position. | 6. Repeat for the desired number of repetitions."
"EX-0097";"0097";"Agachamento búlgaro lateral versão 2 com barra";"barbell side split squat v. 2";"Pernas";"Barra";"Quadríceps";"glúteos, isquiotibiais, panturrilhas";"Sem sprites; sem mapeamento de animação";"";"0097-barbell-side-split-squat-v-2";"1. Stand with your feet wider than shoulder-width apart, toes pointing slightly outwards. | 2. Hold a barbell across your upper back, resting it on your shoulders. | 3. Take a big step to the side with your right foot, keeping your left foot planted. | 4. Bend your right knee and lower your body down into a squat position, keeping your chest up and your back straight. | 5. Push through your right heel to return to the starting position. | 6. Repeat on the other side, stepping out with your left foot. | 7. Continue alternating sides for the desired number of repetitions."
"EX-2812";"2812";"Agachamento búlgaro passo acima com halteres";"dumbbell step-up split squat";"Pernas";"Haltere";"Quadríceps";"glúteos, isquiotibiais, panturrilhas";"Sem sprites; sem mapeamento de animação";"";"2812-dumbbell-step-up-split-squat";"1. Stand in front of a bench or step with a dumbbell in each hand, palms facing your body. | 2. Place your right foot on the bench or step, ensuring your entire foot is in contact with the surface. | 3. Step up onto the bench or step with your right foot, pushing through your heel to lift your body up. | 4. As you step up, simultaneously lift your left knee towards your chest. | 5. Pause at the top of the movement, then slowly lower your left foot back to the ground while keeping your right foot on the bench or step. | 6. Repeat the movement with your left foot on the bench or step. | 7. Continue alternating between your right and left foot for the desired number of repetitions."
"EX-0809";"0809";"Agachamento búlgaro suspenso";"suspended split squat";"Pernas";"Peso corporal";"Quadríceps";"glúteos, isquiotibiais, panturrilhas";"Sem sprites; sem mapeamento de animação";"";"0809-suspended-split-squat";"1. Stand facing away from a suspension trainer with your feet shoulder-width apart. | 2. Extend one leg forward and place the top of your foot in the foot cradle of the suspension trainer. | 3. Bend your standing leg and lower your body down into a lunge position, keeping your chest up and your knee in line with your toes. | 4. Push through your heel to return to the starting position. | 5. Repeat for the desired number of repetitions, then switch legs."
"EX-0099";"0099";"Agachamento búlgaro unilateral com barra";"barbell single leg split squat";"Pernas";"Barra";"Quadríceps";"glúteos, isquiotibiais, panturrilhas";"Sem sprites; sem mapeamento de animação";"";"0099-barbell-single-leg-split-squat";"1. Stand with your feet shoulder-width apart, holding a barbell across your upper back. | 2. Take a large step forward with one leg, keeping your torso upright. | 3. Lower your body by bending your front knee and hip, while keeping your back leg straight. | 4. Continue lowering until your front thigh is parallel to the ground. | 5. Pause for a moment, then push through your front heel to return to the starting position. | 6. Repeat for the desired number of repetitions, then switch legs."
"EX-1001";"1001";"Agachamento búlgaro unilateral com faixa elástica";"band single leg split squat";"Pernas";"Faixa elástica";"Quadríceps";"glúteos, isquiotibiais";"Sem sprites; sem mapeamento de animação";"";"1001-band-single-leg-split-squat";"1. Stand with your feet hip-width apart and place a resistance band around your ankles. | 2. Take a big step forward with your right foot and a smaller step back with your left foot. | 3. Bend your knees and lower your body until your right thigh is parallel to the ground, keeping your left knee slightly above the ground. | 4. Push through your right heel to return to the starting position. | 5. Repeat on the other side."
"EX-0987";"0987";"Agachamento búlgaro unilateral unilateral com faixa elástica";"band one arm single leg split squat";"Pernas";"Faixa elástica";"Quadríceps";"glúteos, isquiotibiais";"Sem sprites; sem mapeamento de animação";"";"0987-band-one-arm-single-leg-split-squat";"1. Stand with your feet hip-width apart and place a resistance band around your ankles. | 2. Extend one leg forward and rest the top of your foot on a bench or step behind you. | 3. Hold onto a support with one hand for balance. | 4. Bend your standing leg and lower your body down into a squat position, keeping your knee in line with your toes. | 5. Push through your heel to return to the starting position. | 6. Repeat for the desired number of repetitions, then switch legs."
"EX-2810";"2810";"Agachamento búlgaro versão 2 com barra";"barbell split squat v. 2";"Pernas";"Barra";"Quadríceps";"glúteos, isquiotibiais, panturrilhas";"Sem sprites; sem mapeamento de animação";"";"2810-barbell-split-squat-v-2";"1. Start by standing with your feet shoulder-width apart, holding a barbell across your upper back. | 2. Take a large step forward with your right foot, keeping your torso upright. | 3. Lower your body by bending your knees and hips until your right thigh is parallel to the ground. | 4. Pause for a moment, then push through your right heel to return to the starting position. | 5. Repeat with your left leg forward for the desired number of repetitions."
"EX-0750";"0750";"Agachamento cadeira no aparelho Smith";"smith chair squat";"Pernas";"Máquina Smith";"Quadríceps";"glúteos, isquiotibiais, panturrilhas";"Sem sprites; sem mapeamento de animação";"";"0750-smith-chair-squat";"1. Adjust the height of the smith machine bar to a comfortable position. | 2. Stand with your feet shoulder-width apart, toes slightly turned out. | 3. Place the barbell across your upper back, resting it on your traps. | 4. Engage your core and keep your chest up as you slowly lower your body by bending your knees and hips. | 5. Continue lowering until your thighs are parallel to the ground, or as low as you can comfortably go. | 6. Pause for a moment, then push through your heels to return to the starting position. | 7. Repeat for the desired number of repetitions."
"EX-2803";"2803";"Agachamento com apoio com halteres";"dumbbell supported squat";"Pernas";"Haltere";"Quadríceps";"glúteos, isquiotibiais, panturrilhas";"Sem sprites; sem mapeamento de animação";"";"2803-dumbbell-supported-squat";"1. Stand with your feet shoulder-width apart, holding a dumbbell in each hand at your sides. | 2. Keeping your chest up and core engaged, slowly lower your body down by bending your knees and pushing your hips back. | 3. Continue lowering until your thighs are parallel to the ground, or as low as you can comfortably go. | 4. Pause for a moment at the bottom, then push through your heels to return to the starting position. | 5. Repeat for the desired number of repetitions."
"EX-0413";"0413";"Agachamento com halteres";"dumbbell squat";"Pernas";"Haltere";"Glúteos";"quadríceps, isquiotibiais, panturrilhas";"Sem sprites; sem mapeamento de animação";"";"0413-dumbbell-squat";"1. Stand with your feet shoulder-width apart, holding a dumbbell in each hand at your sides. | 2. Keeping your chest up and core engaged, lower your body down by bending at the knees and hips, as if sitting back into a chair. | 3. Continue lowering until your thighs are parallel to the ground, or as low as you can comfortably go. | 4. Pause for a moment at the bottom, then push through your heels to return to the starting position. | 5. Repeat for the desired number of repetitions."
"EX-0852";"0852";"Agachamento com peso adicional";"weighted squat";"Pernas";"Com carga";"Glúteos";"quadríceps, isquiotibiais, panturrilhas";"Sem sprites; sem mapeamento de animação";"";"0852-weighted-squat";"1. Stand with your feet shoulder-width apart, toes pointing slightly outward. | 2. Hold a weight in front of your chest or on your shoulders. | 3. Engage your core and keep your chest up as you lower your hips down and back, as if sitting into a chair. | 4. Lower until your thighs are parallel to the ground, or as low as you can comfortably go. | 5. Push through your heels to stand back up, squeezing your glutes at the top. | 6. Repeat for the desired number of repetitions."
"EX-1420";"1420";"Agachamento com salto ajoelhado";"kneeling jump squat";"Pernas";"Barra";"Glúteos";"quadríceps, isquiotibiais, panturrilhas";"Sem sprites; sem mapeamento de animação";"";"1420-kneeling-jump-squat";"1. Start by kneeling on the ground with your feet hip-width apart and your toes pointing forward. | 2. Hold a barbell across your upper back, resting it on your shoulders. | 3. Engage your core and glutes, then explosively jump up into the air, extending your hips and knees. | 4. As you jump, push through your toes and fully extend your ankles, knees, and hips. | 5. Land softly back on the ground, bending your knees to absorb the impact. | 6. Immediately go into the next repetition, repeating the jump squat motion."
"EX-0053";"0053";"Agachamento com salto com barra";"barbell jump squat";"Pernas";"Barra";"Glúteos";"quadríceps, isquiotibiais, panturrilhas";"Sem sprites; sem mapeamento de animação";"";"0053-barbell-jump-squat";"1. Start by standing with your feet shoulder-width apart, holding a barbell across your upper back. | 2. Lower your body into a squat position by bending your knees and pushing your hips back. | 3. Once you reach the bottom of the squat, explode upwards by jumping off the ground. | 4. As you jump, extend your hips, knees, and ankles, pushing through your toes. | 5. Land softly back into the squat position and immediately repeat the movement for the desired number of repetitions."
"EX-3543";"3543";"Agachamento com salto queda com peso corporal";"bodyweight drop jump squat";"Pernas";"Peso corporal";"Glúteos";"quadríceps, isquiotibiais, panturrilhas";"Sem sprites; sem mapeamento de animação";"";"3543-bodyweight-drop-jump-squat";"1. Stand with your feet shoulder-width apart. | 2. Lower your body into a squat position by bending your knees and pushing your hips back. | 3. Jump up explosively, extending your hips, knees, and ankles. | 4. While in mid-air, quickly bring your feet together. | 5. Land softly on the balls of your feet and immediately drop back into a squat position. | 6. Repeat for the desired number of repetitions."
"EX-0513";"0513";"Agachamento com salto versão 2";"jump squat v. 2";"Pernas";"Peso corporal";"Glúteos";"quadríceps, isquiotibiais, panturrilhas";"Sem sprites; sem mapeamento de animação";"";"0513-jump-squat-v-2";"1. Stand with your feet shoulder-width apart. | 2. Lower your body into a squat position by bending your knees and pushing your hips back. | 3. Jump explosively, extending your hips and knees fully. | 4. Land softly on the balls of your feet and immediately lower your body back into a squat position. | 5. Repeat for the desired number of repetitions."
"EX-1461";"1461";"Agachamento completo (costas pov) com barra";"barbell full squat (back pov)";"Pernas";"Barra";"Glúteos";"quadríceps, isquiotibiais, panturrilhas, core";"Sem sprites; sem mapeamento de animação";"";"1461-barbell-full-squat-back-pov";"1. Stand with your feet shoulder-width apart, toes slightly turned out. | 2. Hold the barbell across your upper back, resting it on your traps or rear delts. | 3. Engage your core and keep your chest up as you begin to lower your body down. | 4. Bend at the knees and hips, pushing your hips back and down as if sitting into a chair. | 5. Lower your body until your thighs are parallel to the ground or slightly below. | 6. Keep your knees in line with your toes and your weight in your heels. | 7. Drive through your heels to stand back up, extending your hips and knees. | 8. Repeat for the desired number of repetitions."
"EX-1462";"1462";"Agachamento completo (lateral pov) com barra";"barbell full squat (side pov)";"Pernas";"Barra";"Glúteos";"quadríceps, isquiotibiais, panturrilhas, core";"Sem sprites; sem mapeamento de animação";"";"1462-barbell-full-squat-side-pov";"1. Stand with your feet shoulder-width apart, toes slightly turned out. | 2. Hold the barbell across your upper back, resting it on your traps or rear delts. | 3. Engage your core and keep your chest up as you begin to lower your body down. | 4. Bend at the knees and hips, pushing your hips back and down as if sitting into a chair. | 5. Lower your body until your thighs are parallel to the ground or slightly below. | 6. Keep your knees in line with your toes and your weight in your heels. | 7. Drive through your heels to stand back up, extending your hips and knees. | 8. Repeat for the desired number of repetitions."
"EX-3281";"3281";"Agachamento completo no aparelho Smith";"smith full squat";"Pernas";"Máquina Smith";"Glúteos";"quadríceps, isquiotibiais, panturrilhas";"Sem sprites; sem mapeamento de animação";"";"3281-smith-full-squat";"1. Set up the smith machine with the barbell at shoulder height. | 2. Stand with your feet shoulder-width apart, toes slightly turned out. | 3. Step under the bar and position it across your upper back, resting on your traps. | 4. Grip the bar with your hands slightly wider than shoulder-width apart. | 5. Unrack the bar and take a step back, maintaining a stable stance. | 6. Keeping your chest up and core engaged, initiate the squat by pushing your hips back and bending your knees. | 7. Lower your body until your thighs are parallel to the ground, or as low as your flexibility allows. | 8. Pause for a moment at the bottom, then drive through your heels to return to the starting position. | 9. Repeat for the desired number of repetitions."
"EX-1545";"1545";"Agachamento completo zercher com barra";"barbell full zercher squat";"Pernas";"Barra";"Glúteos";"quadríceps, isquiotibiais, panturrilhas, core";"Sem sprites; sem mapeamento de animação";"";"1545-barbell-full-zercher-squat";"1. Stand with your feet shoulder-width apart and toes slightly turned out. | 2. Hold the barbell in the crooks of your elbows, with your hands gripping the barbell for stability. | 3. Engage your core and keep your chest lifted as you lower your hips back and down into a squat position. | 4. Keep your knees in line with your toes and your weight in your heels. | 5. Lower until your thighs are parallel to the ground, or as low as you can comfortably go. | 6. Drive through your heels to stand back up, squeezing your glutes at the top of the movement. | 7. Repeat for the desired number of repetitions."
"EX-0744";"0744";"Agachamento deitado no trenó";"sled lying squat";"Pernas";"Trenó";"Glúteos";"quadríceps, isquiotibiais, panturrilhas";"Sem sprites; sem mapeamento de animação";"";"0744-sled-lying-squat";"1. Adjust the sled machine to a comfortable weight. | 2. Lie on your back on the sled machine with your feet on the footplate. | 3. Position your feet shoulder-width apart and slightly angled outwards. | 4. Grip the handles of the sled machine for stability. | 5. Engage your glutes and core muscles. | 6. Push through your heels and extend your legs to lift the sled. | 7. Lower the sled back down by bending your knees and hips. | 8. Repeat for the desired number of repetitions."
"EX-0063";"0063";"Agachamento fechado base com barra";"barbell narrow stance squat";"Pernas";"Barra";"Glúteos";"quadríceps, isquiotibiais, panturrilhas";"Sem sprites; sem mapeamento de animação";"";"0063-barbell-narrow-stance-squat";"1. Stand with your feet shoulder-width apart and toes pointing slightly outward. | 2. Hold the barbell across your upper back, resting it on your traps or rear delts. | 3. Engage your core and keep your chest up as you slowly lower your body by bending your knees and pushing your hips back. | 4. Continue lowering until your thighs are parallel to the ground or slightly below. | 5. Pause for a moment, then push through your heels to return to the starting position. | 6. Repeat for the desired number of repetitions."
"EX-0741";"0741";"Agachamento fechado hack no trenó";"sled closer hack squat";"Pernas";"Trenó";"Glúteos";"quadríceps, isquiotibiais, panturrilhas";"Sem sprites; sem mapeamento de animação";"";"0741-sled-closer-hack-squat";"1. Adjust the sled machine to a comfortable weight and position yourself with your back against the pad. | 2. Place your feet shoulder-width apart on the platform, toes slightly pointed outwards. | 3. Grip the handles on the sides of the machine for stability. | 4. Engage your core and slowly lower your body by bending your knees and hips, keeping your back straight. | 5. Continue lowering until your thighs are parallel to the ground or slightly below. | 6. Pause for a moment at the bottom, then push through your heels to extend your legs and return to the starting position. | 7. Repeat for the desired number of repetitions."
"EX-3194";"3194";"Agachamento frankenstein";"frankenstein squat";"Pernas";"Barra";"Glúteos";"quadríceps, isquiotibiais, panturrilhas";"Sem sprites; sem mapeamento de animação";"";"3194-frankenstein-squat";"1. Stand with your feet shoulder-width apart and hold the barbell in front of your body with straight arms. | 2. Keeping your back straight, lower your body by bending at the knees and hips, as if sitting back into a chair. | 3. Continue lowering until your thighs are parallel to the ground, or as low as you can comfortably go. | 4. Pause for a moment, then push through your heels to return to the starting position. | 5. Repeat for the desired number of repetitions."
"EX-1433";"1433";"Agachamento frontal (clean pegada) no aparelho Smith";"smith front squat (clean grip)";"Pernas";"Máquina Smith";"Glúteos";"quadríceps, isquiotibiais, panturrilhas, core";"Sem sprites; sem mapeamento de animação";"";"1433-smith-front-squat-clean-grip";"1. Set up the smith machine with the barbell at shoulder height. | 2. Stand facing the barbell with your feet shoulder-width apart. | 3. Grasp the barbell with an overhand grip, slightly wider than shoulder-width apart. | 4. Step back and position the barbell on your front shoulders, resting it on your collarbone and deltoids. | 5. Keep your chest up, back straight, and core engaged. | 6. Lower your body by bending at the knees and hips, as if sitting back into a chair. | 7. Continue lowering until your thighs are parallel to the ground or slightly below. | 8. Pause for a moment, then push through your heels to return to the starting position. | 9. Repeat for the desired number of repetitions."
"EX-0024";"0024";"Agachamento frontal banco com barra";"barbell bench front squat";"Pernas";"Barra";"Quadríceps";"isquiotibiais, glúteos, panturrilhas";"Sem sprites; sem mapeamento de animação";"";"0024-barbell-bench-front-squat";"1. Start by standing with your feet shoulder-width apart and the barbell resting on your upper chest, just below your collarbone. | 2. Hold the barbell with an overhand grip, keeping your elbows up and your upper arms parallel to the ground. | 3. Lower your body down into a squat position by bending at the knees and hips, keeping your back straight and your chest up. | 4. Pause for a moment at the bottom of the squat, then push through your heels to return to the starting position. | 5. Repeat for the desired number of repetitions."
"EX-0029";"0029";"Agachamento frontal clean pegada com barra";"barbell clean-grip front squat";"Pernas";"Barra";"Glúteos";"quadríceps, isquiotibiais, panturrilhas, core";"Sem sprites; sem mapeamento de animação";"";"0029-barbell-clean-grip-front-squat";"1. Start by standing with your feet shoulder-width apart and the barbell resting on your upper chest, with your elbows pointing forward. | 2. Lower your body by bending your knees and pushing your hips back, as if you are sitting back into a chair. | 3. Keep your chest up and your back straight as you lower down, making sure your knees do not go past your toes. | 4. Continue lowering until your thighs are parallel to the ground, or as low as you can comfortably go. | 5. Pause for a moment at the bottom, then push through your heels to stand back up, extending your hips and knees. | 6. Repeat for the desired number of repetitions."
"EX-0533";"0533";"Agachamento frontal com kettlebell";"kettlebell front squat";"Pernas";"Kettlebell";"Glúteos";"quadríceps, isquiotibiais, panturrilhas";"Sem sprites; sem mapeamento de animação";"";"0533-kettlebell-front-squat";"1. Stand with your feet shoulder-width apart, toes slightly turned out. | 2. Hold the kettlebell with both hands in front of your chest, close to your body. | 3. Engage your core and keep your chest up as you lower your hips down and back, as if sitting into a chair. | 4. Lower until your thighs are parallel to the ground, or as low as you can comfortably go. | 5. Drive through your heels to stand back up, squeezing your glutes at the top. | 6. Repeat for the desired number of repetitions."
"EX-0039";"0039";"Agachamento frontal peitoral com barra";"barbell front chest squat";"Pernas";"Barra";"Glúteos";"quadríceps, isquiotibiais, panturrilhas, core";"Sem sprites; sem mapeamento de animação";"";"0039-barbell-front-chest-squat";"1. Start by standing with your feet shoulder-width apart, toes slightly turned out. | 2. Hold the barbell in front of your chest with your hands shoulder-width apart, elbows pointing forward. | 3. Engage your core and keep your chest up as you lower your body down into a squat position, pushing your hips back and bending your knees. | 4. Lower until your thighs are parallel to the ground, or as low as you can comfortably go. | 5. Pause for a moment at the bottom, then push through your heels to return to the starting position. | 6. Repeat for the desired number of repetitions."
"EX-0534";"0534";"Agachamento goblet com kettlebell";"kettlebell goblet squat";"Pernas";"Kettlebell";"Glúteos";"quadríceps, isquiotibiais, panturrilhas";"Sem sprites; sem mapeamento de animação";"";"0534-kettlebell-goblet-squat";"1. Stand with your feet shoulder-width apart, holding a kettlebell close to your chest with both hands. | 2. Keeping your chest up and core engaged, lower your body down into a squat position by bending at the knees and hips. | 3. Continue lowering until your thighs are parallel to the ground, or as low as you can comfortably go. | 4. Pause for a moment at the bottom, then push through your heels to return to the starting position. | 5. Repeat for the desired number of repetitions."
"EX-0046";"0046";"Agachamento hack com barra";"barbell hack squat";"Pernas";"Barra";"Glúteos";"quadríceps, isquiotibiais, panturrilhas";"Sem sprites; sem mapeamento de animação";"";"0046-barbell-hack-squat";"1. Start by standing with your feet shoulder-width apart and your toes slightly turned out. | 2. Hold the barbell behind your legs, resting it on your upper thighs. | 3. Lower your body by bending at the knees and hips, keeping your back straight and your chest up. | 4. Continue lowering until your thighs are parallel to the ground, or as low as you can comfortably go. | 5. Pause for a moment, then push through your heels to return to the starting position. | 6. Repeat for the desired number of repetitions."
"EX-0755";"0755";"Agachamento hack no aparelho Smith";"smith hack squat";"Pernas";"Máquina Smith";"Glúteos";"quadríceps, isquiotibiais, panturrilhas";"Sem sprites; sem mapeamento de animação";"";"0755-smith-hack-squat";"1. Adjust the barbell on the smith machine to an appropriate height for your body. | 2. Stand with your feet shoulder-width apart, toes slightly pointed outwards. | 3. Position yourself under the barbell, resting it on your upper traps and shoulders. | 4. Grasp the barbell with an overhand grip, slightly wider than shoulder-width apart. | 5. Engage your core and keep your chest up as you unrack the barbell. | 6. Take a step back and position your feet slightly wider than shoulder-width apart. | 7. Bend your knees and lower your body down, keeping your chest up and back straight. | 8. Continue descending until your thighs are parallel to the ground or slightly below. | 9. Pause for a moment at the bottom, then push through your heels to return to the starting position. | 10. Repeat for the desired number of repetitions."
"EX-0051";"0051";"Agachamento jefferson com barra";"barbell jefferson squat";"Pernas";"Barra";"Glúteos";"quadríceps, isquiotibiais, panturrilhas";"Sem sprites; sem mapeamento de animação";"";"0051-barbell-jefferson-squat";"1. Stand with your feet shoulder-width apart and toes slightly turned out. | 2. Hold the barbell with an overhand grip, resting it on the front of your body, just below your waist. | 3. Step your left foot forward and your right foot back, keeping your feet shoulder-width apart. | 4. Bend your knees and lower your body down into a squat position, keeping your back straight and chest up. | 5. Push through your heels to stand back up to the starting position. | 6. Repeat the movement, alternating your forward and back foot with each repetition."
"EX-0786";"0786";"Agachamento jerk";"squat jerk";"Pernas";"Barra";"Quadríceps";"glúteos, isquiotibiais, panturrilhas, core";"Sem sprites; sem mapeamento de animação";"";"0786-squat-jerk";"1. Start with the barbell resting on your shoulders, with your feet shoulder-width apart. | 2. Lower your body into a squat position, keeping your chest up and your knees tracking over your toes. | 3. As you reach the bottom of the squat, explosively drive through your legs and push the barbell overhead. | 4. As the barbell reaches its peak, quickly drop into a split position, with one foot forward and one foot back. | 5. Catch the barbell overhead with your arms fully extended and your back knee slightly touching the ground. | 6. Stand up from the split position, bringing your feet back together. | 7. Lower the barbell back to your shoulders and repeat for the desired number of repetitions."
"EX-0551";"0551";"Agachamento levantamento turco (estilo) com kettlebell";"kettlebell turkish get up (squat style)";"Pernas";"Kettlebell";"Glúteos";"quadríceps, isquiotibiais, core";"Sem sprites; sem mapeamento de animação";"";"0551-kettlebell-turkish-get-up-squat-style";"1. Start by lying on your back with your legs extended and the kettlebell held in your right hand, arm fully extended above your shoulder. | 2. Bend your right knee and place your right foot flat on the ground, keeping your left leg extended. | 3. Pressing through your right foot, lift your hips off the ground, coming into a bridge position. | 4. Slide your left leg underneath your body, bending your left knee and placing your left foot flat on the ground. | 5. Rotate your torso to the left, bringing your left hand to the ground for support. | 6. Pressing through your right foot and left hand, lift your torso off the ground, coming into a kneeling position. | 7. From the kneeling position, stand up, keeping the kettlebell extended overhead. | 8. Reverse the movement to return to the starting position. | 9. Repeat the exercise on the other side, starting with the kettlebell in your left hand."
"EX-0770";"0770";"Agachamento no aparelho Smith";"smith squat";"Pernas";"Máquina Smith";"Glúteos";"quadríceps, isquiotibiais, panturrilhas";"Sem sprites; sem mapeamento de animação";"";"0770-smith-squat";"1. Set up the smith machine with the barbell at an appropriate height for your squat. | 2. Stand with your feet shoulder-width apart, toes slightly turned out. | 3. Position yourself under the barbell, resting it on your upper traps and shoulders. | 4. Grip the barbell with a wide grip, slightly wider than shoulder-width apart. | 5. Engage your core and unrack the barbell, stepping back to clear the rack. | 6. Keeping your chest up and back straight, initiate the squat by bending at the hips and knees. | 7. Lower your body until your thighs are parallel to the ground or slightly below. | 8. Pause for a moment at the bottom, then drive through your heels to return to the starting position. | 9. Repeat for the desired number of repetitions."
"EX-1705";"1705";"Agachamento no bosu bola";"squat on bosu ball";"Pernas";"Bosu";"Quadríceps";"glúteos, isquiotibiais, panturrilhas";"Sem sprites; sem mapeamento de animação";"";"1705-squat-on-bosu-ball";"1. Place the bosu ball on the ground with the flat side up. | 2. Stand with your feet shoulder-width apart and position yourself on top of the bosu ball. | 3. Lower your body down by bending your knees and hips, as if sitting back into a chair. | 4. Keep your chest up and your weight on your heels. | 5. Lower yourself until your thighs are parallel to the ground. | 6. Pause for a moment, then push through your heels to return to the starting position. | 7. Repeat for the desired number of repetitions."
"EX-0544";"0544";"Agachamento pistol com kettlebell";"kettlebell pistol squat";"Pernas";"Kettlebell";"Glúteos";"quadríceps, isquiotibiais, panturrilhas";"Sem sprites; sem mapeamento de animação";"";"0544-kettlebell-pistol-squat";"1. Stand with your feet shoulder-width apart, holding a kettlebell in front of your chest with both hands. | 2. Lift your left foot off the ground and extend it forward, keeping it parallel to the ground. | 3. Slowly lower your body down into a squat position, keeping your right foot flat on the ground and your left leg extended. | 4. Pause for a moment at the bottom of the squat, then push through your right heel to return to the starting position. | 5. Repeat for the desired number of repetitions, then switch legs."
"EX-0371";"0371";"Agachamento pliométrico com halteres";"dumbbell plyo squat";"Pernas";"Haltere";"Glúteos";"quadríceps, isquiotibiais, panturrilhas";"Sem sprites; sem mapeamento de animação";"";"0371-dumbbell-plyo-squat";"1. Stand with your feet shoulder-width apart, holding a dumbbell in each hand at your sides. | 2. Lower your body into a squat position by bending your knees and pushing your hips back. | 3. As you reach the bottom of the squat, explode upward, jumping off the ground. | 4. While in the air, quickly switch the position of your feet, landing with your opposite foot forward. | 5. Immediately lower your body back into a squat position and repeat the jump, switching your feet again. | 6. Continue alternating the position of your feet with each jump for the desired number of repetitions."
"EX-3132";"3132";"Agachamento profundo com apoio";"potty squat with support";"Pernas";"Peso corporal";"Glúteos";"quadríceps, isquiotibiais, panturrilhas";"Sem sprites; sem mapeamento de animação";"";"3132-potty-squat-with-support";"1. Stand with your feet shoulder-width apart, toes pointing slightly outward. | 2. Hold onto a stable support, such as a chair or wall, for balance. | 3. Lower your body down into a squat position by bending your knees and pushing your hips back. | 4. Keep your chest up and your back straight throughout the movement. | 5. Pause for a moment at the bottom, then push through your heels to return to the starting position. | 6. Repeat for the desired number of repetitions."
"EX-1003";"1003";"Agachamento remada com faixa elástica";"band squat row";"Pernas";"Faixa elástica";"Glúteos";"isquiotibiais, quadríceps, costas";"Sem sprites; sem mapeamento de animação";"";"1003-band-squat-row";"1. Attach the band to a sturdy anchor point at waist height. | 2. Stand facing the anchor point with your feet shoulder-width apart. | 3. Hold the band handles with your palms facing each other and your arms extended in front of you. | 4. Bend your knees and lower into a squat position, keeping your back straight and chest lifted. | 5. From the squat position, pull the band handles towards your body, squeezing your shoulder blades together. | 6. Pause for a moment at the top, then slowly release the tension and return to the starting position. | 7. Repeat for the desired number of repetitions."
"EX-3769";"3769";"Agachamento reverência";"curtsey squat";"Pernas";"Peso corporal";"Glúteos";"quadríceps, isquiotibiais, panturrilhas";"Sem sprites; sem mapeamento de animação";"";"3769-curtsey-squat";"1. Stand with your feet shoulder-width apart. | 2. Take a step diagonally behind and across your body with your right foot, crossing it behind your left leg. | 3. Bend both knees as if you were curtsying, lowering your body towards the ground. | 4. Keep your torso upright and your weight on your front foot. | 5. Push through your front foot to return to the starting position. | 6. Repeat on the other side, stepping diagonally behind and across your body with your left foot."
"EX-2798";"2798";"Agachamento salto passo posterior avanço com barra";"barbell squat jump step rear lunge";"Pernas";"Barra";"Quadríceps";"glúteos, isquiotibiais, panturrilhas";"Sem sprites; sem mapeamento de animação";"";"2798-barbell-squat-jump-step-rear-lunge";"1. Start by standing with your feet shoulder-width apart, holding a barbell across your upper back. | 2. Lower your body into a squat position by bending your knees and pushing your hips back. | 3. Explode upwards, jumping off the ground as high as you can. | 4. Land softly on your feet and immediately step back with one leg into a reverse lunge. | 5. Lower your body down until your front thigh is parallel to the ground, keeping your back straight. | 6. Push through your front heel to return to the starting position. | 7. Repeat the jump and lunge sequence on the other leg. | 8. Continue alternating legs for the desired number of repetitions."
"EX-0851";"0851";"Agachamento sissy com peso adicional";"weighted sissy squat";"Pernas";"Com carga";"Quadríceps";"glúteos, isquiotibiais, panturrilhas";"Sem sprites; sem mapeamento de animação";"";"0851-weighted-sissy-squat";"1. Stand with your feet shoulder-width apart and your toes pointing slightly outward. | 2. Hold a weight in front of your chest with both hands, or place a barbell across your upper back. | 3. Keeping your chest up and your core engaged, slowly lower your body down by bending at the knees and hips. | 4. Continue lowering until your thighs are parallel to the ground or as low as you can comfortably go. | 5. Pause for a moment at the bottom, then push through your heels to return to the starting position. | 6. Repeat for the desired number of repetitions."
"EX-3142";"3142";"Agachamento sumô no aparelho Smith";"smith sumo squat";"Pernas";"Máquina Smith";"Glúteos";"quadríceps, isquiotibiais, panturrilhas";"Sem sprites; sem mapeamento de animação";"";"3142-smith-sumo-squat";"1. Set up the smith machine with the barbell at hip height. | 2. Stand with your feet wider than shoulder-width apart, toes pointing outwards. | 3. Position yourself under the barbell, resting it on your upper back and shoulders. | 4. Engage your core and keep your chest up as you lower your body down into a squat position, pushing your hips back and bending your knees. | 5. Lower yourself until your thighs are parallel to the ground, or as low as you can comfortably go. | 6. Pause for a moment at the bottom, then push through your heels to return to the starting position. | 7. Repeat for the desired number of repetitions."
"EX-1476";"1476";"Agachamento unilateral";"one leg squat";"Pernas";"Peso corporal";"Glúteos";"quadríceps, isquiotibiais, panturrilhas";"Sem sprites; sem mapeamento de animação";"";"1476-one-leg-squat";"1. Stand with your feet shoulder-width apart. | 2. Extend one leg forward, keeping it off the ground. | 3. Bend your standing leg and lower your body down as if sitting back into a chair. | 4. Keep your chest up and your back straight. | 5. Push through your heel to return to the starting position. | 6. Repeat with the other leg."
"EX-0068";"0068";"Agachamento unilateral com barra";"barbell one leg squat";"Pernas";"Barra";"Quadríceps";"glúteos, isquiotibiais, panturrilhas";"Sem sprites; sem mapeamento de animação";"";"0068-barbell-one-leg-squat";"1. Stand with your feet shoulder-width apart and hold a barbell across your upper back. | 2. Lift one foot off the ground and extend it forward, keeping it parallel to the ground. | 3. Bend your standing leg and lower your body down as if sitting back into a chair, keeping your chest up and your back straight. | 4. Lower yourself until your thigh is parallel to the ground, then push through your heel to return to the starting position. | 5. Repeat for the desired number of repetitions, then switch legs and repeat."
"EX-0411";"0411";"Agachamento unilateral com halteres";"dumbbell single leg squat";"Pernas";"Haltere";"Glúteos";"quadríceps, isquiotibiais, panturrilhas";"Sem sprites; sem mapeamento de animação";"";"0411-dumbbell-single-leg-squat";"1. Stand with your feet shoulder-width apart, holding a dumbbell in each hand. | 2. Extend one leg forward and keep it off the ground throughout the exercise. | 3. Bend your standing leg and lower your body down as if sitting back into a chair. | 4. Keep your chest up and your back straight. | 5. Pause for a moment at the bottom, then push through your heel to return to the starting position. | 6. Repeat for the desired number of repetitions, then switch legs."
"EX-0101";"0101";"Agachamento velocidade com barra";"barbell speed squat";"Pernas";"Barra";"Glúteos";"quadríceps, isquiotibiais, panturrilhas";"Sem sprites; sem mapeamento de animação";"";"0101-barbell-speed-squat";"1. Stand with your feet shoulder-width apart, toes slightly turned out. | 2. Hold the barbell across your upper back, resting it on your traps or rear delts. | 3. Engage your core and keep your chest up as you lower your hips back and down, as if sitting into a chair. | 4. Lower until your thighs are parallel to the ground, or as low as you can comfortably go. | 5. Drive through your heels to stand back up, squeezing your glutes at the top. | 6. Repeat for the desired number of repetitions."
"EX-0127";"0127";"Agachamento zercher com barra";"barbell zercher squat";"Pernas";"Barra";"Glúteos";"quadríceps, isquiotibiais, panturrilhas, core";"Sem sprites; sem mapeamento de animação";"";"0127-barbell-zercher-squat";"1. Stand with your feet shoulder-width apart and toes slightly turned out. | 2. Hold the barbell in the crooks of your elbows, with your hands gripping the bar for stability. | 3. Engage your core and keep your chest lifted as you lower your hips back and down into a squat position. | 4. Keep your knees in line with your toes and your weight in your heels. | 5. Pause for a moment at the bottom of the squat, then push through your heels to return to the starting position. | 6. Repeat for the desired number of repetitions."
"EX-2368";"2368";"Agachamentos búlgaros";"split squats";"Pernas";"Peso corporal";"Quadríceps";"glúteos, isquiotibiais, panturrilhas";"Sem sprites; sem mapeamento de animação";"";"2368-split-squats";"1. Stand with your feet shoulder-width apart. | 2. Take a step forward with one foot and place it about two feet in front of the other foot. | 3. Lower your body by bending your knees and hips, keeping your back straight. | 4. Continue lowering until your front thigh is parallel to the ground, and your back knee is hovering just above the ground. | 5. Pause for a moment, then push through your front heel to return to the starting position. | 6. Repeat for the desired number of repetitions, then switch legs and repeat."
"EX-1712";"1712";"Alongamento assistido de adutores deitado de lado";"assisted side lying adductor stretch";"Pernas";"Assistido";"Adutores";"isquiotibiais, glúteos";"Sem sprites; sem mapeamento de animação";"";"1712-assisted-side-lying-adductor-stretch";"1. Lie on your side with your legs straight and stacked on top of each other. | 2. Bend your bottom leg slightly for stability. | 3. Place your top foot on a stable surface, such as a bench or step. | 4. Keeping your top leg straight, slowly lower it towards the ground, feeling a stretch in your inner thigh. | 5. Hold the stretch for 20-30 seconds. | 6. Return to the starting position and repeat on the other side."
"EX-1710";"1710";"Alongamento assistido de glúteos e piriforme deitado";"assisted lying gluteus and piriformis stretch";"Pernas";"Assistido";"Glúteos";"isquiotibiais";"Sem sprites; sem mapeamento de animação";"";"1710-assisted-lying-gluteus-and-piriformis-stretch";"1. Lie on your back with your legs extended. | 2. Bend your right knee and place your right ankle on your left thigh, just above the knee. | 3. Grasp your left thigh with both hands and gently pull it towards your chest. | 4. Hold the stretch for 20-30 seconds. | 5. Release the stretch and repeat on the other side."
"EX-1713";"1713";"Alongamento assistido de quadríceps em decúbito ventral";"assisted prone lying quads stretch";"Pernas";"Assistido";"Quadríceps";"isquiotibiais, glúteos";"Sem sprites; sem mapeamento de animação";"";"1713-assisted-prone-lying-quads-stretch";"1. Lie face down on the ground with your legs extended. | 2. Bend your left knee and reach back with your left hand to grab your left foot or ankle. | 3. Gently pull your left foot towards your glutes, feeling a stretch in your left quad. | 4. Hold the stretch for 20-30 seconds, then release. | 5. Repeat with your right leg."
"EX-1548";"1548";"Alongamento cadeira perna estendido";"chair leg extended stretch";"Pernas";"Peso corporal";"Quadríceps";"isquiotibiais, panturrilhas";"Sem sprites; sem mapeamento de animação";"";"1548-chair-leg-extended-stretch";"1. Sit on the edge of a chair with your back straight and feet flat on the ground. | 2. Extend one leg straight out in front of you, keeping your heel on the ground. | 3. Lean forward slightly, feeling a stretch in your quadriceps. | 4. Hold this position for 20-30 seconds. | 5. Switch legs and repeat the stretch."
"EX-2571";"2571";"Alongamento com balanço sapo";"rocking frog stretch";"Pernas";"Peso corporal";"Glúteos";"isquiotibiais, quadríceps";"Sem sprites; sem mapeamento de animação";"";"2571-rocking-frog-stretch";"1. Start by kneeling on the ground with your knees hip-width apart. | 2. Place your hands on the ground in front of you for support. | 3. Slowly lean forward, shifting your weight onto your hands and extending your legs behind you. | 4. Keep your back straight and engage your glutes as you push your hips back and up towards the ceiling. | 5. Hold this position for a few seconds, feeling a stretch in your glutes. | 6. Slowly return to the starting position by bending your knees and lowering your hips back down. | 7. Repeat for the desired number of repetitions."
"EX-1585";"1585";"Alongamento corredores";"runners stretch";"Pernas";"Peso corporal";"Isquiotibiais";"panturrilhas, quadríceps";"Sem sprites; sem mapeamento de animação";"";"1585-runners-stretch";"1. Stand with your feet hip-width apart. | 2. Take a step forward with your right foot, keeping your left foot planted. | 3. Bend your right knee and lower your body down, keeping your left leg straight. | 4. Place your hands on your right thigh for support. | 5. Hold the stretch for 20-30 seconds, then switch sides and repeat."
"EX-1709";"1709";"Alongamento de glúteos assistido deitado";"assisted lying glutes stretch";"Pernas";"Assistido";"Glúteos";"isquiotibiais";"Sem sprites; sem mapeamento de animação";"";"1709-assisted-lying-glutes-stretch";"1. Lie on your back with your legs extended. | 2. Bend your right knee and place your right ankle on your left thigh, just above the knee. | 3. Grasp your left thigh with both hands and gently pull it towards your chest. | 4. Hold the stretch for 20-30 seconds. | 5. Release and repeat on the other side."
"EX-1599";"1599";"Alongamento de panturrilhas em pé posterior de coxa e com faixa";"standing hamstring and calf stretch with strap";"Pernas";"Corda";"Isquiotibiais";"panturrilhas";"Sem sprites; sem mapeamento de animação";"";"1599-standing-hamstring-and-calf-stretch-with-strap";"1. Stand upright with your feet shoulder-width apart. | 2. Hold the strap with both hands and place it around the ball of your foot. | 3. Keep your leg straight and slowly lean forward from your hips, keeping your back straight. | 4. Feel the stretch in your hamstring and calf muscles. | 5. Hold the stretch for 20-30 seconds. | 6. Release the stretch and repeat with the other leg. | 7. Repeat for the desired number of repetitions."
"EX-1576";"1576";"Alongamento de posteriores de coxa perna acima";"leg up hamstring stretch";"Pernas";"Peso corporal";"Isquiotibiais";"glúteos";"Sem sprites; sem mapeamento de animação";"";"1576-leg-up-hamstring-stretch";"1. Lie flat on your back with your legs extended. | 2. Bend one knee and bring it towards your chest, holding onto your thigh or shin. | 3. Straighten your leg as much as possible while keeping it elevated. | 4. Hold the stretch for 20-30 seconds. | 5. Repeat with the other leg."
"EX-1560";"1560";"Alongamento de posteriores de coxa sentado na bola suíça";"exercise ball seated hamstring stretch";"Pernas";"Bola de estabilidade";"Isquiotibiais";"glúteos, região lombar";"Sem sprites; sem mapeamento de animação";"";"1560-exercise-ball-seated-hamstring-stretch";"1. Sit on the stability ball with your feet flat on the ground and your knees bent at a 90-degree angle. | 2. Slowly roll the ball forward, walking your feet out until your upper back is resting on the ball and your legs are extended straight in front of you. | 3. Place your hands on your hips for support. | 4. Engage your core and slowly lower your upper body towards the ground, keeping your back straight and your chest lifted. | 5. Stop when you feel a stretch in your hamstrings, and hold the position for 20-30 seconds. | 6. Slowly return to the starting position by pushing through your heels and using your hamstrings to pull yourself back up. | 7. Repeat for the desired number of repetitions."
"EX-1512";"1512";"Alongamento de quadríceps em quatro apoios";"all fours squad stretch";"Pernas";"Peso corporal";"Quadríceps";"isquiotibiais, glúteos";"Sem sprites; sem mapeamento de animação";"";"1512-all-fours-squad-stretch";"1. Start on all fours with your hands directly under your shoulders and your knees directly under your hips. | 2. Extend one leg straight back, keeping your knee bent and your foot flexed. | 3. Slowly lower your hips towards the ground, feeling a stretch in your quads. | 4. Hold this position for 20-30 seconds. | 5. Switch legs and repeat the stretch on the other side."
"EX-0613";"0613";"Alongamento deitado (lateral) quadríceps";"lying (side) quads stretch";"Pernas";"Peso corporal";"Quadríceps";"isquiotibiais";"Sem sprites; sem mapeamento de animação";"";"0613-lying-side-quads-stretch";"1. Lie on your side with your legs straight. | 2. Bend your top leg and grab your ankle or foot with your hand. | 3. Gently pull your ankle or foot towards your glutes until you feel a stretch in your quads. | 4. Hold the stretch for 20-30 seconds. | 5. Release the stretch and repeat on the other side."
"EX-1419";"1419";"Alongamento ferro cruzado";"iron cross stretch";"Pernas";"Peso corporal";"Glúteos";"isquiotibiais, quadríceps";"Sem sprites; sem mapeamento de animação";"";"1419-iron-cross-stretch";"1. Lie flat on your back with your arms extended out to the sides. | 2. Raise your legs up towards the ceiling, keeping them straight. | 3. Slowly lower your legs to one side, aiming to touch the floor with your feet. | 4. Hold the stretch for a few seconds, then return your legs to the starting position. | 5. Repeat the stretch on the other side. | 6. Continue alternating sides for the desired number of repetitions."
"EX-1564";"1564";"Alongamento intermediário quadril flexor e quad";"intermediate hip flexor and quad stretch";"Pernas";"Corda";"Quadríceps";"isquiotibiais, glúteos";"Sem sprites; sem mapeamento de animação";"";"1564-intermediate-hip-flexor-and-quad-stretch";"1. Stand upright with your feet shoulder-width apart. | 2. Hold onto a stable object for support. | 3. Bend your right knee and bring your right foot towards your glutes, grabbing the rope with your right hand. | 4. Slowly pull your right foot towards your glutes, feeling a stretch in your right quad. | 5. Hold the stretch for 20-30 seconds. | 6. Release the stretch and repeat on the left side."
"EX-1559";"1559";"Alongamento quadril flexor na bola suíça";"exercise ball hip flexor stretch";"Pernas";"Bola de estabilidade";"Glúteos";"quadríceps, isquiotibiais";"Sem sprites; sem mapeamento de animação";"";"1559-exercise-ball-hip-flexor-stretch";"1. Place the stability ball on the ground and kneel in front of it. | 2. Place your right foot on top of the stability ball, with your knee bent at a 90-degree angle. | 3. Extend your left leg behind you, keeping it straight. | 4. Lean forward, pushing your hips towards the stability ball, until you feel a stretch in your right hip flexor. | 5. Hold the stretch for 20-30 seconds, then switch sides and repeat."
"EX-2202";"2202";"Alongamento rolo quadril";"roller hip stretch";"Pernas";"Rolo";"Glúteos";"isquiotibiais, quadríceps";"Sem sprites; sem mapeamento de animação";"";"2202-roller-hip-stretch";"1. Start by sitting on the ground with your legs extended in front of you. | 2. Place the roller under your glutes, just above your knees. | 3. Lean back and place your hands on the ground behind you for support. | 4. Engage your glutes and slowly roll the roller forward, bending your knees and bringing them towards your chest. | 5. Pause for a moment at the end of the movement, feeling a stretch in your glutes. | 6. Slowly roll the roller back to the starting position, extending your legs. | 7. Repeat for the desired number of repetitions."
"EX-2205";"2205";"Alongamento rolo quadril dorsal";"roller hip lat stretch";"Pernas";"Rolo";"Glúteos";"isquiotibiais, quadríceps";"Sem sprites; sem mapeamento de animação";"";"2205-roller-hip-lat-stretch";"1. Start by kneeling on the ground with the roller positioned under your hips. | 2. Place your hands on the roller for support. | 3. Slowly roll the roller forward, extending your hips and stretching your glutes. | 4. Hold the stretch for a few seconds, then roll back to the starting position. | 5. Repeat for the desired number of repetitions."
"EX-1424";"1424";"Alongamento sentado glúteo";"seated glute stretch";"Pernas";"Peso corporal";"Glúteos";"isquiotibiais";"Sem sprites; sem mapeamento de animação";"";"1424-seated-glute-stretch";"1. Sit on the ground with your legs extended in front of you. | 2. Bend your right knee and cross your right ankle over your left thigh. | 3. Place your right hand on the ground behind you for support. | 4. With your left hand, gently press down on your right knee to deepen the stretch. | 5. Hold the stretch for 30 seconds to 1 minute. | 6. Switch sides and repeat."
"EX-2567";"2567";"Alongamento sentado piriforme";"seated piriformis stretch";"Pernas";"Peso corporal";"Glúteos";"isquiotibiais";"Sem sprites; sem mapeamento de animação";"";"2567-seated-piriformis-stretch";"1. Sit on the ground with your legs extended in front of you. | 2. Bend your right knee and place your right foot on the outside of your left knee. | 3. Place your left elbow on the outside of your right knee and gently twist your torso to the right. | 4. Hold the stretch for 20-30 seconds, then switch sides and repeat."
"EX-0776";"0776";"Arranco puxada";"snatch pull";"Pernas";"Barra";"Quadríceps";"isquiotibiais, glúteos, panturrilhas";"Sem sprites; sem mapeamento de animação";"";"0776-snatch-pull";"1. Stand with your feet shoulder-width apart and the barbell on the ground in front of you. | 2. Bend your knees and hinge at the hips to lower into a squat position, gripping the barbell with an overhand grip. | 3. Keep your back straight and chest up as you drive through your heels to lift the barbell off the ground, extending your hips and knees. | 4. As the barbell reaches hip level, explosively pull it upwards, shrugging your shoulders and pulling your elbows high and to the sides. | 5. As the barbell reaches its highest point, quickly drop underneath it, pulling yourself into a deep squat position. | 6. Catch the barbell overhead with your arms fully extended and your knees bent. | 7. Stand up by extending your hips and knees, keeping the barbell overhead. | 8. Lower the barbell back down to the starting position by reversing the movement. | 9. Repeat for the desired number of repetitions."
"EX-3888";"3888";"Arranco unilateral com halteres";"dumbbell one arm snatch";"Pernas";"Haltere";"Glúteos";"isquiotibiais, quadríceps, core";"Sem sprites; sem mapeamento de animação";"";"3888-dumbbell-one-arm-snatch";"1. Stand with your feet shoulder-width apart, holding a dumbbell in one hand with an overhand grip. | 2. Bend your knees slightly and hinge forward at the hips, keeping your back straight and chest up. | 3. Lower the dumbbell towards the ground, keeping it close to your body. | 4. Explosively extend your hips, knees, and ankles, driving the dumbbell upwards in a straight line. | 5. As the dumbbell reaches shoulder height, quickly rotate your hand and punch it overhead, fully extending your arm. | 6. Catch the dumbbell overhead with a slight bend in your knees and hips. | 7. Lower the dumbbell back down to the starting position in a controlled manner. | 8. Repeat for the desired number of repetitions, then switch to the other arm."
"EX-1460";"1460";"Avanço caminhando";"walking lunge";"Pernas";"Peso corporal";"Glúteos";"quadríceps, isquiotibiais, panturrilhas";"Sem sprites; sem mapeamento de animação";"";"1460-walking-lunge";"1. Stand with your feet shoulder-width apart. | 2. Take a step forward with your right leg, lowering your body into a lunge position. | 3. Keep your torso upright and your front knee aligned with your ankle. | 4. Push off with your right foot and bring your left foot forward, stepping into a lunge position with your left leg. | 5. Continue alternating legs and walking forward, maintaining a controlled and steady pace. | 6. Repeat for the desired number of repetitions."
"EX-3642";"3642";"Avanço com alongamento e peso adicional";"weighted stretch lunge";"Pernas";"Com carga";"Glúteos";"quadríceps, isquiotibiais, panturrilhas";"Sem sprites; sem mapeamento de animação";"";"3642-weighted-stretch-lunge";"1. Stand with your feet shoulder-width apart. | 2. Take a step forward with your right foot, keeping your back straight. | 3. Lower your body by bending your knees until your right thigh is parallel to the ground. | 4. Push through your right heel to return to the starting position. | 5. Repeat with your left leg. | 6. Continue alternating legs for the desired number of repetitions."
"EX-3644";"3644";"Avanço com balanço com peso adicional";"weighted lunge with swing";"Pernas";"Com carga";"Glúteos";"quadríceps, isquiotibiais, panturrilhas";"Sem sprites; sem mapeamento de animação";"";"3644-weighted-lunge-with-swing";"1. Stand with your feet shoulder-width apart, holding a weight in each hand. | 2. Take a step forward with your right foot, lowering your body into a lunge position. | 3. As you lunge forward, swing the weights forward and upward, keeping your arms straight. | 4. Push off with your right foot and return to the starting position, swinging the weights back down. | 5. Repeat with your left foot and continue alternating legs for the desired number of repetitions."
"EX-0054";"0054";"Avanço com barra";"barbell lunge";"Pernas";"Barra";"Glúteos";"quadríceps, isquiotibiais, panturrilhas";"Sem sprites; sem mapeamento de animação";"";"0054-barbell-lunge";"1. Start by standing with your feet shoulder-width apart and a barbell resting on your upper back. | 2. Take a step forward with your right foot, keeping your torso upright. | 3. Lower your body by bending your right knee until your thigh is parallel to the ground. | 4. Push through your right heel to return to the starting position. | 5. Repeat with your left leg, alternating legs for the desired number of repetitions."
"EX-0336";"0336";"Avanço com halteres";"dumbbell lunge";"Pernas";"Haltere";"Glúteos";"quadríceps, isquiotibiais, panturrilhas";"Sem sprites; sem mapeamento de animação";"";"0336-dumbbell-lunge";"1. Stand with your feet shoulder-width apart, holding a dumbbell in each hand. | 2. Take a step forward with your right foot, lowering your body into a lunge position. | 3. Keep your back straight and your chest up as you lower your body. | 4. Push through your right heel to return to the starting position. | 5. Repeat with your left leg. | 6. Alternate legs for the desired number of repetitions."
"EX-3582";"3582";"Avanço com salto";"lunge with jump";"Pernas";"Peso corporal";"Glúteos";"quadríceps, isquiotibiais, panturrilhas";"Sem sprites; sem mapeamento de animação";"";"3582-lunge-with-jump";"1. Start by standing with your feet shoulder-width apart. | 2. Take a step forward with your right foot, lowering your body into a lunge position. | 3. Push off with your right foot and jump into the air, switching the position of your feet mid-air. | 4. Land softly with your left foot forward and immediately lower your body into a lunge position. | 5. Continue alternating between lunges and jumps for the desired number of repetitions."
"EX-3635";"3635";"Avanço contralateral para a frente com halteres";"dumbbell contralateral forward lunge";"Pernas";"Haltere";"Glúteos";"quadríceps, isquiotibiais, panturrilhas";"Sem sprites; sem mapeamento de animação";"";"3635-dumbbell-contralateral-forward-lunge";"1. Stand with your feet shoulder-width apart, holding a dumbbell in each hand. | 2. Take a step forward with your right foot, keeping your back straight and core engaged. | 3. Lower your body by bending both knees until your right thigh is parallel to the ground. | 4. Push through your right heel to return to the starting position. | 5. Repeat with your left leg. | 6. Alternate legs for the desired number of repetitions."
"EX-0769";"0769";"Avanço de velocista no aparelho Smith";"smith sprint lunge";"Pernas";"Máquina Smith";"Glúteos";"quadríceps, isquiotibiais, panturrilhas";"Sem sprites; sem mapeamento de animação";"";"0769-smith-sprint-lunge";"1. Set up the smith machine with the barbell at hip height. | 2. Stand facing away from the machine with your feet shoulder-width apart. | 3. Step back with your right foot and place it on the barbell, resting the top of your foot on the bar. | 4. Bend your left knee and lower your body into a lunge position, keeping your back straight. | 5. Push through your left heel to return to the starting position. | 6. Repeat on the other side, stepping back with your left foot. | 7. Continue alternating sides for the desired number of repetitions."
"EX-1410";"1410";"Avanço lateral com barra";"barbell lateral lunge";"Pernas";"Barra";"Glúteos";"quadríceps, isquiotibiais, panturrilhas";"Sem sprites; sem mapeamento de animação";"";"1410-barbell-lateral-lunge";"1. Stand with your feet shoulder-width apart, holding a barbell across your upper back. | 2. Take a big step to the side with your right foot, keeping your left foot planted. | 3. Bend your right knee and lower your body down into a lunge position, keeping your left leg straight. | 4. Push off with your right foot and return to the starting position. | 5. Repeat on the other side, stepping with your left foot."
"EX-0536";"0536";"Avanço pass através com kettlebell";"kettlebell lunge pass through";"Pernas";"Kettlebell";"Glúteos";"quadríceps, isquiotibiais, panturrilhas";"Sem sprites; sem mapeamento de animação";"";"0536-kettlebell-lunge-pass-through";"1. Stand with your feet shoulder-width apart, holding a kettlebell in front of your chest with both hands. | 2. Take a step forward with your right foot, lowering your body into a lunge position. | 3. As you lunge forward, pass the kettlebell under your right thigh and transfer it to your left hand. | 4. Push off with your right foot to return to the starting position, while simultaneously passing the kettlebell back to your right hand. | 5. Repeat the lunge on the opposite side, passing the kettlebell under your left thigh. | 6. Continue alternating lunges and passing the kettlebell between hands for the desired number of repetitions."
"EX-0078";"0078";"Avanço posterior com barra";"barbell rear lunge";"Pernas";"Barra";"Glúteos";"quadríceps, isquiotibiais, panturrilhas";"Sem sprites; sem mapeamento de animação";"";"0078-barbell-rear-lunge";"1. Start by standing with your feet shoulder-width apart and a barbell resting on your upper back. | 2. Take a step backward with your right foot, landing on the ball of your foot. | 3. Bend both knees to lower your body until your left thigh is parallel to the ground. | 4. Push through your left heel to return to the starting position. | 5. Repeat with the other leg."
"EX-0077";"0077";"Avanço posterior versão 2 com barra";"barbell rear lunge v. 2";"Pernas";"Barra";"Glúteos";"quadríceps, isquiotibiais, panturrilhas";"Sem sprites; sem mapeamento de animação";"";"0077-barbell-rear-lunge-v-2";"1. Stand with your feet shoulder-width apart and hold a barbell across your upper back. | 2. Take a step backward with your right foot, landing on the ball of your foot. | 3. Bend both knees to lower your body until your left thigh is parallel to the ground. | 4. Push through your left heel to return to the starting position. | 5. Repeat with the other leg."
"EX-2400";"2400";"Barra fixa inverso flexão de pernas (no cabo máquina)";"inverse leg curl (on pull-up cable machine)";"Pernas";"Peso corporal";"Isquiotibiais";"glúteos, panturrilhas";"Sem sprites; sem mapeamento de animação";"";"2400-inverse-leg-curl-on-pull-up-cable-machine";"1. Adjust the cable machine so that the ankle straps are at the lowest setting. | 2. Lie face down on the bench with your legs extended and the ankle straps attached to your feet. | 3. Hold onto the handles of the bench for stability. | 4. Bend your knees and curl your legs towards your glutes, squeezing your hamstrings. | 5. Pause for a moment at the top of the movement, then slowly lower your legs back to the starting position. | 6. Repeat for the desired number of repetitions."
"EX-0749";"0749";"Bom-dia com joelhos flexionados no aparelho Smith";"smith bent knee good morning";"Pernas";"Máquina Smith";"Glúteos";"isquiotibiais, região lombar";"Sem sprites; sem mapeamento de animação";"";"0749-smith-bent-knee-good-morning";"1. Start by standing with your feet shoulder-width apart, toes pointing forward. | 2. Place the barbell across your upper back, resting it on your traps. | 3. Bend your knees slightly and hinge forward at the hips, keeping your back straight. | 4. Lower your torso until it is parallel to the ground, feeling a stretch in your hamstrings. | 5. Engage your glutes and hamstrings to raise your torso back up to the starting position. | 6. Repeat for the desired number of repetitions."
"EX-0090";"0090";"Bom-dia sentado com barra";"barbell seated good morning";"Pernas";"Barra";"Glúteos";"isquiotibiais, região lombar";"Sem sprites; sem mapeamento de animação";"";"0090-barbell-seated-good-morning";"1. Sit on a bench with your feet flat on the ground and a barbell resting on your upper back. | 2. Keep your back straight and your chest up. | 3. Slowly hinge forward at the hips, lowering your torso towards the ground. | 4. Pause for a moment at the bottom, then push through your heels to return to the starting position. | 5. Repeat for the desired number of repetitions."
"EX-3759";"3759";"Bom-dia sentado na máquina articulada";"lever seated good morning";"Pernas";"Máquina articulada";"Glúteos";"isquiotibiais, região lombar";"Sem sprites; sem mapeamento de animação";"";"3759-lever-seated-good-morning";"1. Adjust the seat height so that your hips are slightly higher than your knees. | 2. Sit on the machine with your back against the pad and your feet flat on the footrests. | 3. Grasp the handles or the sides of the seat for stability. | 4. Keeping your back straight, slowly lean forward from your hips until your upper body is parallel to the ground. | 5. Pause for a moment, then slowly return to the starting position by pushing through your glutes and hamstrings. | 6. Repeat for the desired number of repetitions."
"EX-0115";"0115";"Bom-dia stiff perna com barra";"barbell stiff leg good morning";"Pernas";"Barra";"Glúteos";"isquiotibiais, região lombar";"Sem sprites; sem mapeamento de animação";"";"0115-barbell-stiff-leg-good-morning";"1. Stand with your feet shoulder-width apart and your knees slightly bent. | 2. Hold the barbell across your upper back, resting it on your traps. | 3. Keeping your back straight, hinge forward at the hips, pushing your glutes back. | 4. Lower your torso until it is parallel to the ground, feeling a stretch in your hamstrings. | 5. Engage your glutes and hamstrings to return to the starting position. | 6. Repeat for the desired number of repetitions."
"EX-0555";"0555";"Chute para fora sentado";"kick out sit";"Pernas";"Peso corporal";"Isquiotibiais";"quadríceps, glúteos";"Sem sprites; sem mapeamento de animação";"";"0555-kick-out-sit";"1. Sit on the edge of a bench or chair with your feet flat on the ground and your knees bent at a 90-degree angle. | 2. Lean back slightly and place your hands on the edge of the bench or chair for support. | 3. Engaging your hamstrings, lift your feet off the ground and extend your legs straight out in front of you. | 4. Pause for a moment at the top, then slowly bend your knees and bring your feet back towards your body. | 5. Repeat for the desired number of repetitions."
"EX-0295";"0295";"Clean com halteres";"dumbbell clean";"Pernas";"Haltere";"Glúteos";"isquiotibiais, quadríceps, panturrilhas";"Sem sprites; sem mapeamento de animação";"";"0295-dumbbell-clean";"1. Stand with your feet shoulder-width apart, holding a dumbbell in each hand with an overhand grip. | 2. Bend your knees and lower your hips into a squat position, keeping your back straight and chest up. | 3. Explosively extend your hips and knees, driving through your heels to jump off the ground. | 4. As you jump, shrug your shoulders and pull the dumbbells up towards your shoulders, keeping them close to your body. | 5. Catch the dumbbells at shoulder height, with your elbows pointing forward and your palms facing up. | 6. Lower the dumbbells back down to the starting position by reversing the movement. | 7. Repeat for the desired number of repetitions."
"EX-1427";"1427";"Com pernas estendidas externo quadril abdutor";"straight leg outer hip abductor";"Pernas";"Peso corporal";"Abdutores";"glúteos, isquiotibiais";"Sem sprites; sem mapeamento de animação";"";"1427-straight-leg-outer-hip-abductor";"1. Lie on your side with your legs straight and stacked on top of each other. | 2. Place your bottom arm under your head for support. | 3. Engage your core and lift your top leg as high as possible without rotating your hips or leaning backward. | 4. Pause for a moment at the top, then slowly lower your leg back down to the starting position. | 5. Repeat for the desired number of repetitions, then switch sides."
"EX-3643";"3643";"Cossaco agachamentos (masculino) com peso adicional";"weighted cossack squats (male)";"Pernas";"Com carga";"Glúteos";"quadríceps, isquiotibiais, panturrilhas";"Sem sprites; sem mapeamento de animação";"";"3643-weighted-cossack-squats-male";"1. Stand with your feet wider than shoulder-width apart and toes pointing slightly outward. | 2. Hold a weight in front of your chest with both hands. | 3. Shift your weight to one side and lower your body by bending the knee of the side you shifted towards, while keeping the other leg straight. | 4. Go as low as you can while maintaining balance and keeping your chest up. | 5. Push through the heel of the bent leg to return to the starting position. | 6. Repeat on the other side, alternating between legs."
"EX-0028";"0028";"Desenvolvimento clean e com barra";"barbell clean and press";"Pernas";"Barra";"Quadríceps";"isquiotibiais, glúteos, ombros, tríceps";"Sem sprites; sem mapeamento de animação";"";"0028-barbell-clean-and-press";"1. Stand with your feet shoulder-width apart and the barbell on the floor in front of you. | 2. Bend your knees and hinge at the hips to lower down and grip the barbell with an overhand grip, hands slightly wider than shoulder-width apart. | 3. Drive through your heels and extend your hips and knees to lift the barbell off the floor, keeping it close to your body. | 4. As the barbell reaches your thighs, explosively extend your hips, shrug your shoulders, and pull the barbell up towards your chest. | 5. As the barbell reaches chest height, quickly drop under it and catch it at shoulder level, with your elbows pointing forward and your palms facing up. | 6. From the catch position, press the barbell overhead by extending your arms and pushing the barbell straight up. | 7. Lower the barbell back down to the starting position and repeat for the desired number of repetitions."
"EX-3193";"3193";"Elevação de glúteos e posteriores de coxa";"glute-ham raise";"Pernas";"Peso corporal";"Isquiotibiais";"glúteos, região lombar";"Sem sprites; sem mapeamento de animação";"";"3193-glute-ham-raise";"1. Adjust the glute-ham raise machine to fit your body. | 2. Position yourself face down on the machine with your ankles secured. | 3. Place your hands on your chest or cross them over your chest. | 4. Engage your hamstrings and glutes to lift your upper body up towards the ceiling. | 5. Continue lifting until your body is in a straight line from your head to your heels. | 6. Pause for a moment at the top, then slowly lower your body back down to the starting position. | 7. Repeat for the desired number of repetitions."
"EX-0020";"0020";"Equilíbrio na prancha";"balance board";"Pernas";"Peso corporal";"Quadríceps";"panturrilhas, isquiotibiais, glúteos";"Sem sprites; sem mapeamento de animação";"";"0020-balance-board";"1. Place the balance board on a flat surface. | 2. Step onto the balance board with one foot, ensuring it is centered. | 3. Slowly shift your weight onto the foot on the balance board, keeping your core engaged. | 4. Maintain your balance and stability as you hold the position for a desired amount of time. | 5. Repeat the exercise with the other foot."
"EX-0130";"0130";"Extensão banco quadril";"bench hip extension";"Pernas";"Peso corporal";"Glúteos";"isquiotibiais";"Sem sprites; sem mapeamento de animação";"";"0130-bench-hip-extension";"1. Sit on a bench with your back against the bench and your feet flat on the ground. | 2. Place your hands on the bench for support. | 3. Engage your glutes and hamstrings, then lift your hips off the bench until your body forms a straight line from your knees to your shoulders. | 4. Pause for a moment at the top, then slowly lower your hips back down to the starting position. | 5. Repeat for the desired number of repetitions."
"EX-0675";"0675";"Extensão invertido hiper (na bola suíça)";"reverse hyper extension (on stability ball)";"Pernas";"Bola de estabilidade";"Glúteos";"isquiotibiais, região lombar";"Sem sprites; sem mapeamento de animação";"";"0675-reverse-hyper-extension-on-stability-ball";"1. Lie face down on a stability ball with your hips resting on the ball and your legs extended straight behind you. | 2. Place your hands on the ground in front of you for stability. | 3. Engaging your glutes and hamstrings, lift your legs up towards the ceiling as high as you can. | 4. Pause for a moment at the top, then slowly lower your legs back down to the starting position. | 5. Repeat for the desired number of repetitions."
"EX-3007";"3007";"Extensão perna com faixa elástica";"resistance band leg extension";"Pernas";"Faixa de resistência";"Quadríceps";"isquiotibiais";"Sem sprites; sem mapeamento de animação";"";"3007-resistance-band-leg-extension";"1. Attach the resistance band to a sturdy anchor point and secure it around your ankle. | 2. Stand facing the anchor point with your feet shoulder-width apart. | 3. Keeping your core engaged and your upper body stable, extend your leg straight out in front of you. | 4. Pause for a moment at the top, then slowly return your leg to the starting position. | 5. Repeat for the desired number of repetitions, then switch legs."
"EX-2286";"2286";"Extensão quadril versão 2 na máquina articulada";"lever hip extension v. 2";"Pernas";"Máquina articulada";"Glúteos";"isquiotibiais";"Sem sprites; sem mapeamento de animação";"";"2286-lever-hip-extension-v-2";"1. Adjust the machine to fit your body and sit on it with your back against the backrest. | 2. Place your feet on the footrests and grip the handles for stability. | 3. Engage your glutes and hamstrings, then push against the footrests to extend your hips and raise your legs backward. | 4. Pause for a moment at the top, then slowly lower your legs back to the starting position. | 5. Repeat for the desired number of repetitions."
"EX-2133";"2133";"Fazendeiro caminhada";"farmers walk";"Pernas";"Haltere";"Quadríceps";"panturrilhas, antebraços, core";"Sem sprites; sem mapeamento de animação";"";"2133-farmers-walk";"1. Stand up straight with a dumbbell in each hand, palms facing your sides. | 2. Keep your back straight and your shoulders back. | 3. Take small, controlled steps forward, maintaining an upright posture. | 4. Continue walking for the desired distance or time. | 5. To finish, stop walking and carefully lower the dumbbells to your sides."
"EX-0016";"0016";"Flexão assistida de posteriores de coxa em decúbito ventral";"assisted prone hamstring";"Pernas";"Assistido";"Isquiotibiais";"glúteos, região lombar";"Sem sprites; sem mapeamento de animação";"";"0016-assisted-prone-hamstring";"1. Lie face down on a mat or bench with your legs fully extended. | 2. Have a partner or use a resistance band to secure your ankles. | 3. Engage your hamstrings and lift your legs towards your glutes, keeping your knees straight. | 4. Pause for a moment at the top, then slowly lower your legs back down to the starting position. | 5. Repeat for the desired number of repetitions."
"EX-0642";"0642";"Flexão de braços externo perna chute";"outside leg kick push-up";"Pernas";"Peso corporal";"Glúteos";"quadríceps, isquiotibiais, panturrilhas";"Sem sprites; sem mapeamento de animação";"";"0642-outside-leg-kick-push-up";"1. Start in a push-up position with your hands slightly wider than shoulder-width apart and your feet together. | 2. Lower your body towards the ground by bending your elbows, keeping your back straight and core engaged. | 3. As you push back up, kick one leg out to the side, extending it fully and engaging your glutes. | 4. Return your leg to the starting position and repeat the push-up, alternating legs with each repetition. | 5. Continue alternating leg kicks and push-ups for the desired number of repetitions."
"EX-0661";"0661";"Flexão de braços interno perna chute";"push-up inside leg kick";"Pernas";"Peso corporal";"Glúteos";"quadríceps, isquiotibiais, panturrilhas, core";"Sem sprites; sem mapeamento de animação";"";"0661-push-up-inside-leg-kick";"1. Start in a push-up position with your hands slightly wider than shoulder-width apart and your feet together. | 2. Lower your body towards the ground by bending your elbows, keeping your back straight and your core engaged. | 3. As you push back up, lift one leg off the ground and kick it out to the side, keeping it straight. | 4. Lower your leg back down and repeat the push-up, then switch to the other leg. | 5. Continue alternating leg kicks with each push-up repetition."
"EX-3662";"3662";"Flexão de braços pike até cobra";"pike-to-cobra push-up";"Pernas";"Peso corporal";"Glúteos";"core, ombros, tríceps";"Sem sprites; sem mapeamento de animação";"";"3662-pike-to-cobra-push-up";"1. Start in a push-up position with your hands slightly wider than shoulder-width apart and your feet together. | 2. Engage your core and lift your hips up towards the ceiling, forming an inverted V shape with your body. | 3. Lower your upper body towards the ground by bending your elbows, keeping them close to your body. | 4. As you lower down, shift your weight forward and transition into a cobra pose by straightening your arms and lifting your chest up. | 5. Reverse the movement by bending your elbows and lowering your chest back down towards the ground. | 6. Push through your hands to return to the inverted V position. | 7. Continue the movement by lowering your hips back down towards the ground, returning to the starting push-up position. | 8. Repeat for the desired number of repetitions."
"EX-0778";"0778";"Flexão de braços spider caminhada";"spider crawl push up";"Pernas";"Peso corporal";"Glúteos";"core, peito, ombros";"Sem sprites; sem mapeamento de animação";"";"0778-spider-crawl-push-up";"1. Start in a push-up position with your hands slightly wider than shoulder-width apart and your feet together. | 2. Bring your right knee towards your right elbow, keeping it off the ground. | 3. As you bring your right knee back, simultaneously lower your body towards the ground by bending your elbows. | 4. Push back up to the starting position and repeat with your left knee towards your left elbow. | 5. Continue alternating sides for the desired number of repetitions."
"EX-0339";"0339";"Flexão de pernas deitado com halter";"dumbbell lying femoral";"Pernas";"Haltere";"Isquiotibiais";"glúteos";"Sem sprites; sem mapeamento de animação";"";"0339-dumbbell-lying-femoral";"1. Lie flat on your back with your legs extended and a dumbbell resting on your lower abdomen. | 2. Bend your knees and bring the dumbbell towards your glutes, keeping your feet flat on the ground. | 3. Pause for a moment at the top, then slowly lower the dumbbell back to the starting position. | 4. Repeat for the desired number of repetitions."
"EX-1417";"1417";"Flexão de posteriores de coxa unilateral pernas diagonal chute na bola suíça";"exercise ball one legged diagonal kick hamstring curl";"Pernas";"Bola de estabilidade";"Glúteos";"isquiotibiais, panturrilhas";"Sem sprites; sem mapeamento de animação";"";"1417-exercise-ball-one-legged-diagonal-kick-hamstring-curl";"1. Start by lying on your back with your legs extended and your heels resting on top of the stability ball. | 2. Place your arms by your sides for stability. | 3. Engage your glutes and core muscles to lift your hips off the ground, creating a straight line from your shoulders to your heels. | 4. Bend your right knee and bring it towards your chest, keeping your left leg extended and your foot flexed. | 5. Kick your right leg diagonally across your body, extending it fully and engaging your hamstrings. | 6. Slowly return your right leg to the starting position, maintaining control and stability. | 7. Repeat the movement with your left leg, alternating sides for the desired number of repetitions."
"EX-1423";"1423";"Invertido hiper no banco reto";"reverse hyper on flat bench";"Pernas";"Peso corporal";"Glúteos";"isquiotibiais, região lombar";"Sem sprites; sem mapeamento de animação";"";"1423-reverse-hyper-on-flat-bench";"1. Lie face down on a flat bench with your hips at the edge and your legs hanging off the bench. | 2. Hold onto the bench for stability. | 3. Keeping your legs straight, raise them up towards the ceiling as high as you can. | 4. Squeeze your glutes at the top of the movement. | 5. Slowly lower your legs back down to the starting position. | 6. Repeat for the desired number of repetitions."
"EX-3667";"3667";"Lateral deitado quadril adução (masculino)";"side lying hip adduction (male)";"Pernas";"Peso corporal";"Adutores";"glúteos, isquiotibiais";"Sem sprites; sem mapeamento de animação";"";"3667-side-lying-hip-adduction-male";"1. Lie on your side with your legs straight and stacked on top of each other. | 2. Place your bottom arm under your head for support. | 3. Engage your adductors and lift your top leg as high as possible without rotating your hips or leaning backward. | 4. Pause for a moment at the top, then slowly lower your leg back down to the starting position. | 5. Repeat for the desired number of repetitions, then switch sides."
"EX-1774";"1774";"Lateral ponte quadril abdução";"side bridge hip abduction";"Pernas";"Peso corporal";"Abdutores";"glúteos, oblíquos";"Sem sprites; sem mapeamento de animação";"";"1774-side-bridge-hip-abduction";"1. Lie on your side with your legs extended and stacked on top of each other. | 2. Prop yourself up on your forearm, keeping your elbow directly below your shoulder. | 3. Engage your core and lift your hips off the ground, creating a straight line from your head to your feet. | 4. While keeping your core engaged, lift your top leg as high as possible without rotating your hips. | 5. Pause for a moment at the top, then lower your leg back down. | 6. Repeat for the desired number of repetitions, then switch sides."
"EX-1425";"1425";"Leg press 45 graus unilateral no trenó";"sled 45 degrees one leg press";"Pernas";"Trenó";"Glúteos";"quadríceps, isquiotibiais, panturrilhas";"Sem sprites; sem mapeamento de animação";"";"1425-sled-45-degrees-one-leg-press";"1. Adjust the sled machine to a 45-degree angle. | 2. Sit on the sled machine with your back against the pad and your feet on the footplate. | 3. Place one foot on the footplate and extend your leg, pushing the sled away from you. | 4. Slowly bend your knee and lower the sled back to the starting position. | 5. Repeat with the other leg. | 6. Continue alternating legs for the desired number of repetitions."
"EX-1463";"1463";"Leg press 45° (lateral pov) no trenó";"sled 45° leg press (side pov)";"Pernas";"Trenó";"Glúteos";"quadríceps, isquiotibiais, panturrilhas";"Sem sprites; sem mapeamento de animação";"";"1463-sled-45-leg-press-side-pov";"1. Adjust the seat of the sled machine so that your knees are at a 90-degree angle when your feet are on the footplate. | 2. Sit on the sled machine with your back flat against the backrest and your feet shoulder-width apart on the footplate. | 3. Grip the handles on the sides of the seat for stability. | 4. Push against the footplate to extend your legs, straightening them completely. | 5. Pause for a moment at the top, then slowly bend your knees to lower the footplate back to the starting position. | 6. Repeat for the desired number of repetitions."
"EX-1464";"1464";"Leg press 45° (vista traseira) no trenó";"sled 45в° leg press (back pov)";"Pernas";"Trenó";"Glúteos";"quadríceps, isquiotibiais, panturrilhas";"Sem sprites; sem mapeamento de animação";"";"1464-sled-45-leg-press-back-pov";"1. Adjust the seat of the sled machine so that your knees are at a 45-degree angle. | 2. Sit on the sled machine with your back against the backrest and your feet shoulder-width apart on the footplate. | 3. Grip the handles on the sides of the seat for stability. | 4. Push the footplate away from your body by extending your legs, keeping your heels on the footplate. | 5. Pause for a moment at the fully extended position. | 6. Slowly bend your knees and lower the footplate back towards your body, controlling the movement. | 7. Repeat for the desired number of repetitions."
"EX-0740";"0740";"Leg press 45° com pernas afastadas no trenó";"sled 45в° leg wide press";"Pernas";"Trenó";"Glúteos";"quadríceps, isquiotibiais, panturrilhas";"Sem sprites; sem mapeamento de animação";"";"0740-sled-45-leg-wide-press";"1. Adjust the sled machine to a 45-degree angle. | 2. Sit on the sled machine with your back against the pad and your feet on the foot platform. | 3. Position your feet wider than shoulder-width apart. | 4. Push against the foot platform to extend your legs and straighten your knees. | 5. Pause for a moment at the end of the movement, then slowly bend your knees to return to the starting position. | 6. Repeat for the desired number of repetitions."
"EX-2287";"2287";"Leg press alternado na máquina articulada";"lever alternate leg press";"Pernas";"Máquina articulada";"Quadríceps";"isquiotibiais, glúteos";"Sem sprites; sem mapeamento de animação";"";"2287-lever-alternate-leg-press";"1. Adjust the seat and foot platform of the leverage machine to your desired position. | 2. Sit on the machine with your back against the backrest and your feet on the foot platform. | 3. Place your hands on the handles or sides of the machine for stability. | 4. Push one foot against the foot platform, extending your leg until it is almost fully straight. | 5. Pause for a moment, then slowly bend your leg and return to the starting position. | 6. Repeat with the other leg. | 7. Continue alternating legs for the desired number of repetitions."
"EX-2611";"2611";"Leg press horizontal unilateral na máquina articulada";"lever horizontal one leg press";"Pernas";"Máquina articulada";"Glúteos";"quadríceps, isquiotibiais, panturrilhas";"Sem sprites; sem mapeamento de animação";"";"2611-lever-horizontal-one-leg-press";"1. Adjust the seat of the machine so that your knees are at a 90-degree angle when your feet are on the footplate. | 2. Sit on the machine with your back against the backrest and your feet shoulder-width apart on the footplate. | 3. Place your hands on the handles or sides of the machine for stability. | 4. Push the footplate away from your body by extending your leg, keeping your back against the backrest. | 5. Pause for a moment at the fully extended position, then slowly bend your leg to return to the starting position. | 6. Repeat for the desired number of repetitions, then switch legs."
"EX-0760";"0760";"Leg press no aparelho Smith";"smith leg press";"Pernas";"Máquina Smith";"Glúteos";"quadríceps, isquiotibiais, panturrilhas";"Sem sprites; sem mapeamento de animação";"";"0760-smith-leg-press";"1. Adjust the seat and footplate of the smith machine to a comfortable position. | 2. Sit on the machine with your back against the backrest and your feet shoulder-width apart on the footplate. | 3. Grasp the handles or sides of the machine for stability. | 4. Push the footplate away from you by extending your legs, keeping your back against the backrest. | 5. Pause for a moment at the fully extended position. | 6. Slowly bend your knees and lower the footplate back towards you, returning to the starting position. | 7. Repeat for the desired number of repetitions."
"EX-0300";"0300";"Levantamento terra com halteres";"dumbbell deadlift";"Pernas";"Haltere";"Glúteos";"isquiotibiais, região lombar";"Sem sprites; sem mapeamento de animação";"";"0300-dumbbell-deadlift";"1. Stand with your feet shoulder-width apart, toes pointing forward. | 2. Hold a dumbbell in each hand, palms facing your body, arms extended downwards. | 3. Bend at your hips and knees, lowering the dumbbells towards the ground while keeping your back straight. | 4. Push through your heels and extend your hips and knees, lifting the dumbbells back up to the starting position. | 5. Repeat for the desired number of repetitions."
"EX-0116";"0116";"Levantamento terra com pernas estendidas com barra";"barbell straight leg deadlift";"Pernas";"Barra";"Isquiotibiais";"glúteos, região lombar";"Sem sprites; sem mapeamento de animação";"";"0116-barbell-straight-leg-deadlift";"1. Stand with your feet shoulder-width apart and your toes pointing forward. | 2. Hold the barbell with an overhand grip, hands slightly wider than shoulder-width apart. | 3. Bend at your hips and lower the barbell towards the ground, keeping your back straight and your knees slightly bent. | 4. Lower the barbell until you feel a stretch in your hamstrings. | 5. Engage your hamstrings and glutes to lift the barbell back up to the starting position. | 6. Repeat for the desired number of repetitions."
"EX-0434";"0434";"Levantamento terra com pernas estendidas com halteres";"dumbbell straight leg deadlift";"Pernas";"Haltere";"Glúteos";"isquiotibiais, região lombar";"Sem sprites; sem mapeamento de animação";"";"0434-dumbbell-straight-leg-deadlift";"1. Stand with your feet shoulder-width apart, holding a dumbbell in each hand with an overhand grip. | 2. Keeping your back straight and your core engaged, hinge at the hips and lower the dumbbells towards the ground, allowing your torso to lean forward. | 3. Continue lowering the dumbbells until you feel a stretch in your hamstrings, keeping your knees slightly bent. | 4. Pause for a moment at the bottom, then engage your glutes and hamstrings to lift your torso back up to the starting position. | 5. Repeat for the desired number of repetitions."
"EX-0578";"0578";"Levantamento terra na máquina articulada";"lever deadlift";"Pernas";"Máquina articulada";"Glúteos";"isquiotibiais, quadríceps";"Sem sprites; sem mapeamento de animação";"";"0578-lever-deadlift";"1. Adjust the seat height and foot platform to your desired position. | 2. Sit on the machine with your back against the pad and your feet flat on the foot platform. | 3. Grasp the handles or the sides of the seat for stability. | 4. Engage your glutes and hamstrings, and push through your heels to lift the weight up. | 5. Keep your back straight and avoid rounding your shoulders. | 6. Extend your hips fully at the top of the movement, squeezing your glutes. | 7. Lower the weight back down in a controlled manner, keeping tension on your glutes and hamstrings. | 8. Repeat for the desired number of repetitions."
"EX-0752";"0752";"Levantamento terra no aparelho Smith";"smith deadlift";"Pernas";"Máquina Smith";"Glúteos";"isquiotibiais, quadríceps, região lombar";"Sem sprites; sem mapeamento de animação";"";"0752-smith-deadlift";"1. Set up the smith machine with the bar at hip height. | 2. Stand with your feet shoulder-width apart, toes pointing slightly outward. | 3. Bend at the hips and knees, keeping your back straight and chest up, and grip the bar with an overhand grip slightly wider than shoulder-width apart. | 4. Engage your core and lift the bar by extending your hips and knees, keeping the bar close to your body. | 5. Stand up straight, fully extending your hips and knees. | 6. Lower the bar back down by bending at the hips and knees, maintaining control and keeping your back straight. | 7. Repeat for the desired number of repetitions."
"EX-0157";"0157";"Levantamento terra no cabo";"cable deadlift";"Pernas";"Cabo";"Glúteos";"isquiotibiais, quadríceps, região lombar";"Sem sprites; sem mapeamento de animação";"";"0157-cable-deadlift";"1. Stand facing the cable machine with your feet shoulder-width apart. | 2. Bend at the hips and knees, lowering your torso until your back is parallel to the ground. | 3. Grasp the cable handles with an overhand grip, keeping your arms straight and your shoulders back. | 4. Engage your glutes and hamstrings to lift the cable handles, extending your hips and standing up straight. | 5. Pause for a moment at the top, then slowly lower the cable handles back down to the starting position. | 6. Repeat for the desired number of repetitions."
"EX-1009";"1009";"Levantamento terra stiff com faixa elástica";"band stiff leg deadlift";"Pernas";"Faixa elástica";"Glúteos";"isquiotibiais, região lombar";"Sem sprites; sem mapeamento de animação";"";"1009-band-stiff-leg-deadlift";"1. Stand with your feet shoulder-width apart and place the band around your ankles. | 2. Hold the band with both hands in front of your thighs, palms facing your body. | 3. Keeping your back straight and your core engaged, hinge at the hips and slowly lower your upper body towards the ground. | 4. As you lower, push your hips back and allow your knees to bend slightly. | 5. Lower the band towards the ground, feeling a stretch in your hamstrings. | 6. Pause for a moment at the bottom, then engage your glutes and hamstrings to lift your upper body back up to the starting position. | 7. Repeat for the desired number of repetitions."
"EX-0432";"0432";"Levantamento terra stiff com halteres";"dumbbell stiff leg deadlift";"Pernas";"Haltere";"Glúteos";"isquiotibiais, região lombar";"Sem sprites; sem mapeamento de animação";"";"0432-dumbbell-stiff-leg-deadlift";"1. Stand with your feet shoulder-width apart, holding a dumbbell in each hand with an overhand grip. | 2. Keeping your back straight and your core engaged, hinge at the hips and lower the dumbbells towards the ground, allowing a slight bend in your knees. | 3. Lower the dumbbells until you feel a stretch in your hamstrings, then squeeze your glutes and push through your heels to return to the starting position. | 4. Repeat for the desired number of repetitions."
"EX-1023";"1023";"Levantamento terra stiff estendido costas com faixa elástica";"band straight back stiff leg deadlift";"Pernas";"Faixa elástica";"Glúteos";"isquiotibiais, região lombar";"Sem sprites; sem mapeamento de animação";"";"1023-band-straight-back-stiff-leg-deadlift";"1. Stand with your feet shoulder-width apart and place the band around your upper legs. | 2. Hold the band with both hands in front of your thighs, palms facing your body. | 3. Keeping your back straight and your knees slightly bent, hinge at the hips and lower the band towards the ground. | 4. Feel the stretch in your hamstrings as you lower the band. | 5. Engage your glutes and hamstrings to lift your body back up to the starting position. | 6. Repeat for the desired number of repetitions."
"EX-0117";"0117";"Levantamento terra sumô com barra";"barbell sumo deadlift";"Pernas";"Barra";"Glúteos";"isquiotibiais, quadríceps, região lombar";"Sem sprites; sem mapeamento de animação";"";"0117-barbell-sumo-deadlift";"1. Stand with your feet wider than shoulder-width apart, toes pointing outwards. | 2. Place a barbell on the ground in front of you, centered between your feet. | 3. Bend your knees and lower your hips, keeping your back straight and chest up, to grip the barbell with an overhand grip. | 4. Engage your core and drive through your heels to lift the barbell off the ground, extending your hips and knees simultaneously. | 5. As you lift, keep your chest up and back straight, and push your hips forward to fully engage your glutes. | 6. Pause for a moment at the top, then slowly lower the barbell back down to the starting position, maintaining control throughout the movement. | 7. Repeat for the desired number of repetitions."
"EX-0811";"0811";"Levantamento terra trapézio barra";"trap bar deadlift";"Pernas";"Barra hexagonal";"Glúteos";"isquiotibiais, quadríceps, região lombar";"Sem sprites; sem mapeamento de animação";"";"0811-trap-bar-deadlift";"1. Stand with your feet shoulder-width apart and the trap bar on the ground in front of you. | 2. Bend at the hips and knees to lower yourself down and grip the handles of the trap bar with an overhand grip. | 3. Keep your back straight and chest up as you begin to lift the trap bar off the ground by extending your hips and knees. | 4. As you lift, focus on driving through your heels and squeezing your glutes at the top of the movement. | 5. Lower the trap bar back down to the ground by bending at the hips and knees, keeping your back straight throughout the movement. | 6. Repeat for the desired number of repetitions."
"EX-1756";"1756";"Levantamento terra unilateral com barra";"barbell single leg deadlift";"Pernas";"Barra";"Glúteos";"isquiotibiais, região lombar";"Sem sprites; sem mapeamento de animação";"";"1756-barbell-single-leg-deadlift";"1. Stand with your feet hip-width apart, holding a barbell in front of your thighs with an overhand grip. | 2. Shift your weight onto your left foot and lift your right foot slightly off the ground. | 3. Hinge forward at the hips, keeping your back straight and your right leg extended behind you for balance. | 4. Lower the barbell towards the ground, keeping it close to your body and your left leg slightly bent. | 5. Pause for a moment at the bottom, then engage your glutes and hamstrings to lift your torso back up to the starting position. | 6. Repeat for the desired number of repetitions, then switch sides."
"EX-2805";"2805";"Levantamento terra unilateral com caixa com apoio com halteres";"dumbbell single leg deadlift with stepbox support";"Pernas";"Haltere";"Glúteos";"isquiotibiais, região lombar";"Sem sprites; sem mapeamento de animação";"";"2805-dumbbell-single-leg-deadlift-with-stepbox-support";"1. Stand with your feet hip-width apart, holding a dumbbell in your right hand. | 2. Place your left foot on a stepbox or elevated surface behind you. | 3. Keeping your back straight and core engaged, hinge forward at the hips, lowering the dumbbell towards the ground. | 4. As you lower the dumbbell, simultaneously lift your left leg behind you, maintaining a straight line from head to heel. | 5. Lower the dumbbell until you feel a stretch in your right hamstring, then return to the starting position. | 6. Repeat for the desired number of repetitions, then switch sides."
"EX-0066";"0066";"Levantamento terra unilateral lateral com barra";"barbell one arm side deadlift";"Pernas";"Barra";"Glúteos";"isquiotibiais, quadríceps, região lombar";"Sem sprites; sem mapeamento de animação";"";"0066-barbell-one-arm-side-deadlift";"1. Stand with your feet shoulder-width apart, holding a barbell in one hand with an overhand grip. | 2. Keep your back straight and your core engaged. | 3. Bend at the hips and lower the barbell towards the outside of your leg, keeping your arm straight and your chest up. | 4. Lower the barbell as far as you can while maintaining good form. | 5. Pause for a moment, then slowly return to the starting position. | 6. Repeat for the desired number of repetitions, then switch sides."
"EX-3215";"3215";"Mãos invertido unidas circular toque nos pés (masculino)";"hands reversed clasped circular toe touch (male)";"Pernas";"Peso corporal";"Glúteos";"isquiotibiais, quadríceps, panturrilhas";"Sem sprites; sem mapeamento de animação";"";"3215-hands-reversed-clasped-circular-toe-touch-male";"1. Stand with your feet shoulder-width apart and your arms extended to the sides. | 2. Bend forward at the waist, keeping your back straight and your knees slightly bent. | 3. Reach down with your hands and clasp them together behind your legs. | 4. Slowly raise your hands up and over your head in a circular motion, keeping your legs straight. | 5. Continue the circular motion until your hands touch your toes. | 6. Reverse the motion and bring your hands back down to the starting position. | 7. Repeat for the desired number of repetitions."
"EX-3218";"3218";"Mãos unidas circular toque nos pés (masculino)";"hands clasped circular toe touch (male)";"Pernas";"Peso corporal";"Glúteos";"isquiotibiais, quadríceps, panturrilhas";"Sem sprites; sem mapeamento de animação";"";"3218-hands-clasped-circular-toe-touch-male";"1. Stand with your feet shoulder-width apart and your hands clasped together in front of your chest. | 2. Bend your knees slightly and hinge forward at the hips, keeping your back straight. | 3. Lower your hands towards your toes in a circular motion, reaching as far as you can without straining. | 4. Pause for a moment at the bottom, then slowly return to the starting position. | 5. Repeat for the desired number of repetitions."
"EX-0624";"0624";"Marcha sentado (parede)";"march sit (wall)";"Pernas";"Peso corporal";"Glúteos";"quadríceps, isquiotibiais, panturrilhas";"Sem sprites; sem mapeamento de animação";"";"0624-march-sit-wall";"1. Stand with your back against a wall and your feet hip-width apart. | 2. Slowly slide your back down the wall until your knees are bent at a 90-degree angle. | 3. Lift your right foot off the ground and bring your knee towards your chest. | 4. Lower your right foot back down and lift your left foot off the ground, bringing your knee towards your chest. | 5. Continue alternating between lifting your right and left foot for the desired number of repetitions."
"EX-0628";"0628";"Monstro caminhada";"monster walk";"Pernas";"Peso corporal";"Glúteos";"isquiotibiais, quadríceps";"Sem sprites; sem mapeamento de animação";"";"0628-monster-walk";"1. Place a resistance band around your ankles. | 2. Stand with your feet shoulder-width apart and slightly bend your knees. | 3. Take a step to the side with your right foot, maintaining tension on the resistance band. | 4. Follow with your left foot, stepping to the side to return to the starting position. | 5. Repeat for the desired number of repetitions, then switch sides."
"EX-3433";"3433";"Nadador chutes versão 2 (masculino)";"swimmer kicks v. 2 (male)";"Pernas";"Peso corporal";"Glúteos";"isquiotibiais, quadríceps, panturrilhas";"Sem sprites; sem mapeamento de animação";"";"3433-swimmer-kicks-v-2-male";"1. Lie face down on a mat with your arms extended overhead. | 2. Engage your core and lift your chest and legs off the ground simultaneously. | 3. Kick your legs up and down in a fluttering motion, as if you were swimming. | 4. Continue kicking for the desired number of repetitions. | 5. Lower your chest and legs back down to the starting position."
"EX-1422";"1422";"Pélvica inclinação para dentro ponte";"pelvic tilt into bridge";"Pernas";"Peso corporal";"Glúteos";"isquiotibiais, core";"Sem sprites; sem mapeamento de animação";"";"1422-pelvic-tilt-into-bridge";"1. Lie on your back with your knees bent and feet flat on the ground. | 2. Place your arms by your sides with your palms facing down. | 3. Engage your glutes and core muscles. | 4. Tilt your pelvis upward, lifting your hips off the ground. | 5. Hold the bridge position for a few seconds. | 6. Slowly lower your hips back down to the starting position. | 7. Repeat for the desired number of repetitions."
"EX-2459";"2459";"Pneu virada";"tire flip";"Pernas";"Pneu";"Glúteos";"isquiotibiais, quadríceps, core";"Sem sprites; sem mapeamento de animação";"";"2459-tire-flip";"1. Stand with your feet shoulder-width apart, facing the tire. | 2. Bend your knees and hinge at the hips, lowering into a squat position. | 3. Reach down and grab the bottom edge of the tire with both hands, fingers facing towards you. | 4. Engage your glutes and leg muscles, and explosively drive through your legs to lift the tire off the ground. | 5. As the tire flips over, use your upper body strength to guide it and maintain control. | 6. Once the tire is fully flipped, quickly step back and reset your stance. | 7. Repeat for the desired number of repetitions."
"EX-3523";"3523";"Ponte de glúteos dois pernas no banco (masculino)";"glute bridge two legs on bench (male)";"Pernas";"Peso corporal";"Glúteos";"isquiotibiais, core";"Sem sprites; sem mapeamento de animação";"";"3523-glute-bridge-two-legs-on-bench-male";"1. Sit on the edge of a bench with your back against it and your feet flat on the ground. | 2. Place your hands on the bench beside your hips for support. | 3. Engage your glutes and hamstrings, then lift your hips off the bench until your body forms a straight line from your knees to your shoulders. | 4. Pause for a moment at the top, then slowly lower your hips back down to the starting position. | 5. Repeat for the desired number of repetitions."
"EX-3562";"3562";"Ponte de glúteos dois pernas no banco (masculino) com barra";"barbell glute bridge two legs on bench (male)";"Pernas";"Barra";"Glúteos";"isquiotibiais, core";"Sem sprites; sem mapeamento de animação";"";"3562-barbell-glute-bridge-two-legs-on-bench-male";"1. Start by sitting on the edge of a bench with your upper back resting against it and your feet flat on the ground, hip-width apart. | 2. Place a barbell across your hips, holding it securely with both hands. | 3. Engage your glutes and core muscles, then press through your heels to lift your hips off the bench, creating a straight line from your knees to your shoulders. | 4. Pause for a moment at the top, squeezing your glutes. | 5. Slowly lower your hips back down to the starting position. | 6. Repeat for the desired number of repetitions."
"EX-0668";"0668";"Posterior declinado ponte";"rear decline bridge";"Pernas";"Peso corporal";"Glúteos";"isquiotibiais, região lombar";"Sem sprites; sem mapeamento de animação";"";"0668-rear-decline-bridge";"1. Lie on your back with your feet flat on the ground and your knees bent. | 2. Place your arms by your sides with your palms facing down. | 3. Engage your glutes and hamstrings, and lift your hips off the ground until your body forms a straight line from your knees to your shoulders. | 4. Hold this position for a few seconds, then slowly lower your hips back down to the starting position. | 5. Repeat for the desired number of repetitions."
"EX-0648";"0648";"Potência clean";"power clean";"Pernas";"Barra";"Isquiotibiais";"glúteos, quadríceps, panturrilhas";"Sem sprites; sem mapeamento de animação";"";"0648-power-clean";"1. Start with the barbell on the ground in front of you, with your feet shoulder-width apart. | 2. Bend down and grip the barbell with an overhand grip, slightly wider than shoulder-width apart. | 3. Keep your back straight and chest up as you lift the barbell off the ground, extending your hips and knees. | 4. As the barbell reaches your mid-thigh, explosively pull it upwards, shrugging your shoulders and pulling your elbows high and to the sides. | 5. As the barbell reaches its highest point, quickly drop underneath it, rotating your elbows around and catching the barbell on your shoulders in a front squat position. | 6. Stand up with the barbell, fully extending your hips and knees. | 7. Lower the barbell back down to the starting position, keeping control of the weight throughout the movement. | 8. Repeat for the desired number of repetitions."
"EX-1775";"1775";"Prancha lateral quadril adução";"side plank hip adduction";"Pernas";"Peso corporal";"Adutores";"oblíquos, glúteos";"Sem sprites; sem mapeamento de animação";"";"1775-side-plank-hip-adduction";"1. Start by lying on your side with your legs extended and stacked on top of each other. | 2. Prop yourself up on your forearm, keeping your elbow directly below your shoulder. | 3. Engage your core and lift your hips off the ground, creating a straight line from your head to your feet. | 4. While maintaining the side plank position, lift your top leg towards the ceiling, keeping it straight. | 5. Slowly lower your leg back down to the starting position. | 6. Repeat for the desired number of repetitions, then switch sides."
"EX-0196";"0196";"Pull-through (com corda) no cabo";"cable pull through (with rope)";"Pernas";"Cabo";"Glúteos";"isquiotibiais, região lombar";"Sem sprites; slug já reservado";"cable-pull-through";"0196-cable-pull-through";"1. Stand facing away from the cable machine with your feet shoulder-width apart. | 2. Grab the rope attachment with both hands and step forward, creating tension in the cable. | 3. Bend at the hips and lower your upper body until it is parallel to the ground, keeping your back straight. | 4. Engage your glutes and hamstrings to pull your body back up to the starting position. | 5. Repeat for the desired number of repetitions."
"EX-0991";"0991";"Pull-through com faixa elástica";"band pull through";"Pernas";"Faixa elástica";"Glúteos";"isquiotibiais, região lombar";"Sem sprites; sem mapeamento de animação";"";"0991-band-pull-through";"1. Attach a resistance band to a sturdy anchor point at ground level. | 2. Stand facing away from the anchor point with your feet shoulder-width apart. | 3. Step forward to create tension in the band, keeping your knees slightly bent. | 4. Hinge at the hips and push your glutes back, maintaining a slight bend in your knees. | 5. Lower your torso until it is parallel to the ground, feeling a stretch in your hamstrings. | 6. Drive your hips forward and squeeze your glutes to return to the starting position. | 7. Repeat for the desired number of repetitions."
"EX-2808";"2808";"Pull-through sumô com halteres";"dumbbell sumo pull through";"Pernas";"Haltere";"Glúteos";"isquiotibiais, quadríceps, core";"Sem sprites; sem mapeamento de animação";"";"2808-dumbbell-sumo-pull-through";"1. Stand with your feet wider than shoulder-width apart, toes pointed outwards. | 2. Hold a dumbbell with both hands in front of your body, arms extended. | 3. Bend your knees and lower your hips down into a squat position, keeping your back straight. | 4. Lower the dumbbell down between your legs, keeping your arms straight. | 5. Drive through your heels and extend your hips forward, pulling the dumbbell up and in front of your body. | 6. Squeeze your glutes at the top of the movement, then lower the dumbbell back down between your legs. | 7. Repeat for the desired number of repetitions."
"EX-3533";"3533";"Quadríceps";"quads";"Pernas";"Peso corporal";"Quadríceps";"isquiotibiais, glúteos";"Sem sprites; sem mapeamento de animação";"";"3533-quads";"1. Stand with your feet shoulder-width apart. | 2. Lower your body by bending your knees and pushing your hips back as if sitting on a chair. | 3. Keep your chest up and your back straight. | 4. Lower yourself until your thighs are parallel to the ground. | 5. Push through your heels to return to the starting position. | 6. Repeat for the desired number of repetitions."
"EX-3236";"3236";"Quadril elevações ajoelhado (feminino) com faixa elástica";"resistance band hip thrusts on knees (female)";"Pernas";"Faixa de resistência";"Glúteos";"isquiotibiais, quadríceps";"Sem sprites; sem mapeamento de animação";"";"3236-resistance-band-hip-thrusts-on-knees-female";"1. Start by kneeling on the ground with your knees hip-width apart and your feet flexed. | 2. Wrap the resistance band around your thighs, just above your knees. | 3. Place your hands on your hips or extend them out in front of you for balance. | 4. Engage your glutes and core muscles. | 5. Push your hips forward and squeeze your glutes as you lift your knees off the ground, extending your hips until your thighs are parallel to the ground. | 6. Hold the position for a moment, then slowly lower your knees back down to the starting position. | 7. Repeat for the desired number of repetitions."
"EX-1582";"1582";"Reclinado grande dedos dos pés posição com corda";"reclining big toe pose with rope";"Pernas";"Corda";"Isquiotibiais";"panturrilhas, glúteos";"Sem sprites; sem mapeamento de animação";"";"1582-reclining-big-toe-pose-with-rope";"1. Lie on your back with your legs extended and your arms by your sides. | 2. Loop the rope around the ball of your right foot and hold the ends of the rope with your hands. | 3. Slowly raise your right leg towards your chest, keeping your knee straight and your foot flexed. | 4. Hold the stretch for a few seconds, then slowly lower your leg back down to the starting position. | 5. Repeat with your left leg. | 6. Continue alternating legs for the desired number of repetitions."
"EX-0582";"0582";"Rosca ajoelhado perna na máquina articulada";"lever kneeling leg curl";"Pernas";"Máquina articulada";"Isquiotibiais";"glúteos";"Sem sprites; sem mapeamento de animação";"";"0582-lever-kneeling-leg-curl";"1. Adjust the machine to fit your body and select the desired weight. | 2. Kneel on the machine facing downwards, with your knees resting on the pad and your feet secured under the footpads. | 3. Grasp the handles or the sides of the machine for stability. | 4. Keeping your upper body stationary, exhale and curl your legs up towards your glutes by flexing your knees. | 5. Pause for a moment at the top of the movement, squeezing your hamstrings. | 6. Inhale and slowly lower your legs back to the starting position, fully extending your knees. | 7. Repeat for the desired number of repetitions."
"EX-3235";"3235";"Rosca assistido inverso perna no cabo";"cable assisted inverse leg curl";"Pernas";"Cabo";"Isquiotibiais";"glúteos, panturrilhas";"Sem sprites; sem mapeamento de animação";"";"3235-cable-assisted-inverse-leg-curl";"1. Adjust the cable machine so that the ankle attachment is at the lowest setting. | 2. Lie face down on the bench with your legs straight and the ankle attachment secured to your ankles. | 3. Hold onto the handles of the bench for stability. | 4. Keeping your upper body stationary, exhale and curl your legs up towards your glutes by flexing your knees. | 5. Pause for a moment at the top of the movement, squeezing your hamstrings. | 6. Inhale and slowly lower your legs back to the starting position. | 7. Repeat for the desired number of repetitions."
"EX-0697";"0697";"Rosca auto assistido inverso perna";"self assisted inverse leg curl";"Pernas";"Peso corporal";"Isquiotibiais";"glúteos, panturrilhas";"Sem sprites; sem mapeamento de animação";"";"0697-self-assisted-inverse-leg-curl";"1. Lie flat on your back on a mat or bench with your legs extended. | 2. Place your hands by your sides or under your glutes for support. | 3. Bend your knees and lift your feet off the ground, bringing your thighs towards your chest. | 4. Pause for a moment at the top, then slowly lower your legs back to the starting position. | 5. Repeat for the desired number of repetitions."
"EX-1766";"1766";"Rosca auto assistido inverso perna";"self assisted inverse leg curl";"Pernas";"Peso corporal";"Isquiotibiais";"glúteos, panturrilhas";"Sem sprites; sem mapeamento de animação";"";"1766-self-assisted-inverse-leg-curl";"1. Lie face down on a leg curl machine with your legs extended and your ankles hooked under the padded lever. | 2. Place your hands on the side handles of the machine for support. | 3. Keeping your upper body stationary, exhale and curl your legs upward as far as possible. | 4. Hold the contracted position for a brief pause as you squeeze your hamstrings. | 5. Slowly lower your legs back to the starting position while inhaling. | 6. Repeat for the desired number of repetitions."
"EX-0696";"0696";"Rosca auto assistido inverso perna (no chão)";"self assisted inverse leg curl (on floor)";"Pernas";"Peso corporal";"Isquiotibiais";"glúteos, panturrilhas";"Sem sprites; sem mapeamento de animação";"";"0696-self-assisted-inverse-leg-curl-on-floor";"1. Lie flat on your back with your legs extended and your arms by your sides. | 2. Bend your knees and place your feet flat on the ground, hip-width apart. | 3. Lift your hips off the ground, engaging your glutes and hamstrings. | 4. Slowly curl your legs towards your glutes, keeping your hips lifted. | 5. Pause for a moment at the top, then slowly extend your legs back to the starting position. | 6. Lower your hips back down to the ground. | 7. Repeat for the desired number of repetitions."
"EX-3195";"3195";"Rosca deitado dois unilateral na máquina articulada";"lever lying two-one leg curl";"Pernas";"Máquina articulada";"Isquiotibiais";"glúteos";"Sem sprites; sem mapeamento de animação";"";"3195-lever-lying-two-one-leg-curl";"1. Adjust the machine to fit your body and sit on it with your back against the backrest. | 2. Place your legs on the lever pad, just above your ankles. | 3. Grasp the handles on the sides of the machine for support. | 4. Keeping your upper body still, exhale and curl your legs up towards your glutes. | 5. Pause for a moment at the top, then inhale and slowly lower your legs back to the starting position. | 6. Repeat for the desired number of repetitions."
"EX-0795";"0795";"Rosca em pé unilateral";"standing single leg curl";"Pernas";"Peso corporal";"Isquiotibiais";"glúteos";"Sem sprites; sem mapeamento de animação";"";"0795-standing-single-leg-curl";"1. Stand with your feet hip-width apart and your hands on your hips. | 2. Shift your weight onto your left leg and lift your right foot off the ground, bending your knee. | 3. Slowly curl your right heel towards your glutes, squeezing your hamstring. | 4. Pause for a moment at the top, then slowly lower your right foot back down to the starting position. | 5. Repeat for the desired number of repetitions, then switch legs."
"EX-0496";"0496";"Rosca inverso perna (banco com apoio)";"inverse leg curl (bench support)";"Pernas";"Peso corporal";"Isquiotibiais";"glúteos, panturrilhas";"Sem sprites; sem mapeamento de animação";"";"0496-inverse-leg-curl-bench-support";"1. Lie face down on a bench with your hips at the edge and your legs extended straight behind you. | 2. Hold onto the bench for support. | 3. Keeping your upper body still, bend your knees and curl your legs towards your glutes. | 4. Pause for a moment at the top, then slowly extend your legs back to the starting position. | 5. Repeat for the desired number of repetitions."
"EX-0599";"0599";"Rosca sentado perna na máquina articulada";"lever seated leg curl";"Pernas";"Máquina articulada";"Isquiotibiais";"panturrilhas";"Sem sprites; slug já reservado";"seated-leg-curl";"0599-seated-leg-curl";"1. Adjust the machine to fit your body and sit on it with your back against the backrest. | 2. Place your lower legs under the padded lever, just above your ankles. | 3. Grasp the handles on the sides of the machine for support. | 4. Keeping your upper legs stationary, exhale and curl your legs up as far as possible. | 5. Hold the contracted position for a brief pause as you squeeze your hamstrings. | 6. Inhale and slowly lower the lever back to the starting position. | 7. Repeat for the desired number of repetitions."
"EX-3639";"3639";"Rotação com joelhos flexionados deitado (masculino)";"bent knee lying twist (male)";"Pernas";"Peso corporal";"Glúteos";"oblíquos, flexores do quadril";"Sem sprites; sem mapeamento de animação";"";"3639-bent-knee-lying-twist-male";"1. Lie flat on your back with your knees bent and feet flat on the ground. | 2. Extend your arms out to the sides, perpendicular to your body. | 3. Keeping your knees together, slowly lower them to one side, aiming to touch the ground with your knees. | 4. Pause for a moment, then engage your core and slowly lift your knees back to the starting position. | 5. Repeat the movement to the other side. | 6. Continue alternating sides for the desired number of repetitions."
"EX-0984";"0984";"Rotação interna de quadril deitado com faixa elástica";"band lying hip internal rotation";"Pernas";"Faixa elástica";"Glúteos";"isquiotibiais, quadríceps";"Sem sprites; sem mapeamento de animação";"";"0984-band-lying-hip-internal-rotation";"1. Lie on your back with your legs straight and a resistance band looped around your feet. | 2. Bend your knees and bring them towards your chest, keeping your feet together. | 3. Slowly rotate your knees outwards, away from each other, while keeping your feet together. | 4. Pause for a moment at the end of the rotation, then slowly return to the starting position. | 5. Repeat for the desired number of repetitions."
"EX-1466";"1466";"Rotação quadril elevação";"twist hip lift";"Pernas";"Peso corporal";"Glúteos";"oblíquos, isquiotibiais";"Sem sprites; sem mapeamento de animação";"";"1466-twist-hip-lift";"1. Lie on your back with your knees bent and feet flat on the ground. | 2. Place your hands by your sides for support. | 3. Engage your glutes and lift your hips off the ground, forming a straight line from your knees to your shoulders. | 4. While keeping your hips lifted, twist your lower body to the right side, bringing your knees towards the ground. | 5. Return to the starting position and repeat the twist to the left side. | 6. Continue alternating twists for the desired number of repetitions."
"EX-0996";"0996";"Rotação sentado quadril interna com faixa elástica";"band seated hip internal rotation";"Pernas";"Faixa elástica";"Glúteos";"isquiotibiais, quadríceps";"Sem sprites; sem mapeamento de animação";"";"0996-band-seated-hip-internal-rotation";"1. Sit on a chair or bench with your back straight and feet flat on the ground. | 2. Place a resistance band around your thighs, just above your knees. | 3. Keep your knees bent at a 90-degree angle and your feet shoulder-width apart. | 4. Engage your glutes and slowly rotate your knees outward, pushing against the resistance of the band. | 5. Pause for a moment at the end of the movement, then slowly return to the starting position. | 6. Repeat for the desired number of repetitions."
"EX-1416";"1416";"Rotação unilateral da parte inferior do corpo em decúbito ventral na bola suíça";"exercise ball one leg prone lower body rotation";"Pernas";"Bola de estabilidade";"Glúteos";"isquiotibiais, quadríceps, core";"Sem sprites; sem mapeamento de animação";"";"1416-exercise-ball-one-leg-prone-lower-body-rotation";"1. Lie face down on the stability ball with your hips resting on the ball and your legs extended straight behind you. | 2. Place your hands on the ground in front of you for support. | 3. Engage your glutes and core muscles to stabilize your body. | 4. Slowly lift one leg off the ground, keeping it straight and parallel to the floor. | 5. Rotate your leg outward, away from your body, while keeping your hips and upper body stable. | 6. Pause for a moment at the end of the rotation, then slowly return your leg to the starting position. | 7. Repeat the rotation with the other leg. | 8. Continue alternating legs for the desired number of repetitions."
"EX-1472";"1472";"Salto para a frente";"forward jump";"Pernas";"Peso corporal";"Quadríceps";"panturrilhas, isquiotibiais, glúteos";"Sem sprites; sem mapeamento de animação";"";"1472-forward-jump";"1. Stand with your feet shoulder-width apart. | 2. Bend your knees and lower your body into a squat position. | 3. Swing your arms back for momentum. | 4. Jump forward explosively, extending your hips, knees, and ankles. | 5. Land softly on the balls of your feet and immediately go into the next jump. | 6. Repeat for the desired number of repetitions."
"EX-1473";"1473";"Salto para trás";"backward jump";"Pernas";"Peso corporal";"Quadríceps";"isquiotibiais, glúteos, panturrilhas";"Sem sprites; sem mapeamento de animação";"";"1473-backward-jump";"1. Stand with your feet shoulder-width apart. | 2. Bend your knees slightly and jump backwards, pushing off with both feet. | 3. Land softly on the balls of your feet, bending your knees to absorb the impact. | 4. Repeat for the desired number of repetitions."
"EX-1587";"1587";"Sentado aberto ângulo posição sequência";"seated wide angle pose sequence";"Pernas";"Peso corporal";"Isquiotibiais";"quadríceps, panturrilhas";"Sem sprites; sem mapeamento de animação";"";"1587-seated-wide-angle-pose-sequence";"1. Sit on the ground with your legs extended in a wide angle. | 2. Flex your feet and engage your quadriceps. | 3. Place your hands on the ground behind you for support. | 4. Keeping your back straight, lean forward from your hips. | 5. Continue leaning forward until you feel a stretch in your hamstrings. | 6. Hold this position for a few breaths. | 7. Slowly release the stretch and return to the starting position. | 8. Repeat for the desired number of repetitions."
"EX-0598";"0598";"Sentado quadril adução na máquina articulada";"lever seated hip adduction";"Pernas";"Máquina articulada";"Adutores";"isquiotibiais, glúteos";"Sem sprites; slug já reservado";"hip-adduction-machine";"0598-hip-adduction-machine";"1. Adjust the seat height and position yourself on the machine with your back against the backrest. | 2. Place your feet on the footrests and grasp the handles for stability. | 3. Engage your adductor muscles and slowly bring your legs together, squeezing your inner thighs. | 4. Pause for a moment at the peak contraction, then slowly return to the starting position. | 5. Repeat for the desired number of repetitions."
"EX-2796";"2796";"Subida no banco avanço com halteres";"dumbbell step-up lunge";"Pernas";"Haltere";"Quadríceps";"glúteos, isquiotibiais, panturrilhas";"Sem sprites; sem mapeamento de animação";"";"2796-dumbbell-step-up-lunge";"1. Stand in front of a step or platform with a dumbbell in each hand, palms facing your sides. | 2. Place your right foot on the step, ensuring your entire foot is on the surface. | 3. Push through your right heel and lift your body up onto the step, bringing your left foot up as well. | 4. Once both feet are on the step, lower your left foot back down to the starting position, keeping your right foot on the step. | 5. Repeat the movement, alternating which foot you step up with each time. | 6. Continue for the desired number of repetitions."
"EX-0114";"0114";"Subida no banco com barra";"barbell step-up";"Pernas";"Barra";"Glúteos";"quadríceps, isquiotibiais, panturrilhas";"Sem sprites; sem mapeamento de animação";"";"0114-barbell-step-up";"1. Stand in front of a bench or step with a barbell resting on your upper back. | 2. Place one foot on the bench or step, ensuring your entire foot is in contact with the surface. | 3. Push through your heel and step up onto the bench or step, fully extending your hip and knee. | 4. Pause briefly at the top, then lower yourself back down to the starting position. | 5. Repeat with the opposite leg. | 6. Continue alternating legs for the desired number of repetitions."
"EX-1008";"1008";"Subida no banco com faixa elástica";"band step-up";"Pernas";"Faixa elástica";"Glúteos";"quadríceps, isquiotibiais, panturrilhas";"Sem sprites; sem mapeamento de animação";"";"1008-band-step-up";"1. Place a band around your thighs, just above your knees. | 2. Stand facing a step or platform with your feet hip-width apart. | 3. Step up onto the platform with your right foot, pushing through your heel. | 4. Extend your left leg behind you, keeping it straight. | 5. Lower your left foot back down to the ground. | 6. Repeat with your left foot stepping up onto the platform. | 7. Continue alternating legs for the desired number of repetitions."
"EX-0535";"0535";"Suspensão clean com kettlebell";"kettlebell hang clean";"Pernas";"Kettlebell";"Isquiotibiais";"glúteos, quadríceps, panturrilhas";"Sem sprites; sem mapeamento de animação";"";"0535-kettlebell-hang-clean";"1. Stand with your feet shoulder-width apart, holding a kettlebell in front of your thighs. | 2. Bend your knees slightly and hinge forward at the hips, keeping your back straight. | 3. Lower the kettlebell towards the ground, allowing it to swing between your legs. | 4. Quickly extend your hips and knees, using the momentum to swing the kettlebell up to shoulder height. | 5. As the kettlebell reaches shoulder height, rotate your wrists and catch the kettlebell in the rack position, with your elbow tucked in and the kettlebell resting on your forearm. | 6. Lower the kettlebell back down to the starting position between your legs, and repeat for the desired number of repetitions."
"EX-3214";"3214";"Toque circular nos pés com braços afastados (masculino)";"arms apart circular toe touch (male)";"Pernas";"Peso corporal";"Glúteos";"isquiotibiais, quadríceps, panturrilhas";"Sem sprites; sem mapeamento de animação";"";"3214-arms-apart-circular-toe-touch-male";"1. Stand with your feet shoulder-width apart and arms extended to the sides. | 2. Keeping your legs straight, bend forward at the waist and reach down towards your toes with your right hand. | 3. As you reach down, simultaneously lift your left leg straight up behind you, maintaining balance. | 4. Return to the starting position and repeat the movement with your left hand reaching towards your toes and your right leg lifting up behind you. | 5. Continue alternating sides for the desired number of repetitions."
"EX-0730";"0730";"Unilateral plataforma deslize";"single leg platform slide";"Pernas";"Peso corporal";"Isquiotibiais";"glúteos, quadríceps";"Sem sprites; sem mapeamento de animação";"";"0730-single-leg-platform-slide";"1. Start by standing with one foot on a platform or slide board. | 2. Bend your knee slightly and slide the foot on the platform backward, extending your leg. | 3. Keep your core engaged and maintain a straight posture throughout the movement. | 4. Slowly return to the starting position by sliding your foot back to the initial position. | 5. Repeat the movement for the desired number of repetitions, then switch legs."
"EX-0716";"0716";"Alongamento lateral do pescoço com auxílio da mão";"side push neck stretch";"Pescoço";"Peso corporal";"Elevador da escápula";"trapézio, esternocleidomastóideo";"Sem sprites; sem mapeamento de animação";"";"0716-side-push-neck-stretch";"1. Stand or sit up straight with your shoulders relaxed. | 2. Tilt your head to the right, bringing your right ear towards your right shoulder. | 3. Place your right hand on the left side of your head and gently apply pressure to increase the stretch. | 4. Hold the stretch for 15-30 seconds. | 5. Repeat on the other side, tilting your head to the left and applying pressure with your left hand. | 6. Repeat the stretch 2-3 times on each side."
"EX-1403";"1403";"Alongamento pescoço lateral";"neck side stretch";"Pescoço";"Peso corporal";"Elevador da escápula";"trapézio, esternocleidomastóideo";"Sem sprites; sem mapeamento de animação";"";"1403-neck-side-stretch";"1. Stand or sit up straight with your shoulders relaxed. | 2. Tilt your head to one side, bringing your ear towards your shoulder. | 3. Hold the stretch for 15-30 seconds. | 4. Repeat on the other side. | 5. Perform 2-4 sets on each side."
